PERIOD_BEGIN,PERIOD_END,PERIOD_DURATION,REGION_TYPE,REGION_TYPE_ID,TABLE_ID,IS_SEASONALLY_ADJUSTED,REGION,CITY,STATE,STATE_CODE,PROPERTY_TYPE,PROPERTY_TYPE_ID,MEDIAN_SALE_PRICE,MEDIAN_SALE_PRICE_MOM,MEDIAN_SALE_PRICE_YOY,MEDIAN_LIST_PRICE,MEDIAN_LIST_PRICE_MOM,MEDIAN_LIST_PRICE_YOY,MEDIAN_PPSF,MEDIAN_PPSF_MOM,MEDIAN_PPSF_YOY,MEDIAN_LIST_PPSF,MEDIAN_LIST_PPSF_MOM,MEDIAN_LIST_PPSF_YOY,HOMES_SOLD,HOMES_SOLD_MOM,HOMES_SOLD_YOY,PENDING_SALES,PENDING_SALES_MOM,PENDING_SALES_YOY,NEW_LISTINGS,NEW_LISTINGS_MOM,NEW_LISTINGS_YOY,INVENTORY,INVENTORY_MOM,INVENTORY_YOY,MONTHS_OF_SUPPLY,MONTHS_OF_SUPPLY_MOM,MONTHS_OF_SUPPLY_YOY,MEDIAN_DOM,MEDIAN_DOM_MOM,MEDIAN_DOM_YOY,AVG_SALE_TO_LIST,AVG_SALE_TO_LIST_MOM,AVG_SALE_TO_LIST_YOY,SOLD_ABOVE_LIST,SOLD_ABOVE_LIST_MOM,SOLD_ABOVE_LIST_YOY,PRICE_DROPS,PRICE_DROPS_MOM,PRICE_DROPS_YOY,OFF_MARKET_IN_TWO_WEEKS,OFF_MARKET_IN_TWO_WEEKS_MOM,OFF_MARKET_IN_TWO_WEEKS_YOY,PARENT_METRO_REGION,PARENT_METRO_REGION_METRO_CODE,LAST_UPDATED,Id
2020-07-01,2020-09-30,90,neighborhood,1,154428,0,"Oklahoma City, OK - Jackson",Oklahoma City,Oklahoma,OK,Single Family Residential,6,92500.0000,0.5040650407,2.7,68500.0000,0.01481481481,-0.08605737158,78.8001,0.3390296248,1.984182833,83.9310,0.1903232281,-0.04799354142,4,0.0000,1.0000,3,0.0000,0.5000,4,0.0000,1.0000,3,-0.25,2.0000,NULL,NULL,NULL,55.5000,-1,34.5000,0.9336,-0.008890126206,0.2564259895,0.2500,0,0.25,NULL,NULL,NULL,0.3333,-0.3333333333,-0.1666666667,"Oklahoma City, OK",36420,2025-08-01 14:37:32.7980000 +00:00,9407
2017-05-01,2017-07-31,90,neighborhood,1,55701,0,"Miami Beach, FL - North Shore",Miami Beach,Florida,FL,Single Family Residential,6,3010000.0000,-0.009868421053,NULL,4587500.0000,0,NULL,1066.9379,-0.01155450376,NULL,1246.0613,0,NULL,2,0.0000,NULL,1,-0.5000,NULL,2,0.0000,NULL,2,0,NULL,NULL,NULL,NULL,163.0000,69,NULL,0.8806,-0.02815022815,NULL,0.0000,0,NULL,NULL,NULL,NULL,0.0000,0,NULL,"Miami, FL",33124,2025-08-01 14:37:32.7980000 +00:00,9408
2021-03-01,2021-05-31,90,neighborhood,1,762062,0,"Bismarck, ND - Park Hill",Bismarck,North Dakota,ND,All Residential,-1,167880.0000,0.0648905804,0.01899848255,248500.0000,0.308583465,0.9497842291,115.0000,-0.03177878663,0.09924693287,108.2974,0.007696470063,-0.006262589287,9,0.1250,3.5000,9,0.1250,3.5000,6,-0.3333,-0.2500,8,0,-0.1111,NULL,NULL,NULL,65.0000,1,-35.0000,1.0003,-0.008272271037,0.002895309127,0.3333,-0.04166666667,-0.1666666667,NULL,NULL,NULL,0.0000,0,0,"Bismarck, ND",13900,2025-08-01 14:37:32.7980000 +00:00,9409
2013-02-01,2013-04-30,90,neighborhood,1,760675,0,"Wichita, KS - South Area",Wichita,Kansas,KS,Single Family Residential,6,85800.0000,-0.02389078498,0.2084507042,99500.0000,-0.004004004004,0.2453066333,55.2835,-0.009597152134,0.2988763932,58.0842,-0.004271476032,0.1255719432,17,0.0625,-0.2917,17,0.0625,-0.2917,15,-0.1176,-0.4000,31,0,-0.0606,NULL,NULL,NULL,178.0000,40.5,79.0000,0.9742,0.009124436224,0.014718766,0.2941,0.04411764706,0.1274509804,NULL,NULL,NULL,0.0000,0,0,"Wichita, KS",48620,2025-08-01 14:37:32.7980000 +00:00,9410
2023-08-01,2023-10-31,90,neighborhood,1,761934,0,"Wichita, KS - White Tail",Wichita,Kansas,KS,Townhouse,13,514000.0000,NULL,NULL,NULL,NULL,NULL,123.8853,NULL,NULL,NULL,NULL,NULL,1,0.0000,NULL,1,NULL,NULL,NULL,NULL,NULL,NULL,NULL,NULL,NULL,NULL,NULL,20.0000,NULL,NULL,0.9790,NULL,NULL,0.0000,NULL,NULL,NULL,NULL,NULL,0.0000,NULL,NULL,"Wichita, KS",48620,2025-08-01 14:37:32.7980000 +00:00,9411
2022-11-01,2023-01-31,90,neighborhood,1,764009,0,"Fort Mohave, AZ - Tierra Verde",Fort Mohave,Arizona,AZ,Single Family Residential,6,212000.0000,-0.01829127113,0.06,162000.0000,-0.2633015007,-0.1469194313,168.2479,-0.04801551698,0.2043007289,118.6813,-0.3201255887,-0.3402125154,5,-0.1667,0.6667,3,-0.4000,0.0000,1,-0.6667,-0.5000,NULL,NULL,NULL,NULL,NULL,NULL,87.0000,37.5,29.0000,0.9632,-0.007981154676,0.001436874432,0.0000,-0.1666666667,-0.3333333333,NULL,NULL,NULL,0.3333,-0.06666666667,0.3333333333,"Lake Havasu City, AZ",29420,2025-08-01 14:37:32.7980000 +00:00,9412
2019-10-01,2019-12-31,90,neighborhood,1,172074,0,"Dallas, TX - Ledbetter Gardens",Dallas,Texas,TX,All Residential,-1,169000.0000,-0.05056179775,-0.1105263158,154999.5000,-0.08284319527,-0.3094252618,147.2125,0.01156601654,0.1272720375,99.2538,-0.3257790189,-0.199669975,1,-0.5000,-0.6667,4,-0.2000,NULL,4,0.3333,0.0000,4,0,0.0000,NULL,NULL,NULL,53.0000,11,40.0000,1.0000,0.007635597683,0,0.0000,0,0,NULL,NULL,NULL,0.2500,0.05,NULL,"Dallas, TX",19124,2025-08-01 14:37:32.7980000 +00:00,9413
2015-09-01,2015-11-30,90,neighborhood,1,556680,0,"Enumclaw, WA - Central Enumclaw",Enumclaw,Washington,WA,All Residential,-1,265000.0000,0.06042416967,0.1622807018,271750.0000,-0.009115770283,0.1370292887,211.5385,0.2575864502,0.5299465733,171.5708,-0.05012049643,0.07171929961,7,0.4000,-0.6111,15,0.0714,-0.2500,14,-0.1250,0.2727,6,-0.3333333333,-0.2500,NULL,NULL,NULL,5.0000,-5,-28.0000,1.0020,-0.02671648147,0.004980922676,0.4286,0.02857142857,0.09523809524,NULL,NULL,NULL,0.5333,-0.0380952381,0.2833333333,"Seattle, WA",42644,2025-08-01 14:37:32.7980000 +00:00,9414
2021-09-01,2021-11-30,90,neighborhood,1,549684,0,"Virginia Beach, VA - Chic's Beach",Virginia Beach,Virginia,VA,Condo/Co-op,3,369900.0000,-0.07293233083,-0.2600520104,367900.0000,0,-0.3310909091,232.4806,0.005268012099,-0.1019241797,208.0825,0,-0.2522033534,17,0.1333,0.1333,11,-0.2667,0.1000,9,-0.4706,-0.1818,NULL,NULL,NULL,NULL,NULL,NULL,19.0000,-9,-27.0000,0.9964,0.009901470766,-0.004197318694,0.2353,0.03529411765,-0.03137254902,NULL,NULL,NULL,0.6364,-0.09696969697,-0.1636363636,"Virginia Beach, VA",47260,2025-08-01 14:37:32.7980000 +00:00,9415
2020-07-01,2020-09-30,90,neighborhood,1,349834,0,"Port Charlotte, FL - Section 36",Port Charlotte,Florida,FL,All Residential,-1,521000.0000,-0.2882513661,0.812173913,337250.0000,0.1633321835,NULL,173.1427,0,0.07017270507,196.5117,0.1598186865,NULL,4,0.3333,3.0000,6,0.2000,2.0000,4,-0.2000,NULL,3,-0.4,-0.2500,NULL,NULL,NULL,126.5000,44.5,112.5000,0.9687,-0.00883340794,-0.02297181926,0.0000,0,0,NULL,NULL,NULL,0.1667,-0.2333333333,0.1666666667,"Punta Gorda, FL",39460,2025-08-01 14:37:32.7980000 +00:00,9416
2014-02-01,2014-04-30,90,neighborhood,1,124783,0,"Albany, NY - Buckingham Lake-Crestwood",Albany,New York,NY,Condo/Co-op,3,214200.0000,-0.07737633742,-0.05736352234,199900.0000,0,-0.06979990693,173.5818,0.226924984,0.09432821332,161.9935,0,0.2370002858,1,-0.6667,-0.5000,1,-0.6667,-0.5000,4,1.0000,0.3333,1,0,-0.5000,NULL,NULL,NULL,6.0000,-71,-90.5000,1.0715,-0.006744052187,-0.008626626193,1.0000,0,0.5,NULL,NULL,NULL,0.0000,0,0,"Albany, NY",10580,2025-08-01 14:37:32.7980000 +00:00,9417
2021-07-01,2021-09-30,90,neighborhood,1,176779,0,"Fort Worth, TX - Jennings-May St. Louis",Fort Worth,Texas,TX,Single Family Residential,6,259500.0000,-0.07321428571,0.3951612903,255900.0000,0.04448979592,-0.4667639091,203.7347,0.1590239068,0.4896728641,143.6833,-0.0009689045477,0.06587337644,2,-0.3333,1.0000,2,0.0000,1.0000,1,-0.6667,0.0000,1,0,-0.6667,NULL,NULL,NULL,19.5000,-2.5,-44.5000,1.0354,0.0353653771,0.0559025019,0.5000,0.5,0.5,NULL,NULL,NULL,0.0000,0,0,"Fort Worth, TX",23104,2025-08-01 14:37:32.7980000 +00:00,9418
2024-08-01,2024-10-31,90,neighborhood,1,554844,0,"Pawtucket, RI - East Riverview",Pawtucket,Rhode Island,RI,Single Family Residential,6,395000.0000,0,0.2248062016,399900.0000,0,0.3334444815,336.1254,0,0.6318170852,343.2618,0,0.5543498763,2,0.0000,0.0000,1,-0.5000,-0.5000,1,0.0000,0.0000,NULL,NULL,NULL,NULL,NULL,NULL,34.0000,0,-3.0000,1.1231,0,0.1329019622,1.0000,0,0.5,NULL,NULL,NULL,1.0000,0.5,0.5,"Providence, RI",39300,2025-08-01 14:37:32.7980000 +00:00,9419
2018-07-01,2018-09-30,90,neighborhood,1,759880,0,"Ames, IA - Oak-Riverside",Ames,Iowa,IA,All Residential,-1,126000.0000,-0.05970149254,-0.2706222865,135000.0000,-0.03191107924,-0.1740593454,167.1088,0.02425954616,0.575560835,179.0451,0.05206783487,0.3825217413,3,-0.2500,-0.2500,3,-0.2500,-0.2500,3,-0.2500,-0.2500,1,0,-0.8000,NULL,NULL,NULL,41.0000,-5.5,-24.0000,0.9734,0.001516258053,-0.01635265075,0.0000,0,-0.5,NULL,NULL,NULL,0.0000,0,0,"Ames, IA",11180,2025-08-01 14:37:32.7980000 +00:00,9420
2018-03-01,2018-05-31,90,neighborhood,1,14314,0,"Mukilteo, WA - Harbour Pointe",Mukilteo,Washington,WA,Multi-Family (2-4 Unit),4,690000.0000,0,NULL,680000.0000,0,NULL,250.5447,0,NULL,246.9136,0,NULL,1,0.0000,NULL,1,0.0000,NULL,1,0.0000,NULL,NULL,NULL,NULL,NULL,NULL,NULL,5.0000,0,NULL,1.0147,0,NULL,1.0000,0,NULL,NULL,NULL,NULL,1.0000,0,NULL,"Seattle, WA",42644,2025-08-01 14:37:32.7980000 +00:00,9421
2015-03-01,2015-05-31,90,neighborhood,1,100877,0,"Chandler, AZ - Arrowhead Meadows",Chandler,Arizona,AZ,Single Family Residential,6,190000.0000,-0.0404040404,0.3571428571,157400.0000,-0.04548211037,-0.0738452486,119.8001,0.1520168793,0.0867578199,138.5118,0.02140920169,0.315378196,4,0.3333,0.3333,6,0.5000,2.0000,4,0.3333,1.0000,NULL,NULL,NULL,NULL,NULL,NULL,96.5000,-49.5,73.5000,0.9959,-0.004054054054,0.03087779065,0.0000,0,0,NULL,NULL,NULL,0.5000,0,0.5,"Phoenix, AZ",38060,2025-08-01 14:37:32.7980000 +00:00,9422
2017-01-01,2017-03-31,90,neighborhood,1,304197,0,"Libertyville, IL - Red Top Farm of Libertyville",Libertyville,Illinois,IL,All Residential,-1,385000.0000,0,-0.07618476305,379000.0000,-0.08652687395,-0.1385384703,158.2409,0,-0.03406322618,176.7724,-0.1108111518,0.003482753255,1,0.0000,-0.7500,2,1.0000,-0.7778,7,2.5000,0.7500,7,1.333333333,0.7500,NULL,NULL,NULL,4.0000,0,-216.5000,1.0132,0,0.05690157756,1.0000,0,1,NULL,NULL,NULL,1.0000,0,0.7777777778,"Lake County, IL",29404,2025-08-01 14:37:32.7980000 +00:00,9423
2024-07-01,2024-09-30,90,neighborhood,1,175452,0,"Austin, TX - East Congress",Austin,Texas,TX,Single Family Residential,6,605000.0000,0.08520179372,0.3908045977,599500.0000,0.2756676242,0.2111111111,440.6662,-0.035026015,0.2798479317,427.7250,0.01695402679,0.06968451404,7,0.1667,-0.2222,4,-0.5556,-0.6667,8,-0.3333,-0.3846,10,0,0.0000,NULL,NULL,NULL,41.0000,-17.5,-9.0000,0.9888,-0.02363308535,0.02070591917,0.4286,-0.07142857143,0.2063492063,NULL,NULL,NULL,0.2500,-0.1944444444,0,"Austin, TX",12420,2025-08-01 14:37:32.7980000 +00:00,9424
2015-11-01,2016-01-31,90,neighborhood,1,110488,0,"San Mateo, CA - North B-Tilton Avenue",San Mateo,California,CA,All Residential,-1,515000.0000,-0.06871609403,NULL,599000.0000,-0.1430615165,NULL,476.6228,-0.05541309922,NULL,553.4130,-0.09198205301,NULL,6,-0.2500,NULL,3,-0.5000,NULL,2,-0.3333,NULL,2,NULL,NULL,NULL,NULL,NULL,94.0000,40,NULL,0.9665,-0.0385456926,NULL,0.3333,-0.1666666667,NULL,NULL,NULL,NULL,0.0000,-0.1666666667,NULL,"San Francisco, CA",41884,2025-08-01 14:37:32.7980000 +00:00,9425
2020-10-01,2020-12-31,90,neighborhood,1,109388,0,"Larkspur, CA - Greenbrae East",Larkspur,California,CA,Single Family Residential,6,850000.0000,NULL,NULL,NULL,NULL,NULL,NULL,NULL,NULL,NULL,NULL,NULL,1,0.0000,NULL,1,NULL,NULL,NULL,NULL,NULL,NULL,NULL,NULL,NULL,NULL,NULL,478.0000,NULL,NULL,0.8509,NULL,NULL,0.0000,NULL,NULL,NULL,NULL,NULL,0.0000,NULL,NULL,"San Rafael, CA",42034,2025-08-01 14:37:32.7980000 +00:00,9426
2018-05-01,2018-07-31,90,neighborhood,1,551657,0,"Olga, FL - River Hall",Olga,Florida,FL,All Residential,-1,233587.5000,0.1034152909,0.1108403082,250495.0000,-0.02432801929,0.1274290279,123.1270,0,0.05370904112,124.4936,-0.01422858945,0.06583197021,26,-0.2121,-0.0370,17,-0.3929,-0.4516,16,0.2308,0.0000,26,0.08333333333,-0.0370,NULL,NULL,NULL,116.0000,24,-31.0000,0.9737,0.001561478853,-0.006430377648,0.0385,0.008158508159,0.03846153846,NULL,NULL,NULL,0.0000,0,-0.03225806452,"Cape Coral, FL",15980,2025-08-01 14:37:32.7980000 +00:00,9427
2015-02-01,2015-04-30,90,neighborhood,1,766035,0,"Los Angeles, CA - Pacoima Town Center",Los Angeles,California,CA,All Residential,-1,355000.0000,0.03953147877,0.2553063213,322500.0000,-0.07593123209,-0.02183803458,243.5897,-0.005083884087,0.05435489249,321.2640,0.09410750883,0.2539303106,9,0.1250,0.5000,15,0.0714,0.1538,16,0.7778,-0.2727,5,0.6666666667,-0.6667,NULL,NULL,NULL,43.0000,16,21.0000,0.9926,0.008333862914,0.003868875887,0.3333,0.08333333333,0,NULL,NULL,NULL,0.3333,0.2619047619,0.1025641026,"Los Angeles, CA",31084,2025-08-01 14:37:32.7980000 +00:00,9428
2020-10-01,2020-12-31,90,neighborhood,1,557363,0,"Golden Valley, MN - Downtown Golden Valley",Golden Valley,Minnesota,MN,Townhouse,13,297000.0000,0.0276816609,0.1092436975,284900.0000,-0.03390979993,0.003345659447,193.9374,0.06028069637,0.1031038616,192.2164,0.0154485768,0.07091828045,3,0.0000,0.5000,3,0.0000,2.0000,2,-0.5000,0.0000,NULL,NULL,NULL,NULL,NULL,NULL,27.0000,16,3.5000,0.9826,-0.003223296654,-0.01948847133,0.0000,0,-0.5,NULL,NULL,NULL,0.0000,-0.3333333333,0,"Minneapolis, MN",33460,2025-08-01 14:37:32.7980000 +00:00,9429
2023-07-01,2023-09-30,90,neighborhood,1,549517,0,"Palm Springs, FL - Lake Worth Corridor",Palm Springs,Florida,FL,Single Family Residential,6,329500.0000,-0.0558739255,-0.1154362416,386900.0000,0,0.03324876486,300.6429,0.04503477295,-0.06791558231,321.3508,0.006724882064,0.1365680551,12,0.7143,-0.1429,16,0.4545,-0.1111,17,0.3077,-0.0556,10,-0.1666666667,-0.2857,NULL,NULL,NULL,22.5000,-1.5,-20.0000,0.9891,-0.01488261657,-0.006859571815,0.4167,-0.0119047619,-0.0119047619,NULL,NULL,NULL,0.5000,-0.04545454545,-0.05555555556,"West Palm Beach, FL",48424,2025-08-01 14:37:32.7980000 +00:00,9430
2019-02-01,2019-04-30,90,neighborhood,1,94466,0,"St. Louis, MO - DeBaliviere Place",St. Louis,Missouri,MO,Condo/Co-op,3,126000.0000,-0.08363636364,-0.00198019802,171000.0000,-0.03607666291,0.3179190751,121.2500,-0.04706481481,-0.06289362639,139.1524,0.03948699421,-0.01982266588,13,0.0000,-0.0714,NULL,NULL,NULL,26,0.6250,-0.1875,20,0.6666666667,-0.3333,NULL,NULL,NULL,109.5000,-3.5,56.5000,0.9637,0.01074932731,0.003216144915,0.0769,0.07692307692,-0.06593406593,NULL,NULL,NULL,0.4615,0.1415384615,-0.1538461538,"St. Louis, MO",41180,2025-08-01 14:37:32.7980000 +00:00,9431
2018-03-01,2018-05-31,90,neighborhood,1,104571,0,"Phoenix, AZ - Coronado",Phoenix,Arizona,AZ,Townhouse,13,155000.0000,0,NULL,155000.0000,0,NULL,130.4714,0,NULL,130.4714,0,NULL,1,0.0000,NULL,1,0.0000,NULL,1,0.0000,NULL,NULL,NULL,NULL,NULL,NULL,NULL,2.0000,0,NULL,1.0000,0,NULL,0.0000,0,NULL,NULL,NULL,NULL,1.0000,0,NULL,"Phoenix, AZ",38060,2025-08-01 14:37:32.7980000 +00:00,9432
2013-08-01,2013-10-31,90,neighborhood,1,62640,0,"Danville, CA - Crow Canyon Country Club",Danville,California,CA,Townhouse,13,680000.0000,0,0.3064361191,637475.0000,-0.07605623596,0.2144694227,362.7600,-0.02359919771,0.06421137006,367.8209,0.0104533259,0.05622676173,3,-0.4000,-0.7000,5,0.0000,-0.6875,4,0.0000,-0.7895,2,0,-0.7500,NULL,NULL,NULL,6.0000,-3,-9.5000,1.0074,-0.0173816645,0.01340283661,0.6667,-0.1333333333,0.3666666667,NULL,NULL,NULL,0.4000,-0.2,-0.0375,"Oakland, CA",36084,2025-08-01 14:37:32.7980000 +00:00,9433
2025-04-01,2025-06-30,90,neighborhood,1,479241,0,"Santa Fe, NM - The Village at Rancho Viejo",Santa Fe,New Mexico,NM,Townhouse,13,420000.0000,0,NULL,NULL,NULL,NULL,321.5926,0,NULL,NULL,NULL,NULL,1,0.0000,NULL,1,0.0000,NULL,NULL,NULL,NULL,NULL,NULL,NULL,NULL,NULL,NULL,70.0000,0,NULL,0.9333,0,NULL,0.0000,0,NULL,NULL,NULL,NULL,0.0000,0,NULL,"Santa Fe, NM",42140,2025-08-01 14:37:32.7980000 +00:00,9434
2018-05-01,2018-07-31,90,neighborhood,1,61708,0,"Taunton, MA - Elliotts Corner",Taunton,Massachusetts,MA,Multi-Family (2-4 Unit),4,320000.0000,0,NULL,NULL,NULL,NULL,178.5714,0,NULL,NULL,NULL,NULL,1,0.0000,NULL,NULL,NULL,NULL,NULL,NULL,NULL,NULL,NULL,NULL,NULL,NULL,NULL,2.0000,0,NULL,1.0670,0,NULL,1.0000,0,NULL,NULL,NULL,NULL,NULL,NULL,NULL,"Providence, RI",39300,2025-08-01 14:37:32.7980000 +00:00,9435
2013-12-01,2014-02-28,90,neighborhood,1,548890,0,"Hollywood, FL - Us 441-Sr 7 Corridor",Hollywood,Florida,FL,All Residential,-1,118000.0000,0.1243449262,0.4984126984,129900.0000,0.0392,0.3003003003,107.4035,0.0529759349,0.4267714672,113.1321,0.1056302702,0.2063782234,69,0.1500,0.0147,86,0.0886,0.3231,86,-0.0947,NULL,99,0.0206185567,NULL,NULL,NULL,NULL,50.5000,3.5,NULL,0.9683,-0.0032025518,0.03553039872,0.2174,-0.03260869565,-0.003196930946,NULL,NULL,NULL,0.1628,-0.0144244922,0.1627906977,"Fort Lauderdale, FL",22744,2025-08-01 14:37:32.7980000 +00:00,9436
2022-12-01,2023-02-28,90,neighborhood,1,114503,0,"Escondido, CA - Cloverdale",Escondido,California,CA,All Residential,-1,931000.0000,-0.004278074866,-0.069,975000.0000,0.02415966387,0.02739726027,400.4303,0.1079285772,0.0008823378461,358.5877,-0.04533623462,-0.1261217359,2,-0.3333,-0.7143,3,-0.4000,-0.5714,1,-0.5000,-0.8889,2,-0.3333333333,-0.3333,NULL,NULL,NULL,36.0000,24,23.0000,0.9931,0.03393926188,-0.05168108548,0.0000,0,-0.8571428571,NULL,NULL,NULL,0.3333,-0.06666666667,-0.5238095238,"San Diego, CA",41740,2025-08-01 14:37:32.7980000 +00:00,9437
2025-02-01,2025-04-30,90,neighborhood,1,317593,0,"Fresno, CA - Huntington Homes Park",Fresno,California,CA,All Residential,-1,345000.0000,NULL,NULL,324990.0000,NULL,NULL,181.1975,NULL,NULL,170.6880,NULL,NULL,1,0.0000,NULL,1,NULL,NULL,1,NULL,NULL,NULL,NULL,NULL,NULL,NULL,NULL,8.0000,NULL,NULL,1.0616,NULL,NULL,1.0000,NULL,NULL,NULL,NULL,NULL,1.0000,NULL,NULL,"Fresno, CA",23420,2025-08-01 14:37:32.7980000 +00:00,9438
2015-10-01,2015-12-31,90,neighborhood,1,109435,0,"Elk Grove, CA - Laguna West",Elk Grove,California,CA,All Residential,-1,357500.0000,-0.02721088435,0.125984252,374900.0000,-0.03051461081,0.04428969359,180.5769,0.000144001786,0.05452616927,179.6690,-0.007157218889,0.009074162092,32,0.1429,0.3333,30,-0.1667,0.0714,25,-0.2647,0.0000,16,0.3333333333,0.0000,NULL,NULL,NULL,31.0000,1,7.0000,0.9897,0.0005427415687,0.01731799817,0.3125,-0.008928571429,0.1458333333,NULL,NULL,NULL,0.3333,-0.02777777778,-0.02380952381,"Sacramento, CA",40900,2025-08-01 14:37:32.7980000 +00:00,9439
2022-06-01,2022-08-31,90,neighborhood,1,395943,0,"Fort Lauderdale, FL - Beach Way Heights",Fort Lauderdale,Florida,FL,Townhouse,13,1725000.0000,0.04545454545,1.464285714,1610000.0000,-0.1030640669,0.7908787542,558.6364,0.1234021722,0.5992962556,499.8448,-0.05014749263,0.3051812564,2,-0.5000,1.0000,1,-0.5000,-0.5000,5,0.6667,0.0000,4,1,0.0000,NULL,NULL,NULL,24.0000,13,-16.0000,0.9738,-0.01144999891,-0.0333707625,0.5000,0,-0.5,NULL,NULL,NULL,1.0000,0.5,0,"Fort Lauderdale, FL",22744,2025-08-01 14:37:32.7980000 +00:00,9440
2023-10-01,2023-12-31,90,neighborhood,1,2293,0,"Baltimore, MD - Riverside",Baltimore,Maryland,MD,Townhouse,13,389000.0000,-0.002564102564,0.1146131805,389000.0000,0,-0.2044989775,235.5851,-0.04118515604,-0.04400253119,242.3513,0.01998307273,-0.0774756811,28,0.3333,-0.2821,26,-0.0714,-0.2571,30,-0.1429,0.3043,20,-0.2307692308,-0.0909,NULL,NULL,NULL,32.0000,-1.5,-12.0000,0.9955,-0.002079722614,0.01320202053,0.3571,0.02380952381,0.1776556777,NULL,NULL,NULL,0.3846,-0.1510989011,0.1846153846,"Baltimore, MD",12580,2025-08-01 14:37:32.7980000 +00:00,9441
2018-05-01,2018-07-31,90,neighborhood,1,350466,0,"Laupahoehoe, HI - North Hilo",Laupahoehoe,Hawaii,HI,Single Family Residential,6,385000.0000,-0.2955169259,-0.1666666667,585000.0000,0.3700234192,-0.04333605887,250.6510,0.03224637681,-0.1376391537,308.0140,0.1702749452,-0.4123976409,5,0.0000,-0.1667,14,0.5556,6.0000,6,0.0000,0.0000,14,-0.1764705882,0.0769,NULL,NULL,NULL,203.0000,32,56.5000,0.9239,0.002304908363,-0.04138188426,0.2000,0.2,0.2,NULL,NULL,NULL,0.0714,-0.03968253968,-0.4285714286,"Hilo, HI",25900,2025-08-01 14:37:32.7980000 +00:00,9442
2022-02-01,2022-04-30,90,neighborhood,1,156449,0,"Philadelphia, PA - Torresdale",Philadelphia,Pennsylvania,PA,Single Family Residential,6,363700.0000,0.08002969562,0.1367401156,389000.0000,-0.01494049126,0.1517394523,224.1114,0.1454300448,0.2701384096,222.8000,-0.02901301997,0.0815303711,14,0.0000,-0.4167,19,0.3571,-0.2400,29,0.6111,0.3182,14,0.4,0.4000,NULL,NULL,NULL,29.5000,5.5,-12.5000,1.0395,0.008069770923,0.04202627448,0.4286,0,0.1785714286,NULL,NULL,NULL,0.8421,-0.01503759398,0.2421052632,"Philadelphia, PA",37964,2025-08-01 14:37:32.7980000 +00:00,9443
2023-02-01,2023-04-30,90,neighborhood,1,120007,0,"Torrance, CA - Pacific South Bay",Torrance,California,CA,All Residential,-1,1462500.0000,0.04464285714,-0.1082317073,1295000.0000,0,-0.2377869335,851.3958,0.004038877322,-0.134587341,784.3731,0,-0.05477905445,2,1.0000,1.0000,2,0.0000,-0.3333,1,0.0000,-0.7500,NULL,NULL,NULL,NULL,NULL,NULL,75.5000,65.5,64.5000,1.0405,-0.04054054054,-0.1103366524,0.5000,-0.5,-0.5,NULL,NULL,NULL,0.5000,0,-0.5,"Los Angeles, CA",31084,2025-08-01 14:37:32.7980000 +00:00,9444
2021-01-01,2021-03-31,90,neighborhood,1,430231,0,"Burton, MI - Durant Heights",Burton,Michigan,MI,Single Family Residential,6,57500.0000,0.01769911504,0.06481481481,63310.0000,-0.02598501515,0.6770860927,76.5968,0.264335044,0.5235018228,87.4912,0.02614681277,0.3600031573,4,1.0000,0.0000,4,0.0000,0.3333,6,0.2000,2.0000,2,1,1.0000,NULL,NULL,NULL,22.0000,-19,-55.5000,0.9907,0.02915160451,0.004302696669,0.2500,0.25,0.25,NULL,NULL,NULL,0.7500,-0.25,0.08333333333,"Flint, MI",22420,2025-08-01 14:37:32.7980000 +00:00,9445
2022-12-01,2023-02-28,90,neighborhood,1,548722,0,"Houston, TX - Lakeland Village",Houston,Texas,TX,All Residential,-1,470000.0000,-0.1039084843,0.0284463895,499995.0000,0,0.04721960415,169.7214,-0.003189291469,0.06902445062,184.1136,-0.009370941237,0.09659206179,23,0.0455,-0.2581,24,0.0909,-0.3684,33,0.1379,0.1000,18,0,8.0000,NULL,NULL,NULL,24.0000,-6.5,10.5000,0.9747,0.004744896656,-0.0337662727,0.0870,0.04150197628,-0.4291725105,NULL,NULL,NULL,0.3750,0.05681818182,-0.2302631579,"Houston, TX",26420,2025-08-01 14:37:32.7980000 +00:00,9446
2014-06-01,2014-08-31,90,neighborhood,1,161579,0,"Olathe, KS - North Ridge",Olathe,Kansas,KS,All Residential,-1,98000.0000,-0.02487562189,-0.08837209302,117975.0000,-0.016875,0.0725,57.3770,0,-0.2517564403,89.5134,0.1890077115,0.1445530767,5,-0.1667,-0.4444,NULL,NULL,NULL,8,0.1429,0.1429,NULL,NULL,NULL,NULL,NULL,NULL,89.0000,-8.5,-9.0000,NULL,NULL,NULL,NULL,NULL,NULL,NULL,NULL,NULL,0.0000,0,0,"Kansas City, MO",28140,2025-08-01 14:37:32.7980000 +00:00,9447
2019-03-01,2019-05-31,90,neighborhood,1,80499,0,"Clifton, NJ - Rosemawr",Clifton,New Jersey,NJ,Multi-Family (2-4 Unit),4,283000.0000,0,NULL,427000.0000,0,NULL,146.4803,0,NULL,261.1219,0,NULL,1,0.0000,NULL,1,0.0000,NULL,2,0.0000,NULL,NULL,NULL,NULL,NULL,NULL,NULL,16.0000,0,NULL,1.0143,0,NULL,1.0000,0,NULL,NULL,NULL,NULL,0.0000,0,NULL,"New York, NY",35614,2025-08-01 14:37:32.7980000 +00:00,9448
2018-08-01,2018-10-31,90,neighborhood,1,551581,0,"Memphis, TN - Bridgewater",Memphis,Tennessee,TN,Single Family Residential,6,163750.0000,0.03639240506,0.1507378777,149700.0000,-0.09272727273,0.0324137931,99.6201,0.008276465958,0.09913628403,101.2273,0.01275608813,0.1247474747,58,-0.0492,-0.1714,59,-0.0923,-0.1324,60,-0.1176,-0.0769,28,-0.09677419355,-0.2000,NULL,NULL,NULL,34.5000,0.5,1.0000,0.9940,-0.002052174868,0.009669589413,0.3276,-0.03306953081,0.08472906404,NULL,NULL,NULL,0.6949,0.0333767927,0.1066799601,"Memphis, TN",32820,2025-08-01 14:37:32.7980000 +00:00,9449
2021-07-01,2021-09-30,90,neighborhood,1,15082,0,"Arlington, MA - East Arlington",Arlington,Massachusetts,MA,Condo/Co-op,3,715000.0000,0.1,-0.02721088435,634000.0000,-0.04518072289,-0.09357352205,551.7827,0.02931885224,0.152274457,518.2735,0.01888107886,0.06744397226,15,-0.4231,-0.6154,15,-0.0625,-0.4000,30,0.1538,-0.0625,13,0.4444444444,0.3000,NULL,NULL,NULL,17.0000,7.5,2.0000,1.0455,0.003676315974,0.01820591424,0.8000,0.06923076923,0.158974359,NULL,NULL,NULL,0.8000,-0.0125,0.08,"Boston, MA",14454,2025-08-01 14:37:32.7980000 +00:00,9450
2012-08-01,2012-10-31,90,neighborhood,1,60579,0,"San Ramon, CA - Crow Canyon",San Ramon,California,CA,Single Family Residential,6,682000.0000,0,0.1184911849,682000.0000,0.01037037037,0.03507728172,325.4653,0,0.07793003222,325.5826,-0.004758832912,0.01051520256,2,0.0000,-0.5000,2,-0.3333,-0.5000,2,-0.3333,-0.6000,NULL,NULL,NULL,NULL,NULL,NULL,4.0000,0,-77.0000,1.0149,0,0.03390539243,1.0000,0,1,NULL,NULL,NULL,1.0000,0,1,"Oakland, CA",36084,2025-08-01 14:37:32.7980000 +00:00,9451
2018-06-01,2018-08-31,90,neighborhood,1,525729,0,"Cary, NC - Cary Towne Center",Cary,North Carolina,NC,Townhouse,13,140000.0000,-0.05405405405,0.1522633745,140500.0000,-0.1611940299,0.08160123172,118.1670,-0.02043616958,0.1080476983,117.5214,0.004182417759,0.1427280939,8,-0.1111,-0.2000,6,-0.2500,-0.3333,10,0.0000,0.1111,7,0.4,6.0000,NULL,NULL,NULL,41.0000,8,11.5000,1.0265,0.01183354843,0.007491635242,0.7500,0.1944444444,0.05,NULL,NULL,NULL,0.3333,-0.1666666667,-0.2222222222,"Raleigh, NC",39580,2025-08-01 14:37:32.7980000 +00:00,9452
2021-11-01,2022-01-31,90,neighborhood,1,742406,0,"Chicopee, MA - Fairview",Chicopee,Massachusetts,MA,Multi-Family (2-4 Unit),4,419400.0000,0,1.208530806,NULL,NULL,NULL,148.6351,0,0.3212005109,NULL,NULL,NULL,2,0.0000,1.0000,NULL,NULL,NULL,NULL,NULL,NULL,NULL,NULL,NULL,NULL,NULL,NULL,40.0000,0,-10.0000,1.0174,0,0.01737934484,0.5000,0,0.5,NULL,NULL,NULL,NULL,NULL,NULL,"Springfield, MA",44140,2025-08-01 14:37:32.7980000 +00:00,9453
2015-02-01,2015-04-30,90,neighborhood,1,550065,0,"Central Falls, RI - South Central Falls",Central Falls,Rhode Island,RI,All Residential,-1,88000.0000,0,0.1578947368,91950.0000,-0.4067741935,-0.3188888889,34.7277,0,0.5305445935,28.6759,-0.1682552807,-0.3610583422,3,0.0000,0.0000,4,1.0000,-0.2000,6,0.2000,0.2000,3,0.5,0.0000,NULL,NULL,NULL,23.0000,-139,-27.0000,0.9893,0.080063628,-0.1293337095,0.6667,0.6666666667,0,NULL,NULL,NULL,0.5000,0,0.3,"Providence, RI",39300,2025-08-01 14:37:32.7980000 +00:00,9454
2024-04-01,2024-06-30,90,neighborhood,1,550907,0,"Kansas City, KS - Whispering Ridge",Kansas City,Kansas,KS,All Residential,-1,430000.0000,0.1241830065,0.1466666667,437500.0000,-0.02441852557,0.1075949367,191.1111,0.3697911128,0.06921107884,186.0107,-0.1520348496,-0.02146610524,5,0.2500,-0.1667,NULL,NULL,NULL,4,-0.3333,-0.5000,NULL,NULL,NULL,NULL,NULL,NULL,27.0000,-51,10.5000,NULL,NULL,NULL,NULL,NULL,NULL,NULL,NULL,NULL,0.0000,-0.25,-0.4444444444,"Kansas City, MO",28140,2025-08-01 14:37:32.7980000 +00:00,9455
2017-05-01,2017-07-31,90,neighborhood,1,368076,0,"League City, TX - Lakes of South Shore Harbour",League City,Texas,TX,Single Family Residential,6,291500.0000,0.07644017725,0.2045454545,289900.0000,-0.01695489997,0.115,108.0568,0.009371754616,-0.02476623093,106.2236,-0.007749158216,-0.03522802018,24,0.0000,0.0000,25,-0.1379,-0.2424,36,0.2414,0.1250,21,0.6153846154,0.9091,NULL,NULL,NULL,15.0000,0,6.0000,0.9866,0.00135800974,-0.0001026734775,0.0417,-0.04166666667,0,NULL,NULL,NULL,0.5200,0.03724137931,-0.1466666667,"Houston, TX",26420,2025-08-01 14:37:32.7980000 +00:00,9456
2019-03-01,2019-05-31,90,neighborhood,1,101279,0,"Green Valley, AZ - Las Campanas",Green Valley,Arizona,AZ,Single Family Residential,6,241000.0000,-0.04365079365,-0.01229508197,229000.0000,0.01777777778,0.05578607653,157.7381,0.08881070106,0.2046042603,143.5777,-0.03246170951,-0.004269160656,19,-0.2083,-0.1364,20,0.1111,-0.2308,25,0.0000,0.1905,27,0.03846153846,0.9286,NULL,NULL,NULL,57.0000,-18.5,-1.0000,0.9854,0.006056415354,-0.01875606532,0.1053,0.02192982456,-0.03110047847,NULL,NULL,NULL,0.2000,-0.07777777778,-0.03076923077,"Tucson, AZ",46060,2025-08-01 14:37:32.7980000 +00:00,9457
2020-02-01,2020-04-30,90,neighborhood,1,113672,0,"Santa Clarita, CA - Cheyenne",Santa Clarita,California,CA,Single Family Residential,6,410000.0000,0,NULL,NULL,NULL,NULL,400.0000,0,NULL,NULL,NULL,NULL,1,0.0000,NULL,NULL,NULL,NULL,NULL,NULL,NULL,NULL,NULL,NULL,NULL,NULL,NULL,12.0000,0,NULL,0.9647,0,NULL,0.0000,0,NULL,NULL,NULL,NULL,NULL,NULL,NULL,"Los Angeles, CA",31084,2025-08-01 14:37:32.7980000 +00:00,9458
2016-07-01,2016-09-30,90,neighborhood,1,338803,0,"Keller, TX - Ashbrook at Hidden Lakes",Keller,Texas,TX,Single Family Residential,6,392400.0000,0.07891119054,0.06341463415,367400.0000,0,0.05741833357,121.5982,0.01423940142,-0.006414718807,113.6440,-0.03925592446,-0.01699738069,4,0.0000,-0.4286,4,-0.2000,-0.3333,4,0.0000,-0.3333,3,-0.25,-0.2500,NULL,NULL,NULL,43.0000,0,26.0000,0.9992,-0.002984957245,0.00788509493,0.2500,0,-0.03571428571,NULL,NULL,NULL,0.0000,0,-0.6666666667,"Fort Worth, TX",23104,2025-08-01 14:37:32.7980000 +00:00,9459
2014-06-01,2014-08-31,90,neighborhood,1,760905,0,"Pueblo, CO - Sunset",Pueblo,Colorado,CO,All Residential,-1,123500.0000,-0.01397205589,-0.0679245283,122900.0000,-0.03570027462,-0.07245283019,59.2351,-0.04044720222,0.03862664831,60.9175,-0.008798820703,0.01759429663,21,-0.1250,0.2353,18,-0.1429,0.0588,22,0.1000,-0.3333,28,0.2173913043,-0.3000,NULL,NULL,NULL,140.5000,-21.5,69.5000,0.9650,-0.0009085023979,-0.006778920077,0.1905,0.02380952381,0.07282913165,NULL,NULL,NULL,0.0000,0,-0.05882352941,"Pueblo, CO",39380,2025-08-01 14:37:32.7980000 +00:00,9460
2019-08-01,2019-10-31,90,neighborhood,1,34844,0,"Chicago, IL - Dunning",Chicago,Illinois,IL,Single Family Residential,6,277500.0000,-0.008928571429,-0.075,299900.0000,0,0.009764309764,192.4242,-0.06116342515,0.02808665699,211.7988,0.01295097132,0.03226961406,105,-0.1250,0.1413,106,-0.0450,0.0816,133,-0.1529,0.0902,130,-0.09090909091,0.1607,NULL,NULL,NULL,47.0000,2,16.0000,0.9741,-0.001416900893,0.0007527775499,0.2000,-0.03333333333,-0.03913043478,NULL,NULL,NULL,0.2075,-0.05371409145,-0.06796303427,"Chicago, IL",16984,2025-08-01 14:37:32.7980000 +00:00,9461
2019-08-01,2019-10-31,90,neighborhood,1,172414,0,"Austin, TX - East Oak Hill",Austin,Texas,TX,Condo/Co-op,3,312850.0000,NULL,0.2149514563,324900.0000,NULL,0.08480801336,237.0476,NULL,0.1571863833,234.0730,NULL,0.0918196995,2,0.0000,0.0000,2,NULL,-0.5000,3,NULL,2.0000,2,NULL,-0.3333,NULL,NULL,NULL,53.5000,NULL,-21.5000,0.9569,NULL,-0.03910368493,0.0000,NULL,0,NULL,NULL,NULL,0.5000,NULL,0.5,"Austin, TX",12420,2025-08-01 14:37:32.7980000 +00:00,9462
2021-06-01,2021-08-31,90,neighborhood,1,207925,0,"Nashville, TN - Hickory Bend",Nashville,Tennessee,TN,Single Family Residential,6,317950.0000,-0.0154822728,0.2617063492,317900.0000,0.004582082477,0.2278872151,199.2560,-0.08786765835,0.1979315774,193.9394,-0.001629594551,0.01276964313,4,0.0000,-0.4286,4,0.0000,0.0000,7,0.7500,1.3333,4,3,NULL,NULL,NULL,NULL,16.5000,0,-22.5000,0.9737,-0.04333333333,-0.02759699051,0.2500,-0.25,-0.3214285714,NULL,NULL,NULL,0.7500,0,0.5,"Nashville, TN",34980,2025-08-01 14:37:32.7980000 +00:00,9463
2020-01-01,2020-03-31,90,neighborhood,1,547673,0,"Aberdeen, MD - Gilbert",Aberdeen,Maryland,MD,Single Family Residential,6,292450.0000,0,0.2538049303,426131.5000,0.6717595135,0.2972039574,176.7518,0,-0.06148995315,179.3307,-0.03756625166,0.1955378287,2,0.0000,0.0000,1,-0.5000,-0.7500,2,1.0000,1.0000,1,0,NULL,NULL,NULL,NULL,441.0000,0,265.5000,0.9741,0,-0.0006077378695,0.0000,0,0,NULL,NULL,NULL,0.0000,-0.5,-0.25,"Baltimore, MD",12580,2025-08-01 14:37:32.7980000 +00:00,9464
2022-12-01,2023-02-28,90,neighborhood,1,467335,0,"Madison, WI - Acewood",Madison,Wisconsin,WI,Single Family Residential,6,345000.0000,0.06415792721,NULL,328900.0000,-0.09865716635,NULL,220.3182,0.02080623823,NULL,202.1156,-0.09493873367,NULL,3,0.5000,NULL,3,0.5000,NULL,2,1.0000,NULL,1,-0.5,NULL,NULL,NULL,NULL,29.0000,-22.5,NULL,1.0548,0.04907831902,NULL,0.3333,-0.1666666667,NULL,NULL,NULL,NULL,0.6667,0.1666666667,NULL,"Madison, WI",31540,2025-08-01 14:37:32.7980000 +00:00,9465
2021-06-01,2021-08-31,90,neighborhood,1,80565,0,"Milwaukee, WI - Holler Park",Milwaukee,Wisconsin,WI,Single Family Residential,6,210000.0000,0,0.05,217450.0000,0.03547619048,0.1157003592,175.6955,0.1378372725,0.6992493794,169.0003,0.01317760912,0.5525115382,5,0.6667,0.0000,5,0.2500,0.0000,4,-0.2000,-0.2000,1,-0.6666666667,0.0000,NULL,NULL,NULL,34.0000,0,-13.5000,1.0617,-0.0174337566,0.01134212322,0.8000,0.1333333333,0,NULL,NULL,NULL,0.8000,-0.2,-0.2,"Milwaukee, WI",33340,2025-08-01 14:37:32.7980000 +00:00,9466
2016-04-01,2016-06-30,90,neighborhood,1,156652,0,"Pittsburgh, PA - Windgap",Pittsburgh,Pennsylvania,PA,Single Family Residential,6,109000.0000,0.1473684211,0.5843023256,126900.0000,-0.1248275862,0.1541609823,56.3457,0,-0.02066589567,81.7295,-0.3551821857,0.2393780943,3,-0.4000,-0.2500,2,-0.5000,-0.7143,2,1.0000,-0.7500,3,0.5,NULL,NULL,NULL,NULL,104.0000,-35,5.0000,0.9954,0.02432605667,0.09571569947,0.3333,0.1333333333,0.3333333333,NULL,NULL,NULL,0.0000,0,-0.2857142857,"Pittsburgh, PA",38300,2025-08-01 14:37:32.7980000 +00:00,9467
2024-08-01,2024-10-31,90,neighborhood,1,496785,0,"Irondequoit, NY - Listwood",Irondequoit,New York,NY,All Residential,-1,262500.0000,-0.04545454545,-0.02777777778,209900.0000,0.05002501251,-0.02372093023,171.8750,0.019375,0.02382121807,142.6115,0.02731649084,0.1305944022,9,0.0000,-0.1818,12,0.3333,1.4000,12,0.0909,0.7143,NULL,NULL,NULL,NULL,NULL,NULL,9.0000,0,2.0000,1.2313,-0.01172970596,0.03160795725,0.8889,0,-0.1111111111,NULL,NULL,NULL,0.9167,0.02777777778,0.1166666667,"Rochester, NY",40380,2025-08-01 14:37:32.7980000 +00:00,9468
2019-10-01,2019-12-31,90,neighborhood,1,10878,0,"San Leandro, CA - Bay-O-Vista",San Leandro,California,CA,All Residential,-1,1048000.0000,-0.0323176362,0.09166666667,943987.5000,0.004242021277,-0.03576353422,426.5092,-0.02506923147,-0.1042021432,380.3123,-0.1575640885,-0.1314365796,11,0.3750,0.8333,10,-0.0909,0.4286,8,-0.3846,0.6000,3,-0.25,NULL,NULL,NULL,NULL,14.0000,1.5,2.5000,1.0551,0.004712845926,0.046318074,0.8182,0.06818181818,0.1515151515,NULL,NULL,NULL,0.6000,-0.03636363636,0.02857142857,"Oakland, CA",36084,2025-08-01 14:37:32.7980000 +00:00,9469
2019-10-01,2019-12-31,90,neighborhood,1,230139,0,"Phoenix, AZ - Sunview Estates",Phoenix,Arizona,AZ,All Residential,-1,386000.0000,-0.0006472491909,-0.2917431193,448500.0000,0,-0.04064171123,216.4375,-0.1238691522,-0.2101025576,229.1421,-0.03997138377,0.162244379,3,0.5000,2.0000,3,0.0000,0.5000,5,0.0000,1.5000,4,0,1.0000,NULL,NULL,NULL,59.0000,10.5,13.0000,0.9386,-0.01517466034,-0.05250467416,0.0000,0,0,NULL,NULL,NULL,0.6667,0,0.1666666667,"Phoenix, AZ",38060,2025-08-01 14:37:32.7980000 +00:00,9470
2023-07-01,2023-09-30,90,neighborhood,1,547970,0,"Waukegan, IL - Washington Manor",Waukegan,Illinois,IL,Single Family Residential,6,183500.0000,0.1327160494,-0.2510204082,178944.0000,0.05954241864,-0.2385361702,156.8523,0.6246795878,-0.06016686325,192.6980,0.04057487903,0.2037477404,2,1.0000,1.0000,2,-0.3333,1.0000,2,-0.3333,1.0000,1,-0.5,NULL,NULL,NULL,NULL,39.0000,2,4.0000,1.0823,0.002328042328,0.03977485084,1.0000,0,0,NULL,NULL,NULL,1.0000,0,1,"Lake County, IL",29404,2025-08-01 14:37:32.7980000 +00:00,9471
2020-07-01,2020-09-30,90,neighborhood,1,124812,0,"Tonawanda, NY - Wilton Argonne",Tonawanda,New York,NY,Single Family Residential,6,202800.0000,0.05625,0.2835443038,189900.0000,0.02704164413,0.1177163037,129.5763,0.03942696126,0.172441771,125.6580,-0.03954560635,0.06224270991,12,0.0000,-0.0769,12,-0.1429,0.0000,16,0.1429,0.0667,4,NULL,-0.4286,NULL,NULL,NULL,7.5000,-0.5,-3.5000,1.0797,0.02948294781,0.05824334467,0.7500,0.08333333333,0.2884615385,NULL,NULL,NULL,0.8333,-0.02380952381,0.3333333333,"Buffalo, NY",15380,2025-08-01 14:37:32.7980000 +00:00,9472
2021-03-01,2021-05-31,90,neighborhood,1,373008,0,"Winston-Salem, NC - Foxhall",Winston-Salem,North Carolina,NC,All Residential,-1,275000.0000,NULL,0.1270491803,275000.0000,NULL,0.1375387797,141.0579,NULL,0.264318454,141.0579,NULL,0.1819267471,3,0.0000,-0.4000,5,NULL,1.5000,5,NULL,1.5000,NULL,NULL,NULL,NULL,NULL,NULL,37.0000,NULL,12.0000,0.9924,NULL,0.00513290701,0.3333,NULL,0.1333333333,NULL,NULL,NULL,1.0000,NULL,0.5,"Winston-Salem, NC",49180,2025-08-01 14:37:32.7980000 +00:00,9473
2023-08-01,2023-10-31,90,neighborhood,1,498404,0,"Manhattan, NY - Sutton Place",Manhattan,New York,NY,All Residential,-1,860000.0000,-0.02641472695,-0.04444444444,1170000.0000,-0.02092050209,0.296398892,977.9541,0.01495778338,0.05619044333,910.9211,-0.08907894737,-0.0553411306,71,0.0000,0.0000,72,0.0435,0.1613,105,0.1538,0.1667,155,-0.225,-0.0606,NULL,NULL,NULL,152.0000,48,-409.0000,0.9983,0,-0.002389772515,0.0000,0,-0.01408450704,NULL,NULL,NULL,0.0556,-0.002415458937,0.0394265233,"New York, NY",35614,2025-08-01 14:37:32.7980000 +00:00,9474
2023-10-01,2023-12-31,90,neighborhood,1,140441,0,"Fort Lauderdale, FL - Idlewyld",Fort Lauderdale,Florida,FL,Single Family Residential,6,2150000.0000,NULL,-0.2321428571,2499999.0000,NULL,-0.09057875591,849.8024,NULL,-0.2822204969,1039.0625,NULL,0.2008372363,1,0.0000,0.0000,2,NULL,NULL,5,NULL,4.0000,4,NULL,1.0000,NULL,NULL,NULL,47.0000,NULL,-11.0000,0.8600,NULL,-0.01636898307,0.0000,NULL,0,NULL,NULL,NULL,0.5000,NULL,NULL,"Fort Lauderdale, FL",22744,2025-08-01 14:37:32.7980000 +00:00,9475
2012-06-01,2012-08-31,90,neighborhood,1,765696,0,"Gulfport, MS - Soria City",Gulfport,Mississippi,MS,Single Family Residential,6,215000.0000,0,2.583333333,18200.0000,-0.8556701031,0.07692307692,119.4444,0,4.972222222,8.8264,-0.8728428701,-0.122584496,1,0.0000,0.0000,1,0.0000,0.0000,1,-0.5000,0.0000,2,0,1.0000,NULL,NULL,NULL,42.0000,0,-140.0000,0.9188,0,0.04923820141,0.0000,0,0,NULL,NULL,NULL,0.0000,0,0,"Gulfport, MS",25060,2025-08-01 14:37:32.7980000 +00:00,9476
2013-12-01,2014-02-28,90,neighborhood,1,548573,0,"Evergreen, CO - North Evergreen",Evergreen,Colorado,CO,Single Family Residential,6,575000.0000,-0.06504065041,1.039007092,544950.0000,-0.009181818182,0.2527586207,151.8669,-0.0367302934,0.1409259806,181.7443,-0.04318601858,0.1300165426,15,-0.3182,0.3636,25,0.0870,0.3158,30,0.4286,-0.0909,31,0.06896551724,-0.2250,NULL,NULL,NULL,67.0000,4,-40.0000,0.9683,0.0007257932147,0.0106657762,0.1333,0.04242424242,-0.1393939394,NULL,NULL,NULL,0.2800,0.1060869565,0.06947368421,"Denver, CO",19740,2025-08-01 14:37:32.7980000 +00:00,9477
2016-12-01,2017-02-28,90,neighborhood,1,420166,0,"Ormond Beach, FL - The Trails",Ormond Beach,Florida,FL,Single Family Residential,6,322450.0000,-0.007540781779,-0.4028703704,339000.0000,-0.1361956937,-0.08130081301,104.2594,-0.05955008535,0.003979307631,120.6395,-0.1761718504,-0.04330933924,4,0.3333,3.0000,3,-0.2500,0.5000,3,0.5000,-0.4000,6,-0.1428571429,-0.3333,NULL,NULL,NULL,150.0000,40,40.0000,0.9566,-0.001782782478,-0.02702927412,0.0000,0,0,NULL,NULL,NULL,0.3333,0.08333333333,0.3333333333,"Deltona, FL",19660,2025-08-01 14:37:32.7980000 +00:00,9478
2021-05-01,2021-07-31,90,neighborhood,1,761344,0,"Upper Grand Lagoon, FL - Palm Bay",Upper Grand Lagoon,Florida,FL,All Residential,-1,459500.0000,0.02807920349,0.06365740741,482500.0000,0.01153039832,0.149083115,200.2216,0.1020227246,0.1347479373,222.5283,0,0.223694339,8,0.3333,1.0000,8,0.3333,1.0000,8,0.0000,0.6000,5,-0.2857142857,0.2500,NULL,NULL,NULL,72.0000,-28.5,22.5000,0.9887,0.008364841938,0.01080860635,0.1250,-0.04166666667,0.125,NULL,NULL,NULL,0.0000,0,0,"Panama City, FL",37460,2025-08-01 14:37:32.7980000 +00:00,9479
2019-08-01,2019-10-31,90,neighborhood,1,554969,0,"New Rochelle, NY - East End",New Rochelle,New York,NY,Condo/Co-op,3,375000.0000,0,NULL,99000.0000,0,NULL,300.5649,0,NULL,123.7500,0,NULL,4,0.0000,NULL,NULL,NULL,NULL,1,0.0000,NULL,1,0,NULL,NULL,NULL,NULL,52.5000,0,NULL,0.9652,0,NULL,0.2500,0,NULL,NULL,NULL,NULL,NULL,NULL,NULL,"New York, NY",35614,2025-08-01 14:37:32.7980000 +00:00,9480
2023-11-01,2024-01-31,90,neighborhood,1,555410,0,"Orland Park, IL - Silver Lake North",Orland Park,Illinois,IL,Townhouse,13,354990.0000,0.02702155359,0.2262176166,381175.0000,0.003118503119,0.05631070652,192.4031,0.0302782111,0.1976181718,206.4979,-0.0008787042226,0.03896226059,7,-0.4615,1.3333,15,0.1538,6.5000,14,0.2727,0.1667,13,0.3,-0.1333,NULL,NULL,NULL,75.0000,-7,1.0000,0.9640,-0.005401629513,-0.04533004906,0.0000,-0.07692307692,-0.6666666667,NULL,NULL,NULL,0.2667,0.0358974359,-0.2333333333,"Chicago, IL",16984,2025-08-01 14:37:32.7980000 +00:00,9481
2022-12-01,2023-02-28,90,neighborhood,1,161052,0,"Memphis, TN - Cypress Creek",Memphis,Tennessee,TN,Single Family Residential,6,105000.0000,NULL,-0.01639344262,127450.0000,NULL,-0.007398753894,102.1893,NULL,0.1674008303,113.4631,NULL,-0.1163311911,2,0.0000,0.0000,2,NULL,-0.3333,2,NULL,-0.5000,3,NULL,2.0000,NULL,NULL,NULL,89.5000,NULL,68.0000,0.9444,NULL,0.02821683644,0.0000,NULL,0,NULL,NULL,NULL,0.0000,NULL,-1,"Memphis, TN",32820,2025-08-01 14:37:32.7980000 +00:00,9482
2015-11-01,2016-01-31,90,neighborhood,1,150812,0,"Cincinnati, OH - Kennedy Heights",Cincinnati,Ohio,OH,Single Family Residential,6,153300.0000,0.1020848311,0.76816609,75000.0000,-0.0625,0.07296137339,98.2691,0.04003859141,0.6542811606,71.6561,-0.04304499692,0.4070642733,13,-0.0714,-0.3500,14,-0.2632,-0.3636,15,-0.2105,0.0000,24,0.2,-0.0400,NULL,NULL,NULL,81.0000,25.5,-37.0000,0.9950,0.04234261084,0.05510779963,0.2308,0.01648351648,0.2307692308,NULL,NULL,NULL,0.2143,-0.1541353383,0.1233766234,"Cincinnati, OH",17140,2025-08-01 14:37:32.7980000 +00:00,9483
2018-07-01,2018-09-30,90,neighborhood,1,180964,0,"Leesburg, VA - Prospect Hills",Leesburg,Virginia,VA,Single Family Residential,6,370000.0000,0,0,450000.0000,0.2165450122,0.1278195489,352.3810,0,0.2286147917,173.6111,-0.507186627,-0.321219716,1,0.0000,-0.7500,1,0.0000,-0.6667,1,0.0000,0.0000,1,NULL,NULL,NULL,NULL,NULL,62.0000,0,29.0000,1.0003,0,0.01884360931,1.0000,0,1,NULL,NULL,NULL,0.0000,-1,0,"Washington, DC",47894,2025-08-01 14:37:32.7980000 +00:00,9484
2014-05-01,2014-07-31,90,neighborhood,1,151419,0,"Columbus, OH - Dennison Place",Columbus,Ohio,OH,All Residential,-1,304825.0000,-0.06495398773,-0.2379375,344900.0000,0.02207734479,-0.1355889724,121.0281,-0.09600194801,-0.3264787573,137.7737,-0.01153280743,-0.1802228202,6,0.2000,-0.1429,6,0.2000,-0.1429,8,0.0000,-0.1111,3,-0.4,-0.6250,NULL,NULL,NULL,5.0000,-2,-33.0000,0.9756,-0.007689860498,-0.02746979872,0.0000,0,-0.2857142857,NULL,NULL,NULL,0.0000,0,0,"Columbus, OH",18140,2025-08-01 14:37:32.7980000 +00:00,9485
2014-05-01,2014-07-31,90,neighborhood,1,548620,0,"New Brunswick, NJ - South Central",New Brunswick,New Jersey,NJ,Condo/Co-op,3,122000.0000,0.1348837209,-0.2937771346,212000.0000,0.6893103311,0.06532663317,161.3757,NULL,NULL,195.0172,NULL,0.1267659412,7,-0.1250,0.7500,7,-0.1250,0.7500,6,0.0000,-0.2500,7,0,-0.5000,NULL,NULL,NULL,100.0000,-0.5,-140.0000,0.9404,0.01842806307,-0.01107351789,0.0000,0,0,NULL,NULL,NULL,0.0000,0,0,"New Brunswick, NJ",35154,2025-08-01 14:37:32.7980000 +00:00,9486
2015-07-01,2015-09-30,90,neighborhood,1,60174,0,"Cambridge, MA - Inman Square",Cambridge,Massachusetts,MA,All Residential,-1,682000.0000,0.1559322034,0.337254902,682000.0000,0.04923076923,0.06729264476,585.0797,-0.02317130921,0.1382153634,499.4244,-0.1087012083,0.03603503709,26,0.1304,1.1667,20,-0.1304,0.5385,26,0.0000,0.6250,6,2,-0.6471,NULL,NULL,NULL,8.0000,0,-54.0000,1.0360,-0.01150467002,-0.009093772521,0.5769,-0.07525083612,-0.1730769231,NULL,NULL,NULL,0.9500,0.08043478261,0.1807692308,"Boston, MA",14454,2025-08-01 14:37:32.7980000 +00:00,9487
2013-04-01,2013-06-30,90,neighborhood,1,496603,0,"Long Beach, CA - Bluff Heights",Long Beach,California,CA,Multi-Family (2-4 Unit),4,724900.0000,0.1186728395,0.2695271454,724900.0000,-0.01367439962,0.08355754858,311.2495,-0.1079149998,0.3655192619,251.4259,-0.03276923086,0.1169146858,3,-0.2500,0.0000,5,0.0000,0.0000,5,0.2500,-0.1667,2,1,-0.6000,NULL,NULL,NULL,25.0000,15,-17.0000,1.0050,-0.0255283282,0.02866963198,0.6667,-0.3333333333,0.6666666667,NULL,NULL,NULL,0.2000,0,-0.2,"Los Angeles, CA",31084,2025-08-01 14:37:32.7980000 +00:00,9488
2018-07-01,2018-09-30,90,neighborhood,1,244979,0,"Fridley, MN - River's Edge Way",Fridley,Minnesota,MN,Multi-Family (2-4 Unit),4,319900.0000,0,NULL,NULL,NULL,NULL,105.6822,0,NULL,NULL,NULL,NULL,1,0.0000,NULL,NULL,NULL,NULL,NULL,NULL,NULL,NULL,NULL,NULL,NULL,NULL,NULL,14.0000,0,NULL,1.0000,0,NULL,0.0000,0,NULL,NULL,NULL,NULL,NULL,NULL,NULL,"Minneapolis, MN",33460,2025-08-01 14:37:32.7980000 +00:00,9489
2013-09-01,2013-11-30,90,neighborhood,1,153124,0,"Columbus, OH - Wexmoor",Columbus,Ohio,OH,Single Family Residential,6,92500.0000,-0.075,-0.1509866911,79900.0000,-0.3582329317,-0.07523148148,70.6229,-0.1479189231,-0.2066848665,63.6358,-0.2818614268,-0.0818850994,6,-0.1429,2.0000,5,-0.1667,1.5000,4,-0.2000,0.0000,6,0.5,1.0000,NULL,NULL,NULL,29.0000,-1,-172.5000,0.9972,-0.0004966739625,0.01884505912,0.5000,-0.07142857143,0.5,NULL,NULL,NULL,0.0000,0,0,"Columbus, OH",18140,2025-08-01 14:37:32.7980000 +00:00,9490
2015-07-01,2015-09-30,90,neighborhood,1,178933,0,"Montpelier, VT - College Hill",Montpelier,Vermont,VT,All Residential,-1,216000.0000,-0.02702702703,-0.2941176471,297000.0000,-0.0262295082,0.5,135.0452,0.01313946707,-0.02996909473,166.0732,0.130575414,0.8117079053,4,-0.2000,0.3333,7,0.1667,1.3333,4,-0.2000,0.3333,7,0,0.1667,NULL,NULL,NULL,50.5000,-6.5,-59.5000,0.9892,0.01034482759,0.03309885209,0.0000,0,0,NULL,NULL,NULL,0.2857,-0.04761904762,0.2857142857,"Barre, VT",12740,2025-08-01 14:37:32.7980000 +00:00,9491
2016-10-01,2016-12-31,90,neighborhood,1,348235,0,"Wilkinsburg, PA - Blackridge",Wilkinsburg,Pennsylvania,PA,All Residential,-1,122500.0000,0.2280701754,-0.1609589041,134900.0000,0.03809157368,0.4427807487,77.4336,0.0467791411,0.08194932719,86.5366,-0.07167695316,0.2216938266,3,0.5000,2.0000,5,0.2500,4.0000,2,-0.6667,1.0000,10,-0.1666666667,NULL,NULL,NULL,NULL,222.0000,66.5,91.0000,0.9395,-0.08492841252,-0.06392948038,0.3333,-0.6666666667,-0.6666666667,NULL,NULL,NULL,0.0000,0,0,"Pittsburgh, PA",38300,2025-08-01 14:37:32.7980000 +00:00,9492
2021-08-01,2021-10-31,90,neighborhood,1,149693,0,"Columbus, OH - Amercrest",Columbus,Ohio,OH,Single Family Residential,6,133800.0000,0,NULL,200000.0000,0.4953271028,NULL,85.5499,0,NULL,152.9052,0.7879905113,NULL,1,0.0000,NULL,2,1.0000,NULL,1,0.0000,NULL,1,NULL,NULL,NULL,NULL,NULL,39.0000,0,NULL,1.0004,0,NULL,1.0000,0,NULL,NULL,NULL,NULL,0.5000,0.5,NULL,"Columbus, OH",18140,2025-08-01 14:37:32.7980000 +00:00,9493
2014-08-01,2014-10-31,90,neighborhood,1,766193,0,"Panama City, FL - Cincinatti Hill",Panama City,Florida,FL,Single Family Residential,6,140000.0000,0.03703703704,1.488888889,53000.0000,-0.7011550639,-0.07826086957,107.6923,-0.02164188127,1.172712199,50.1894,-0.5961243209,-0.1765738989,1,-0.5000,-0.5000,NULL,NULL,NULL,1,-0.5000,-0.5000,5,0.25,0.6667,NULL,NULL,NULL,170.0000,72,75.5000,0.8755,-0.03154047092,0.03656416616,0.0000,0,0,NULL,NULL,NULL,NULL,NULL,NULL,"Panama City, FL",37460,2025-08-01 14:37:32.7980000 +00:00,9494
2024-08-01,2024-10-31,90,neighborhood,1,496463,0,"Wellesley, MA - Woodlands",Wellesley,Massachusetts,MA,All Residential,-1,1926500.0000,-0.03312421581,NULL,2112000.0000,0.5249097473,NULL,638.6719,-0.06265172571,NULL,612.4633,0.03157607523,NULL,2,0.0000,NULL,10,1.0000,NULL,8,0.3333,NULL,2,-0.6666666667,NULL,NULL,NULL,NULL,3.0000,-9.5,NULL,1.0293,-0.006939363934,NULL,1.0000,0.5,NULL,NULL,NULL,NULL,0.5000,-0.1,NULL,"Boston, MA",14454,2025-08-01 14:37:32.7980000 +00:00,9495
2023-06-01,2023-08-31,90,neighborhood,1,551962,0,"South Euclid, OH - Cedar Centre",South Euclid,Ohio,OH,Single Family Residential,6,180950.0000,-0.005769230769,0.1599358974,184900.0000,0.02779321845,0.1206060606,119.8662,0.01425250177,0.09990049081,124.2680,0.05133924399,0.1911977569,6,-0.1429,-0.2500,5,0.0000,-0.3750,2,-0.3333,-0.7143,NULL,NULL,NULL,NULL,NULL,NULL,43.0000,18,7.0000,0.9951,0.00774290183,0.01422199704,0.5000,0.07142857143,0.25,NULL,NULL,NULL,0.4000,-0.4,-0.35,"Cleveland, OH",17460,2025-08-01 14:37:32.7980000 +00:00,9496
2013-01-01,2013-03-31,90,neighborhood,1,139644,0,"Jacksonville, FL - Oak Haven",Jacksonville,Florida,FL,Condo/Co-op,3,38500.0000,0.203125,-0.3888888889,39450.0000,-0.01127819549,0.1602941176,36.9482,0.1961972169,-0.1320110898,38.2917,0,0.1700416089,7,0.0000,1.3333,7,0.0000,1.3333,8,0.3333,1.0000,7,0.1666666667,-0.3000,NULL,NULL,NULL,92.0000,-6,-7.0000,0.9913,-0.01118650899,0.0752353217,0.5714,0,0.5714285714,NULL,NULL,NULL,0.2857,0,0.2857142857,"Jacksonville, FL",27260,2025-08-01 14:37:32.7980000 +00:00,9497
2024-06-01,2024-08-31,90,neighborhood,1,180192,0,"Linton Hall, VA - Glenkirk Estates",Linton Hall,Virginia,VA,Single Family Residential,6,935000.0000,0.02521929825,0.0625,867000.0000,-0.03559510567,0.05738154766,208.5172,0,0.05208248448,204.3961,0.01466548168,0.005872372933,5,0.0000,-0.1667,5,0.0000,0.0000,4,-0.2000,-0.3333,NULL,NULL,NULL,NULL,NULL,NULL,4.0000,0,-12.5000,1.0312,-0.01777137868,0.01927402921,0.8000,-0.2,-0.03333333333,NULL,NULL,NULL,1.0000,0,0.2,"Washington, DC",47894,2025-08-01 14:37:32.7980000 +00:00,9498
2021-07-01,2021-09-30,90,neighborhood,1,196534,0,"Eagle Lake, FL - Sun Ridge Village",Eagle Lake,Florida,FL,All Residential,-1,300000.0000,0.04166666667,NULL,324950.0000,0.1605357143,NULL,135.4402,0.03798065582,NULL,136.8982,0.08296288252,NULL,3,-0.2500,NULL,3,0.0000,NULL,4,0.3333,NULL,2,NULL,NULL,NULL,NULL,NULL,6.0000,-1.5,NULL,1.0310,0.02355749397,NULL,0.6667,0.1666666667,NULL,NULL,NULL,NULL,0.6667,-0.3333333333,NULL,"Lakeland, FL",29460,2025-08-01 14:37:32.7980000 +00:00,9499
2014-05-01,2014-07-31,90,neighborhood,1,764758,0,"Cupertino, CA - Northside",Cupertino,California,CA,Townhouse,13,800000.0000,0,0.08035111411,NULL,NULL,NULL,657.8947,0,0.08843537415,NULL,NULL,NULL,1,0.0000,-0.6667,1,0.0000,-0.6667,NULL,NULL,NULL,NULL,NULL,NULL,NULL,NULL,NULL,14.0000,0,5.0000,1.0139,0,-0.01738265919,1.0000,0,0,NULL,NULL,NULL,1.0000,0,0,"San Jose, CA",41940,2025-08-01 14:37:32.7980000 +00:00,9500
2012-06-01,2012-08-31,90,neighborhood,1,556207,0,"Port St. Lucie, FL - Torino",Port St. Lucie,Florida,FL,Single Family Residential,6,130000.0000,-0.007633587786,0.01167315175,146750.0000,0,0.03054775281,63.3528,-0.01718648473,0.1107135367,69.6967,0.02055010944,0.0696313706,51,0.0408,0.1591,49,0.0652,0.1395,40,0.2500,-0.0476,61,-0.01612903226,-0.1974,NULL,NULL,NULL,286.0000,113,-151.5000,0.9675,0.0003369608182,0.001642198296,0.2745,0.07042817127,0.001782531194,NULL,NULL,NULL,0.0000,0,0,"Port St. Lucie, FL",38940,2025-08-01 14:37:32.7980000 +00:00,9501
2022-10-01,2022-12-31,90,neighborhood,1,116215,0,"Emeryville, CA - North Bayfront",Emeryville,California,CA,Condo/Co-op,3,443750.0000,0.04411764706,-0.3173076923,607000.0000,0.2416134839,0.03760683761,633.4157,0.01210293863,-0.06254476129,637.8780,-0.0798156039,-0.01032260696,10,-0.0909,-0.2308,10,-0.0909,0.1111,6,0.2000,-0.6000,3,-0.25,-0.5714,NULL,NULL,NULL,53.5000,-29.5,33.0000,0.9732,-0.005352037814,-0.03474699643,0.1000,0.009090909091,-0.3615384615,NULL,NULL,NULL,0.3000,0.1181818182,-0.03333333333,"Oakland, CA",36084,2025-08-01 14:37:32.7980000 +00:00,9502
2021-01-01,2021-03-31,90,neighborhood,1,500493,0,"San Antonio, TX - Rogers Ranch",San Antonio,Texas,TX,Single Family Residential,6,505000.0000,-0.004926108374,0.1689814815,552450.0000,0.06240384615,0.2015607566,155.1356,0,0.1537476959,167.9489,0.04741370575,0.2445196596,20,-0.0909,-0.1667,29,0.3182,-0.1212,22,0.0476,-0.3333,8,-0.2,-0.7241,NULL,NULL,NULL,39.0000,2.5,-35.0000,0.9974,0.005459988619,0.01565780322,0.3000,0.07272727273,0.09166666667,NULL,NULL,NULL,0.5172,0.1081504702,0.09299895507,"San Antonio, TX",41700,2025-08-01 14:37:32.7980000 +00:00,9503
2014-12-01,2015-02-28,90,neighborhood,1,116605,0,"San Jose, CA - Orchard Creek",San Jose,California,CA,All Residential,-1,1067779.0000,0.02102474537,-0.1461183527,1200000.0000,-0.01960784314,NULL,534.3445,-0.01772235677,0.1844433211,466.2005,-0.01960784314,NULL,5,0.2500,1.5000,2,0.0000,1.0000,1,-0.5000,NULL,NULL,NULL,NULL,NULL,NULL,NULL,17.0000,-3.5,9.0000,1.0301,-0.00751702791,-0.02483100575,0.6000,-0.15,-0.4,NULL,NULL,NULL,1.0000,0,0,"San Jose, CA",41940,2025-08-01 14:37:32.7980000 +00:00,9504
2015-07-01,2015-09-30,90,neighborhood,1,765774,0,"Napa, CA - Bel Aire",Napa,California,CA,All Residential,-1,499000.0000,-0.02156862745,0.05329815303,532000.0000,0.0431372549,0.1928251121,384.3672,0,0.1781613809,363.3639,-0.04370780462,0.08095588292,9,0.0000,0.5000,8,-0.3846,0.0000,12,-0.0769,0.5000,7,0.1666666667,0.7500,NULL,NULL,NULL,34.0000,3,22.5000,0.9914,-0.01973832507,-0.01174719418,0.3333,-0.1111111111,-0.1666666667,NULL,NULL,NULL,0.5000,0.03846153846,0.125,"Napa, CA",34900,2025-08-01 14:37:32.7980000 +00:00,9505
2024-12-01,2025-02-28,90,neighborhood,1,122018,0,"Denver, CO - Lincoln Park",Denver,Colorado,CO,All Residential,-1,350000.0000,0.03092783505,-0.2222222222,348800.0000,-0.128,-0.03111111111,378.0069,-0.02798232695,-0.1314819182,387.8080,-0.01258106355,-0.1067779696,19,0.4615,0.0556,16,-0.1111,-0.0588,19,-0.0952,-0.3871,23,-0.1153846154,-0.0800,NULL,NULL,NULL,66.0000,-15,34.0000,0.9559,-0.001511664316,-0.0331500011,0.1579,0.004048582996,-0.008771929825,NULL,NULL,NULL,0.1875,-0.03472222222,-0.2242647059,"Denver, CO",19740,2025-08-01 14:37:32.7980000 +00:00,9506
2019-04-01,2019-06-30,90,neighborhood,1,110577,0,"Sacramento, CA - Riverlake",Sacramento,California,CA,All Residential,-1,515000.0000,-0.1300675676,-0.237037037,792500.0000,-0.03117359413,0.2397340634,219.7213,-0.1208486774,-0.1522255783,244.2572,0.002788295332,-0.05661689497,9,-0.3077,-0.2500,14,0.1667,0.2727,16,-0.0588,0.1429,9,-0.3076923077,0.8000,NULL,NULL,NULL,46.0000,36,23.5000,0.9886,-0.00697996245,-0.007105727358,0.2222,-0.08547008547,-0.1111111111,NULL,NULL,NULL,0.1429,-0.2738095238,-0.4025974026,"Sacramento, CA",40900,2025-08-01 14:37:32.7980000 +00:00,9507
2014-04-01,2014-06-30,90,neighborhood,1,64228,0,"Haverhill, MA - Bradford Common Local Historic District",Haverhill,Massachusetts,MA,Single Family Residential,6,238000.0000,0.367816092,-0.07392996109,249000.0000,-0.02352941176,0.0618336887,147.8261,0.1076923077,-0.001693958216,147.8261,0.009885583524,-0.07563798493,3,0.5000,-0.4000,6,0.5000,0.2000,9,0.8000,2.0000,5,0.6666666667,0.0000,NULL,NULL,NULL,49.0000,9.5,-51.0000,1.0954,-0.0476996134,0.1186335915,0.3333,-0.1666666667,0.1333333333,NULL,NULL,NULL,1.0000,0,1,"Boston, MA",14454,2025-08-01 14:37:32.7980000 +00:00,9508
2018-11-01,2019-01-31,90,neighborhood,1,116957,0,"San Jose, CA - Del Mar",San Jose,California,CA,All Residential,-1,1074750.0000,-0.1503952569,0.3796534018,1128900.0000,-0.05846538782,NULL,764.2888,0.001663732289,0.8248743403,888.9349,-0.09178875478,NULL,2,-0.3333,1.0000,3,-0.2500,NULL,2,1.0000,NULL,2,-0.3333333333,NULL,NULL,NULL,NULL,96.5000,79.5,59.5000,0.9354,-0.1207067897,-0.1619704646,0.0000,-1,-1,NULL,NULL,NULL,0.3333,0.08333333333,NULL,"San Jose, CA",41940,2025-08-01 14:37:32.7980000 +00:00,9509
2021-01-01,2021-03-31,90,neighborhood,1,556195,0,"Port St. Lucie, FL - Woodland Trails",Port St. Lucie,Florida,FL,Single Family Residential,6,287000.0000,-0.01017416796,0.08712121212,297375.0000,0.04144778315,0.1560103793,152.8245,0.03651094196,0.1507753226,165.4242,0.03398841408,0.174259324,50,0.1364,0.2821,55,0.1000,0.1458,48,0.3714,0.1429,14,-0.5483870968,-0.6111,NULL,NULL,NULL,52.0000,3,-21.0000,0.9910,-0.00151399937,0.009261676165,0.3000,-0.04090909091,0.1461538462,NULL,NULL,NULL,0.6909,0.1309090909,0.3575757576,"Port St. Lucie, FL",38940,2025-08-01 14:37:32.7980000 +00:00,9510
2017-05-01,2017-07-31,90,neighborhood,1,160340,0,"Charleston, SC - Ansonborough",Charleston,South Carolina,SC,Single Family Residential,6,1980000.0000,-0.1627906977,0.2,1499000.0000,-0.03259115844,-0.2978758285,500.5056,-0.1121146362,0.09565217391,542.1338,-0.08933867007,0.08306568921,3,-0.2500,0.0000,2,0.0000,0.0000,3,-0.2500,0.5000,4,-0.2,-0.4286,NULL,NULL,NULL,184.0000,5.5,142.0000,0.9606,-0.00917001498,0.00916109368,0.0000,0,0,NULL,NULL,NULL,0.5000,0,0,"Charleston, SC",16700,2025-08-01 14:37:32.7980000 +00:00,9511
2019-02-01,2019-04-30,90,neighborhood,1,99686,0,"Phoenix, AZ - Laveen Meadows",Phoenix,Arizona,AZ,Single Family Residential,6,241500.0000,-0.00412371134,0.1029915506,246750.0000,0.007142857143,0.1244019139,132.7900,0,0.06014090425,128.1731,-0.0452413795,0.02904720974,16,0.3333,0.0000,23,0.2105,0.0000,20,0.3333,-0.0909,10,-0.09090909091,-0.4444,NULL,NULL,NULL,51.0000,0,34.5000,0.9936,0.002071063749,-0.004570118333,0.3125,0.0625,0,NULL,NULL,NULL,0.3913,0.02288329519,-0.04347826087,"Phoenix, AZ",38060,2025-08-01 14:37:32.7980000 +00:00,9512
2015-04-01,2015-06-30,90,neighborhood,1,763327,0,"Fort Mohave, AZ - Rio Palmas",Fort Mohave,Arizona,AZ,Single Family Residential,6,138000.0000,NULL,NULL,NULL,NULL,NULL,75.4098,NULL,NULL,NULL,NULL,NULL,1,0.0000,NULL,1,NULL,NULL,NULL,NULL,NULL,1,NULL,NULL,NULL,NULL,NULL,124.0000,NULL,NULL,0.9590,NULL,NULL,0.0000,NULL,NULL,NULL,NULL,NULL,0.0000,NULL,NULL,"Lake Havasu City, AZ",29420,2025-08-01 14:37:32.7980000 +00:00,9513
2018-05-01,2018-07-31,90,neighborhood,1,551047,0,"Old Tappan, NJ - Pascack Valley",Old Tappan,New Jersey,NJ,Townhouse,13,535000.0000,0.05418719212,-0.1229508197,564000.0000,-0.02168256722,-0.09615384615,254.2114,0.0268958544,-0.008575504994,262.0042,-0.02320999352,-0.1178845049,24,0.2000,-0.0769,26,0.0000,-0.1613,44,0.0476,0.3333,50,0.04166666667,-0.0741,NULL,NULL,NULL,98.5000,-6.5,-55.5000,0.9746,-0.0004883331208,NULL,0.0833,-0.06666666667,0.08333333333,NULL,NULL,NULL,0.1923,-0.03846153846,0.1600496278,"New York, NY",35614,2025-08-01 14:37:32.7980000 +00:00,9514
2018-01-01,2018-03-31,90,neighborhood,1,548112,0,"Rocklin, CA - Mission Hills",Rocklin,California,CA,Single Family Residential,6,543000.0000,0.0626223092,0.1907894737,506940.0000,0.03668711656,0.05174273859,213.5116,0.04583086819,-0.0598444146,218.8284,0.009280279674,0.07286747842,2,1.0000,-0.5000,5,0.6667,-0.1667,6,1.0000,-0.2500,2,0,-0.6000,NULL,NULL,NULL,55.0000,12,41.0000,0.9869,0.01314786585,-0.01875673298,0.0000,0,-0.5,NULL,NULL,NULL,0.6000,0.2666666667,0.2666666667,"Sacramento, CA",40900,2025-08-01 14:37:32.7980000 +00:00,9515
2016-02-01,2016-04-30,90,neighborhood,1,104325,0,"Chandler, AZ - Cameo",Chandler,Arizona,AZ,Single Family Residential,6,221500.0000,0.1172761665,NULL,210000.0000,-0.08096280088,NULL,152.7586,0.09745607101,NULL,148.0959,0.0480398061,NULL,3,0.5000,NULL,5,0.2500,NULL,3,-0.2500,NULL,1,-0.5,NULL,NULL,NULL,NULL,48.0000,19,NULL,0.9919,0.004038179148,NULL,0.0000,0,NULL,NULL,NULL,NULL,0.6000,0.1,NULL,"Phoenix, AZ",38060,2025-08-01 14:37:32.7980000 +00:00,9516
2023-11-01,2024-01-31,90,neighborhood,1,551028,0,"Madison, WI - Bridge-Lakepoint",Madison,Wisconsin,WI,Condo/Co-op,3,235000.0000,0.06818181818,0.2593783494,227500.0000,-0.01086956522,0.3390229547,188.7698,0.01249234287,0.14920925,187.3800,-0.07450592885,0.2528760233,2,-0.3333,0.0000,1,-0.6667,0.0000,2,-0.3333,1.0000,1,0,NULL,NULL,NULL,NULL,28.0000,8,-16.5000,1.0233,-0.03076037993,-0.0112200618,0.5000,-0.5,0,NULL,NULL,NULL,1.0000,0.3333333333,0,"Madison, WI",31540,2025-08-01 14:37:32.7980000 +00:00,9517
2013-05-01,2013-07-31,90,neighborhood,1,222437,0,"Lenexa, KS - Whispering Hills",Lenexa,Kansas,KS,Single Family Residential,6,277500.0000,0.1011904762,0.06118546845,375000.0000,0.4423076923,-0.1007194245,99.9827,0.05592308248,0.2680181447,99.7653,-0.05236306729,0.1857249168,4,0.3333,1.0000,NULL,NULL,NULL,5,0.0000,1.5000,NULL,NULL,NULL,NULL,NULL,NULL,51.0000,10,-335.5000,NULL,NULL,NULL,NULL,NULL,NULL,NULL,NULL,NULL,0.0000,0,0,"Kansas City, MO",28140,2025-08-01 14:37:32.7980000 +00:00,9518
2014-12-01,2015-02-28,90,neighborhood,1,394990,0,"Delray Beach, FL - Delray Shores",Delray Beach,Florida,FL,Single Family Residential,6,155000.0000,0,0.7222222222,189450.0000,0,0.5168134508,127.4671,0,1.008315058,109.2765,-0.09822265703,0.1856927499,1,0.0000,-0.6667,1,0.0000,-0.7500,4,0.0000,-0.2000,3,0,-0.4000,NULL,NULL,NULL,31.0000,0,-94.0000,1.0000,0,-0.1070254111,0.0000,0,-0.6666666667,NULL,NULL,NULL,0.0000,-1,-0.75,"West Palm Beach, FL",48424,2025-08-01 14:37:32.7980000 +00:00,9519
2023-11-01,2024-01-31,90,neighborhood,1,762709,0,"Decatur, IL - St. Mary's",Decatur,Illinois,IL,Single Family Residential,6,80000.0000,0,0.04918032787,70000.0000,0.03780578206,0.1041270693,79.9741,0,0.3874771031,97.2222,0.1443536227,0.562000908,2,0.0000,0.0000,2,0.0000,0.0000,3,-0.2500,0.5000,1,-0.5,0.0000,NULL,NULL,NULL,6.0000,0,-27.0000,0.9854,0,0.03856882036,0.0000,0,0,NULL,NULL,NULL,1.0000,0,1,"Decatur, IL",19500,2025-08-01 14:37:32.7980000 +00:00,9520
2023-01-01,2023-03-31,90,neighborhood,1,761403,0,"Blacksburg, VA - Grissom-Highland",Blacksburg,Virginia,VA,All Residential,-1,372000.0000,0.06285714286,-0.1733333333,399000.0000,0.09690721649,-0.05,217.6617,0.07198383085,0.2012721204,217.2925,0.01627686271,0.1921041292,5,0.6667,-0.2857,5,0.2500,-0.2857,5,0.2500,-0.5833,1,-0.5,-0.5000,NULL,NULL,NULL,5.5000,-4,-32.0000,0.9977,-0.02651119758,0.01304438069,0.2000,-0.1333333333,-0.3714285714,NULL,NULL,NULL,0.8000,0.05,0.8,"Blacksburg, VA",13980,2025-08-01 14:37:32.7980000 +00:00,9521
2023-05-01,2023-07-31,90,neighborhood,1,121882,0,"Fort Collins, CO - Willow Springs",Fort Collins,Colorado,CO,All Residential,-1,745000.0000,0.01016949153,0.04929577465,745000.0000,-0.1183431953,1.04109589,223.1658,0.03340400272,0.05908711285,224.0662,0.05635368263,-0.3566537943,4,-0.3333,-0.6364,6,-0.1429,-0.4000,8,0.3333,-0.1111,3,0,2.0000,NULL,NULL,NULL,30.5000,1.5,10.5000,1.0200,0.02578799792,-0.03201398788,0.2500,-0.08333333333,-0.4772727273,NULL,NULL,NULL,0.5000,-0.07142857143,-0.4,"Fort Collins, CO",22660,2025-08-01 14:37:32.7980000 +00:00,9522
2023-12-01,2024-02-29,90,neighborhood,1,548197,0,"Sacramento, CA - McKinley Village",Sacramento,California,CA,All Residential,-1,1100000.0000,0,0.2121212121,959000.0000,NULL,-0.1356466877,465.5099,0,-0.02398306662,424.7121,NULL,-0.1651219778,1,0.0000,-0.5000,1,0.0000,0.0000,1,NULL,0.0000,1,NULL,0.0000,NULL,NULL,NULL,115.0000,0,101.0000,0.9692,0,-0.02085978679,0.0000,0,-0.5,NULL,NULL,NULL,0.0000,0,0,"Sacramento, CA",40900,2025-08-01 14:37:32.7980000 +00:00,9523
2025-04-01,2025-06-30,90,neighborhood,1,180085,0,"Virginia Beach, VA - Great Neck",Virginia Beach,Virginia,VA,Single Family Residential,6,725000.0000,0.01969057665,0.08208955224,699450.0000,0.000643776824,0.03622222222,294.4641,0.02578172334,0.02496559959,286.5242,-0.02868279625,0.008587311744,85,0.1486,-0.0860,93,0.1071,0.0220,102,0.1209,0.0408,41,0.2424242424,0.2813,NULL,NULL,NULL,17.0000,0,3.0000,0.9981,-0.007435326531,-0.01477528355,0.4235,-0.04944356121,-0.04958886781,NULL,NULL,NULL,0.7312,-0.0188172043,0.04986411438,"Virginia Beach, VA",47260,2025-08-01 14:37:32.7980000 +00:00,9524
2015-10-01,2015-12-31,90,neighborhood,1,348594,0,"Dublin, CA - San Ramon Village",Dublin,California,CA,All Residential,-1,693000.0000,0.01464128843,0.1,699888.0000,0.04930734633,0.1380292683,486.7797,-0.0735483871,0.04555713944,456.4607,-0.08581400177,-0.01878925949,33,0.1379,0.3750,27,-0.2703,0.3500,19,-0.3214,0.2667,3,0.5,-0.5714,NULL,NULL,NULL,15.0000,2,-2.5000,1.0150,-0.001709063094,0.009692281664,0.5455,0.02821316614,0.003787878788,NULL,NULL,NULL,0.4444,0.01201201201,-0.005555555556,"Oakland, CA",36084,2025-08-01 14:37:32.7980000 +00:00,9525
2019-07-01,2019-09-30,90,neighborhood,1,765178,0,"Kokomo, IN - Westside Village",Kokomo,Indiana,IN,All Residential,-1,97000.0000,0,NULL,99900.0000,-0.03431609473,NULL,84.7994,-0.1056724895,NULL,81.9684,-0.08730632825,NULL,5,0.6667,NULL,5,0.6667,NULL,4,0.0000,NULL,1,-0.5,NULL,NULL,NULL,NULL,39.0000,3,NULL,0.9795,-0.01181585678,NULL,0.0000,0,NULL,NULL,NULL,NULL,0.0000,0,NULL,"Kokomo, IN",29020,2025-08-01 14:37:32.7980000 +00:00,9526
2017-04-01,2017-06-30,90,neighborhood,1,150527,0,"Dayton, OH - Southern Dayton View",Dayton,Ohio,OH,All Residential,-1,7000.0000,-0.3,-0.3965517241,25000.0000,-0.03474903475,0.968503937,3.9526,-0.357312253,-0.3700520225,17.7402,0.5724586483,1.018175381,1,-0.6667,-0.5000,1,-0.6667,-0.7500,3,0.5000,-0.6250,9,0.2857142857,-0.4000,NULL,NULL,NULL,464.0000,187,350.0000,0.8761,0.04454098179,-0.1813430833,0.0000,0,-0.5,NULL,NULL,NULL,0.0000,0,-0.25,"Dayton, OH",19430,2025-08-01 14:37:32.7980000 +00:00,9527
2022-07-01,2022-09-30,90,neighborhood,1,764164,0,"Paducah, KY - Deer Lick",Paducah,Kentucky,KY,Townhouse,13,206000.0000,0,NULL,227450.0000,0,NULL,137.2575,0,NULL,132.1307,0,NULL,2,0.0000,NULL,1,0.0000,NULL,2,0.0000,NULL,1,0,NULL,NULL,NULL,NULL,26.5000,0,NULL,0.9803,0,NULL,0.0000,0,NULL,NULL,NULL,NULL,0.0000,0,NULL,"Paducah, KY",37140,2025-08-01 14:37:32.7980000 +00:00,9528
2013-06-01,2013-08-31,90,neighborhood,1,137894,0,"Kendall West, FL - Kendale Lakes West",Kendall West,Florida,FL,All Residential,-1,98000.0000,0.01030927835,0.3802816901,109925.0000,0.02494172494,0.4656666667,101.4823,0.001292284303,0.3179349457,107.4801,0.00575165003,0.4230605587,57,-0.2192,0.0000,85,-0.0116,0.5179,NULL,NULL,NULL,NULL,NULL,NULL,NULL,NULL,NULL,NULL,NULL,NULL,1.0423,0.01214075413,-0.009962668744,0.4737,-0.03316510454,-0.0350877193,NULL,NULL,NULL,0.2471,-0.06689466484,0.2470588235,"Miami, FL",33124,2025-08-01 14:37:32.7980000 +00:00,9529
2018-03-01,2018-05-31,90,neighborhood,1,178060,0,"Louisville, KY - Valley Station",Louisville,Kentucky,KY,Condo/Co-op,3,121250.0000,-0.2177419355,-0.1415929204,87500.0000,0,-0.5624978125,82.5885,0.03235619469,-0.218487075,87.2788,0,-0.2646727614,6,-0.3333,2.0000,4,0.0000,3.0000,5,0.0000,0.0000,1,0,-0.8000,NULL,NULL,NULL,13.0000,-36,-291.5000,0.9828,-0.003521622483,0.03098063179,0.1667,0.05555555556,0.1666666667,NULL,NULL,NULL,0.7500,0,0.75,"Louisville, KY",31140,2025-08-01 14:37:32.7980000 +00:00,9530
2012-07-01,2012-09-30,90,neighborhood,1,145332,0,"Pompano Beach, FL - Lyons Park",Pompano Beach,Florida,FL,Townhouse,13,76000.0000,-0.0843373494,-0.3214285714,190445.0000,0.2092129909,0.03090914012,39.9290,-0.2043072623,-0.2114019521,109.1078,0.09973449442,0.04021492572,5,-0.1667,0.6667,6,0.0000,1.0000,NULL,NULL,NULL,NULL,NULL,NULL,NULL,NULL,NULL,NULL,NULL,NULL,0.9456,0.04728095028,-0.03313928408,0.2000,-0.1333333333,-0.1333333333,NULL,NULL,NULL,0.0000,0,0,"Fort Lauderdale, FL",22744,2025-08-01 14:37:32.7980000 +00:00,9531
2020-06-01,2020-08-31,90,neighborhood,1,186934,0,"Muskegon, MI - Oakview",Muskegon,Michigan,MI,All Residential,-1,65000.0000,0.06557377049,0.1048784634,96450.0000,0.0427027027,0.6101836394,60.1365,-0.09795321637,0.1108498748,75.3403,0.06488018119,0.7885658263,6,-0.1429,-0.5000,8,0.0000,-0.3333,7,0.0000,-0.4615,1,-0.5,-0.8000,NULL,NULL,NULL,29.0000,2.5,10.5000,0.9765,0.01844116494,0.03289722275,0.5000,0.07142857143,0.1666666667,NULL,NULL,NULL,0.3750,0,0.2916666667,"Muskegon, MI",34740,2025-08-01 14:37:32.7980000 +00:00,9532
2023-03-01,2023-05-31,90,neighborhood,1,547629,0,"Millville, MA - Millville Center",Millville,Massachusetts,MA,Single Family Residential,6,385000.0000,0.2833333333,0.4128440367,299900.0000,-0.1892403352,-0.4521373767,368.8368,0.3093706597,1.453815171,194.7403,-0.46572808,-0.2005453532,3,2.0000,0.5000,2,-0.3333,1.0000,5,0.6667,1.5000,3,0.5,NULL,NULL,NULL,NULL,35.0000,-52,-65.5000,1.0177,0.01735418394,-0.04494973421,1.0000,0,0.5,NULL,NULL,NULL,1.0000,0.3333333333,0,"Worcester, MA",49340,2025-08-01 14:37:32.7980000 +00:00,9533
2023-08-01,2023-10-31,90,neighborhood,1,180209,0,"Hampton, VA - Willow Oaks",Hampton,Virginia,VA,Single Family Residential,6,290000.0000,0.0800744879,0.09433962264,272450.0000,-0.009272727273,-0.03386524823,181.1594,-0.05310502643,0.06040135423,180.2501,0.01963645617,0.09198079984,37,-0.1190,-0.3148,47,0.0682,-0.1132,52,0.0000,0.0196,27,0.125,0.0800,NULL,NULL,NULL,20.0000,0,2.0000,1.0150,-0.00710756654,0.01164170365,0.5405,-0.03088803089,0.07757757758,NULL,NULL,NULL,0.6596,0.0004835589942,0.03693295865,"Virginia Beach, VA",47260,2025-08-01 14:37:32.7980000 +00:00,9534
2019-06-01,2019-08-31,90,neighborhood,1,163302,0,"El Paso, TX - High Ridge",El Paso,Texas,TX,All Residential,-1,413500.0000,-0.07134996744,0.08815789474,394950.0000,-0.01237809452,0.0396321079,125.8207,0.004452549272,0.04884677234,125.7689,-0.01284955526,0.05938217029,22,-0.0833,-0.0435,18,-0.1429,-0.2500,28,-0.1515,0.5556,25,-0.1379310345,0.5625,NULL,NULL,NULL,49.0000,7,-2.0000,0.9711,-0.007178217698,-0.008259237505,0.0455,-0.07954545455,-0.04150197628,NULL,NULL,NULL,0.1667,-0.02380952381,0,"El Paso, TX",21340,2025-08-01 14:37:32.7980000 +00:00,9535
2022-06-01,2022-08-31,90,neighborhood,1,225975,0,"San Tan Valley, AZ - Queen Creek Ranchos",San Tan Valley,Arizona,AZ,Single Family Residential,6,900000.0000,-0.05511811024,0.05263157895,1175000.0000,0.3150531617,0.5656229181,371.1340,-0.05227612643,0.1630741664,358.6691,-0.07802042463,0.0243077769,3,0.5000,-0.2500,4,0.3333,-0.2000,5,1.5000,-0.3750,5,0.25,0.6667,NULL,NULL,NULL,70.0000,10,26.0000,0.9564,-0.01285994583,0.00255630667,0.0000,0,-0.25,NULL,NULL,NULL,0.0000,0,-0.4,"Phoenix, AZ",38060,2025-08-01 14:37:32.7980000 +00:00,9536
2015-05-01,2015-07-31,90,neighborhood,1,348010,0,"Hamilton, OH - East Hamilton",Hamilton,Ohio,OH,All Residential,-1,62500.0000,0.2189176012,0.0162601626,62700.0000,0,-0.04855842185,52.5016,0.2308380753,0.08003257034,54.9414,0.04758800729,0.03419174121,77,0.0132,0.1159,94,-0.1296,0.4030,120,0.1321,0.2245,168,0.1052631579,0.3228,NULL,NULL,NULL,83.0000,7,12.0000,0.9622,0.01417106306,0.04091762026,0.1688,0.01093643199,0.1108601543,NULL,NULL,NULL,0.2979,0.03861308117,0.2829469673,"Cincinnati, OH",17140,2025-08-01 14:37:32.7980000 +00:00,9537
2012-09-01,2012-11-30,90,neighborhood,1,515491,0,"North Myrtle Beach, SC - Barefoot Resort",North Myrtle Beach,South Carolina,SC,All Residential,-1,190000.0000,-0.01935483871,0.05555555556,174900.0000,-0.02833333333,-0.0437397485,108.4714,-0.02376572514,-0.01869642011,116.0135,-0.009676549443,-0.008835305247,57,-0.0172,0.0755,57,-0.0172,0.0755,62,-0.0159,-0.1389,140,0.007194244604,-0.1716,NULL,NULL,NULL,171.0000,43,26.0000,0.9489,-0.0001122131539,0.02246016937,0.0526,-0.01633393829,-0.003972194638,NULL,NULL,NULL,0.0000,0,-0.05660377358,"Myrtle Beach, SC",34820,2025-08-01 14:37:32.7980000 +00:00,9538
2024-04-01,2024-06-30,90,neighborhood,1,60683,0,"Los Angeles, CA - Rustic Canyon",Los Angeles,California,CA,All Residential,-1,5325000.0000,0.682464455,0.4629120879,7997500.0000,0.1945481703,0.6156565657,1672.5623,0.3628872691,-0.003896222152,2558.6100,0,0.5237944149,4,3.0000,-0.2000,2,-0.3333,-0.6000,6,0.0000,1.0000,7,0,2.5000,NULL,NULL,NULL,189.0000,161,138.0000,0.9418,0.03984908694,-0.1511436737,0.0000,0,-0.2,NULL,NULL,NULL,0.0000,0,-0.4,"Los Angeles, CA",31084,2025-08-01 14:37:32.7980000 +00:00,9539
2012-01-01,2012-03-31,90,neighborhood,1,744911,0,"Chicopee, MA - Willimansett",Chicopee,Massachusetts,MA,Single Family Residential,6,98500.0000,0,-0.1205357143,137450.0000,0.1004803843,-0.126747141,75.4018,-0.08933054054,-0.007458891705,111.1255,0.2144868331,-0.01312150191,8,-0.2000,1.0000,7,-0.2222,0.7500,14,0.0769,1.3333,27,0,0.3500,NULL,NULL,NULL,97.0000,-26,-39.0000,0.9750,0.02622561969,0.07946713896,0.3750,0.275,0.125,NULL,NULL,NULL,0.0000,0,0,"Springfield, MA",44140,2025-08-01 14:37:32.7980000 +00:00,9540
2020-08-01,2020-10-31,90,neighborhood,1,136969,0,"Tamarac, FL - Woodmont",Tamarac,Florida,FL,Single Family Residential,6,332500.0000,0.007575757576,-0.03623188406,349900.0000,-0.0001414489805,-0.0002857142857,185.2552,-0.00538542323,0.1684260459,192.5926,0.02218298455,0.08534422011,28,0.3333,0.1200,38,0.1176,0.8095,35,0.1667,0.3462,21,-0.2222222222,-0.3824,NULL,NULL,NULL,53.0000,2,-6.5000,0.9817,0.004666510889,0.009433305601,0.2500,0.05952380952,0.13,NULL,NULL,NULL,0.4737,0.06191950464,0.2355889724,"Fort Lauderdale, FL",22744,2025-08-01 14:37:32.7980000 +00:00,9541
2018-09-01,2018-11-30,90,neighborhood,1,557606,0,"Miami, FL - East Grove",Miami,Florida,FL,Single Family Residential,6,915000.0000,-0.1306413302,-0.4096774194,1897500.0000,0.04115226337,0.2274494571,385.1010,-0.02602302722,-0.1356932966,506.3897,0.04489114138,0.1161130916,3,-0.5000,0.0000,5,0.0000,0.6667,16,0.1429,0.3333,26,0.1818181818,0.0400,NULL,NULL,NULL,301.0000,129.5,270.0000,0.9341,-0.002773297529,-0.0192740381,0.0000,0,0,NULL,NULL,NULL,0.0000,0,0,"Miami, FL",33124,2025-08-01 14:37:32.7980000 +00:00,9542
2019-05-01,2019-07-31,90,neighborhood,1,39980,0,"Evanston, IL - Crown Park",Evanston,Illinois,IL,Single Family Residential,6,437500.0000,-0.1745283019,-0.1994510522,415000.0000,0,-0.03488372093,195.1626,-0.4483894769,-0.6397293573,228.0000,0,-0.04170440958,2,1.0000,0.0000,2,-0.3333,NULL,3,-0.4000,0.5000,3,-0.25,0.5000,NULL,NULL,NULL,49.5000,-10.5,17.5000,0.9759,-0.08408224913,-0.003338616795,0.5000,-0.5,0.5,NULL,NULL,NULL,0.0000,-0.3333333333,NULL,"Chicago, IL",16984,2025-08-01 14:37:32.7980000 +00:00,9543
2012-02-01,2012-04-30,90,neighborhood,1,759859,0,"Ames, IA - Downtown Ames",Ames,Iowa,IA,Multi-Family (2-4 Unit),4,83000.0000,0,NULL,NULL,NULL,NULL,40.7462,0,NULL,NULL,NULL,NULL,1,0.0000,NULL,1,0.0000,NULL,NULL,NULL,NULL,NULL,NULL,NULL,NULL,NULL,NULL,263.0000,0,NULL,0.9222,0,NULL,0.0000,0,NULL,NULL,NULL,NULL,0.0000,0,NULL,"Ames, IA",11180,2025-08-01 14:37:32.7980000 +00:00,9544
2022-10-01,2022-12-31,90,neighborhood,1,159070,0,"Chicago, IL - Lake Meadows",Chicago,Illinois,IL,All Residential,-1,265000.0000,-0.2482269504,1.676767677,323000.0000,-0.05693292983,0.5257439773,143.2432,-0.2670197408,0.3158043221,177.4381,0.03811951198,0.1304786964,1,-0.5000,-0.6667,1,0.0000,-0.5000,2,0.0000,0.0000,2,0,0.0000,NULL,NULL,NULL,161.0000,51.5,112.0000,0.9464,-0.02116773676,0.05750395747,0.0000,0,-0.3333333333,NULL,NULL,NULL,1.0000,1,1,"Chicago, IL",16984,2025-08-01 14:37:32.7980000 +00:00,9545
2025-02-01,2025-04-30,90,neighborhood,1,103606,0,"Mesa, AZ - North Garden Grove",Mesa,Arizona,AZ,Multi-Family (2-4 Unit),4,540000.0000,0,NULL,565000.0000,0,NULL,NULL,NULL,NULL,NULL,NULL,NULL,1,0.0000,NULL,1,0.0000,NULL,1,0.0000,NULL,NULL,NULL,NULL,NULL,NULL,NULL,16.0000,0,NULL,0.9558,0,NULL,0.0000,0,NULL,NULL,NULL,NULL,0.0000,0,NULL,"Phoenix, AZ",38060,2025-08-01 14:37:32.7980000 +00:00,9546
2018-10-01,2018-12-31,90,neighborhood,1,350878,0,"Cincinnati, OH - Prospect Hill",Cincinnati,Ohio,OH,Single Family Residential,6,285000.0000,0,NULL,329000.0000,0,NULL,190.0000,0,NULL,211.4396,0.1221363921,NULL,1,0.0000,NULL,2,0.0000,NULL,3,-0.4000,NULL,6,0,NULL,NULL,NULL,NULL,47.0000,0,NULL,0.9503,0,NULL,0.0000,0,NULL,NULL,NULL,NULL,0.0000,0,NULL,"Cincinnati, OH",17140,2025-08-01 14:37:32.7980000 +00:00,9547
2012-03-01,2012-05-31,90,neighborhood,1,108885,0,"San Jose, CA - Flickinger North",San Jose,California,CA,Condo/Co-op,3,140000.0000,-0.3913043478,-0.3,249999.0000,0.06609381663,0.1363590909,207.1006,-0.04491675392,-0.01408450704,252.0151,0.03107466475,0.1363590909,5,0.2500,0.6667,11,0.3750,1.2000,9,1.2500,2.0000,3,0.5,0.0000,NULL,NULL,NULL,162.0000,51.5,72.0000,0.9901,0.01185553522,-0.01032704483,0.6000,0.35,0.2666666667,NULL,NULL,NULL,0.4545,-0.04545454545,0.2545454545,"San Jose, CA",41940,2025-08-01 14:37:32.7980000 +00:00,9548
2022-03-01,2022-05-31,90,neighborhood,1,311912,0,"Bolingbrook, IL - Indian Oaks",Bolingbrook,Illinois,IL,Single Family Residential,6,295500.0000,0.05535714286,0.3031973539,274872.0000,-0.0004654545455,0.1457774073,174.9084,0.01764901765,0.1472555376,161.8276,-0.005299402352,0.04335298691,13,0.1818,0.6250,16,0.1429,0.7778,21,0.4000,0.6154,9,0,0.8000,NULL,NULL,NULL,41.0000,-1,37.5000,1.0701,0.009050157701,0.0627150047,0.8462,0.02797202797,0.4711538462,NULL,NULL,NULL,0.9375,0.008928571429,-0.0625,"Chicago, IL",16984,2025-08-01 14:37:32.7980000 +00:00,9549
2018-08-01,2018-10-31,90,neighborhood,1,115058,0,"Concord, CA - Downtown Concord",Concord,California,CA,Multi-Family (2-4 Unit),4,764000.0000,0,NULL,NULL,NULL,NULL,468.1373,0,NULL,NULL,NULL,NULL,1,0.0000,NULL,1,0.0000,NULL,NULL,NULL,NULL,1,0,NULL,NULL,NULL,NULL,48.0000,0,NULL,0.9935,0,NULL,0.0000,0,NULL,NULL,NULL,NULL,0.0000,0,NULL,"Oakland, CA",36084,2025-08-01 14:37:32.7980000 +00:00,9550
2020-04-01,2020-06-30,90,neighborhood,1,550373,0,"DeLand, FL - Daytona Park Estates",DeLand,Florida,FL,All Residential,-1,202500.0000,0.03899435608,0.1571428571,209950.0000,0.02464616886,0.1354786371,136.8844,0.004667554275,0.0667854658,146.2940,0.006905274673,0.0597830558,28,0.1200,0.1200,37,0.0571,0.2333,41,0.0000,0.3226,34,0,0.6190,NULL,NULL,NULL,39.0000,0,17.0000,0.9946,-0.002139398063,0.02661061229,0.2500,-0.11,0.13,NULL,NULL,NULL,0.3243,-0.07567567568,-0.009009009009,"Deltona, FL",19660,2025-08-01 14:37:32.7980000 +00:00,9551
2019-08-01,2019-10-31,90,neighborhood,1,207082,0,"Manhattan, NY - Washington Heights",Manhattan,New York,NY,Multi-Family (2-4 Unit),4,2150000.0000,0.1764705882,0.5636363636,1234500.0000,0,-0.2616626794,1442.3215,0.4942186186,1.685340326,632.7160,0,-0.3857125734,3,-0.4000,2.0000,3,-0.4000,2.0000,2,0.0000,0.0000,3,0,-0.4000,NULL,NULL,NULL,197.0000,46,-417.0000,0.9393,-0.01127844861,-0.06071428571,0.0000,0,0,NULL,NULL,NULL,0.0000,0,0,"New York, NY",35614,2025-08-01 14:37:32.7980000 +00:00,9552
2018-02-01,2018-04-30,90,neighborhood,1,550376,0,"DeLand, FL - Lago Vista",DeLand,Florida,FL,Single Family Residential,6,243000.0000,0.62,0.8692307692,NULL,NULL,NULL,129.3258,0.03460620525,0.277340738,NULL,NULL,NULL,2,1.0000,1.0000,1,0.0000,NULL,NULL,NULL,NULL,1,0,0.0000,NULL,NULL,NULL,333.0000,294,154.0000,0.9285,0.04566157058,0.1401772686,0.0000,0,0,NULL,NULL,NULL,0.0000,0,NULL,"Deltona, FL",19660,2025-08-01 14:37:32.7980000 +00:00,9553
2016-03-01,2016-05-31,90,neighborhood,1,760954,0,"Evansville, IN - Eastview",Evansville,Indiana,IN,All Residential,-1,49000.0000,-0.209039548,-0.2893401015,56900.0000,0.0364298725,0.08484270734,41.6667,-0.03056768559,-0.0994773977,49.3003,0.09568300419,0.1730290864,5,-0.1667,0.2500,5,-0.1667,0.2500,8,0.6000,0.1429,13,0.08333333333,0.3000,NULL,NULL,NULL,183.0000,5.5,10.0000,0.9533,-0.005899875711,0.001465468499,0.0000,0,0,NULL,NULL,NULL,0.0000,0,0,"Evansville, IN",21780,2025-08-01 14:37:32.7980000 +00:00,9554
2012-11-01,2013-01-31,90,neighborhood,1,352516,0,"Marrero, LA - Ames Farms 5",Marrero,Louisiana,LA,Single Family Residential,6,56700.0000,0,NULL,NULL,NULL,NULL,45.3600,0,NULL,NULL,NULL,NULL,1,0.0000,NULL,1,0.0000,NULL,NULL,NULL,NULL,NULL,NULL,NULL,NULL,NULL,NULL,46.0000,0,NULL,0.9610,0,NULL,0.0000,0,NULL,NULL,NULL,NULL,0.0000,0,NULL,"New Orleans, LA",35380,2025-08-01 14:37:32.7980000 +00:00,9555
2015-07-01,2015-09-30,90,neighborhood,1,291261,0,"Palm Desert, CA - Desert Breezes",Palm Desert,California,CA,Single Family Residential,6,346000.0000,0.08125,0.2087336245,330500.0000,-0.1909424725,-0.2960596379,173.8679,0.03908168801,-0.03198881454,210.0740,0.01741869389,0.0425398732,4,-0.2000,-0.3333,6,0.0000,0.5000,6,0.5000,0.2000,11,0.375,0.5714,NULL,NULL,NULL,124.5000,-14.5,51.0000,0.9529,0.005987982737,0.002803625768,0.0000,0,0,NULL,NULL,NULL,0.0000,0,-0.25,"Riverside, CA",40140,2025-08-01 14:37:32.7980000 +00:00,9556
2022-01-01,2022-03-31,90,neighborhood,1,548864,0,"York, SC - Lincoln",York,South Carolina,SC,All Residential,-1,74486.0000,0,NULL,49900.0000,0,NULL,53.1329,0,NULL,52.4160,0,NULL,2,0.0000,NULL,NULL,NULL,NULL,1,0.0000,NULL,NULL,NULL,NULL,NULL,NULL,NULL,23.0000,0,NULL,1.1236,0,NULL,0.5000,0,NULL,NULL,NULL,NULL,1.0000,0,NULL,"Charlotte, NC",16740,2025-08-01 14:37:32.7980000 +00:00,9557
2018-07-01,2018-09-30,90,neighborhood,1,152039,0,"Dayton, OH - Walnut Hills",Dayton,Ohio,OH,All Residential,-1,64450.0000,0.3033367037,0.1739526412,63950.0000,-0.06574141709,-0.01463790447,40.6068,0.05603493227,0.0323144274,45.5196,0.09803818273,0.1856641873,24,0.0000,-0.0400,23,-0.2069,-0.1154,26,-0.0714,-0.0370,30,0.25,-0.0625,NULL,NULL,NULL,52.0000,4,-20.5000,0.9654,0.02701062056,0.04407798211,0.2917,-0.04166666667,0.2516666667,NULL,NULL,NULL,0.3043,-0.005997001499,-0.04180602007,"Dayton, OH",19430,2025-08-01 14:37:32.7980000 +00:00,9558
2019-11-01,2020-01-31,90,neighborhood,1,83032,0,"North Bergen, NJ - Meadowview",North Bergen,New Jersey,NJ,Single Family Residential,6,355000.0000,0.1128526646,-0.2282608696,275000.0000,-0.2666666667,-0.1129032258,273.9198,0,0.1474747475,271.0774,-0.1094202899,0.3693782331,1,-0.6667,-0.8000,1,-0.6667,-0.7500,2,-0.3333,1.0000,2,-0.3333333333,-0.5000,NULL,NULL,NULL,9.0000,-48,-84.0000,0.8897,-0.02864533128,-0.05599789002,0.0000,0,-0.2,NULL,NULL,NULL,0.0000,0,0,"New York, NY",35614,2025-08-01 14:37:32.7980000 +00:00,9559
2022-02-01,2022-04-30,90,neighborhood,1,604768,0,"Harding-Birch Lakes, AK - Lost Lake",Harding-Birch Lakes,Alaska,AK,Single Family Residential,6,177500.0000,NULL,NULL,188750.0000,NULL,NULL,63.9409,NULL,NULL,147.7112,NULL,NULL,1,0.0000,NULL,1,NULL,NULL,2,NULL,NULL,1,NULL,NULL,NULL,NULL,NULL,75.0000,NULL,NULL,NULL,NULL,NULL,0.0000,NULL,NULL,NULL,NULL,NULL,0.0000,NULL,NULL,"Fairbanks, AK",21820,2025-08-01 14:37:32.7980000 +00:00,9560
2022-04-01,2022-06-30,90,neighborhood,1,189834,0,"Minneapolis, MN - Marcy-Holmes",Minneapolis,Minnesota,MN,Multi-Family (2-4 Unit),4,415000.0000,0.02469135802,0.350238976,550000.0000,0,0.164021164,238.6935,0.1135982408,0.6541457286,230.3183,0.2277734828,0.06316401462,3,-0.2500,-0.2500,3,0.0000,-0.6250,3,0.0000,-0.5714,2,1,0.0000,NULL,NULL,NULL,19.0000,12,-8.0000,1.0112,-0.003762035146,0.01119228566,0.6667,-0.08333333333,0.6666666667,NULL,NULL,NULL,1.0000,0.3333333333,0.875,"Minneapolis, MN",33460,2025-08-01 14:37:32.7980000 +00:00,9561
2013-10-01,2013-12-31,90,neighborhood,1,550544,0,"Detroit, MI - Piety Hill",Detroit,Michigan,MI,Single Family Residential,6,18750.0000,-0.3534482759,NULL,15450.0000,-0.3102678571,NULL,9.2698,-0.3328804233,NULL,6.5770,-0.4720804062,NULL,2,-0.6000,NULL,2,-0.6000,NULL,2,0.0000,NULL,2,-0.3333333333,NULL,NULL,NULL,NULL,110.0000,0,NULL,0.8749,-0.1237454637,NULL,0.0000,-0.2,NULL,NULL,NULL,NULL,0.0000,0,NULL,"Detroit, MI",19804,2025-08-01 14:37:32.7980000 +00:00,9562
2024-05-01,2024-07-31,90,neighborhood,1,178102,0,"Louisville, KY - Klondike",Louisville,Kentucky,KY,Single Family Residential,6,273500.0000,0.04789272031,0.02052238806,272400.0000,0.009262689885,0.0896,153.2857,0.1546478401,-0.04293026107,169.5360,0.1419526521,0.1529248818,12,0.2000,-0.2000,13,0.1818,-0.2353,14,0.2727,-0.2222,5,4,0.2500,NULL,NULL,NULL,4.5000,-5.5,-8.5000,1.0039,0.01510452038,-0.008430856555,0.3333,0.03333333333,-0.1333333333,NULL,NULL,NULL,0.9231,0.01398601399,0.0407239819,"Louisville, KY",31140,2025-08-01 14:37:32.7980000 +00:00,9563
2020-04-01,2020-06-30,90,neighborhood,1,555182,0,"Concord, NH - Abbott-Downing",Concord,New Hampshire,NH,Multi-Family (2-4 Unit),4,236500.0000,-0.1336996337,-0.2181818182,269500.0000,0.1276150628,-0.06747404844,93.1359,-0.2876637521,0.1382354281,82.8449,0.2485660451,-0.03705816958,2,1.0000,0.0000,2,1.0000,-0.5000,2,1.0000,-0.6000,NULL,NULL,NULL,NULL,NULL,NULL,8.0000,3,-34.0000,0.9242,-0.08733282589,-0.03123769327,0.5000,-0.5,0,NULL,NULL,NULL,1.0000,0,0.75,"Concord, NH",18180,2025-08-01 14:37:32.7980000 +00:00,9564
2021-06-01,2021-08-31,90,neighborhood,1,127439,0,"Charlotte, NC - Third Ward",Charlotte,North Carolina,NC,All Residential,-1,375750.0000,-0.03009230579,0.176056338,366700.0000,-0.03245382586,-0.08325,342.7881,0.02106827514,0.1743273899,333.1570,0.04513178778,0.01578791892,36,0.2000,0.3846,NULL,NULL,NULL,32,-0.1111,0.0323,21,-0.04545454545,-0.3000,NULL,NULL,NULL,56.0000,4,-2.5000,0.9838,-0.002995645595,0.005929350557,0.2222,-0.04444444444,0.02991452991,NULL,NULL,NULL,0.4333,-0.05151515152,-0.06666666667,"Charlotte, NC",16740,2025-08-01 14:37:32.7980000 +00:00,9565
2012-08-01,2012-10-31,90,neighborhood,1,605877,0,"Anchorage, AK - Girdwood",Anchorage,Alaska,AK,Single Family Residential,6,350000.0000,NULL,0.02339181287,259000.0000,NULL,-0.200617284,183.9201,NULL,-0.1443949689,243.4211,NULL,0.03929108845,1,0.0000,0.0000,1,NULL,0.0000,1,NULL,-0.5000,2,NULL,-0.5000,NULL,NULL,NULL,78.0000,NULL,-132.0000,1.0000,NULL,0.02005730659,0.0000,NULL,0,NULL,NULL,NULL,0.0000,NULL,0,"Anchorage, AK",11260,2025-08-01 14:37:32.7980000 +00:00,9566
2024-12-01,2025-02-28,90,neighborhood,1,150107,0,"Columbus, OH - Wexford-Thornapple",Columbus,Ohio,OH,Single Family Residential,6,397500.0000,0.0628342246,0.1865671642,348000.0000,-0.03306474021,0.03911615408,181.4516,-0.04006243496,0.02175960634,188.2210,0.001161759818,0.159702149,13,-0.1333,0.3000,16,0.1429,1.0000,11,0.2222,0.1000,7,0.1666666667,-0.3000,NULL,NULL,NULL,49.0000,-1,-5.5000,1.0002,0.00658067592,0.02749362661,0.3846,0.1179487179,0.08461538462,NULL,NULL,NULL,0.5625,0.1339285714,0.0625,"Columbus, OH",18140,2025-08-01 14:37:32.7980000 +00:00,9567
2021-06-01,2021-08-31,90,neighborhood,1,104147,0,"Surprise, AZ - Mountain Vista Ranch",Surprise,Arizona,AZ,Single Family Residential,6,385500.0000,0.04189189189,0.4884169884,370000.0000,0.02777777778,0.3962264151,214.7617,-0.008095578828,0.32998824,214.6034,-0.005394616536,0.3142191544,38,0.0000,0.3103,31,-0.1842,-0.0313,38,0.0270,0.0270,12,0.3333333333,0.2000,NULL,NULL,NULL,15.0000,-9,9.0000,1.0434,-0.0006450312816,0.04216269595,0.7632,0.02631578947,0.4872958258,NULL,NULL,NULL,0.8710,0.1341256367,-0.004032258065,"Phoenix, AZ",38060,2025-08-01 14:37:32.7980000 +00:00,9568
2015-01-01,2015-03-31,90,neighborhood,1,550451,0,"Rochester, MI - Hillcrest",Rochester,Michigan,MI,Single Family Residential,6,334450.0000,0.08341431811,NULL,364450.0000,0,NULL,165.4906,-0.07767399835,NULL,138.6955,-0.05489906779,NULL,2,0.0000,NULL,2,0.0000,NULL,4,1.0000,NULL,1,0,NULL,NULL,NULL,NULL,61.5000,-29,NULL,0.9875,0.03571428571,NULL,0.0000,0,NULL,NULL,NULL,NULL,0.0000,0,NULL,"Warren, MI",47664,2025-08-01 14:37:32.7980000 +00:00,9569
2020-07-01,2020-09-30,90,neighborhood,1,224178,0,"New York, NY - Bedford-Stuyvesant",New York,New York,NY,Multi-Family (2-4 Unit),4,1400000.0000,-0.04240766074,0.03703703704,1650000.0000,0,0.1190233978,569.9950,0.003926655348,0.02989208382,641.7411,-0.02547934262,0.1331377257,25,-0.2188,-0.5098,36,0.2414,-0.3684,109,0.1122,0.3625,181,0.09696969697,0.1753,NULL,NULL,NULL,176.0000,6.5,8.5000,0.9640,-0.03373623174,-0.009535850201,0.0800,-0.1075,-0.03764705882,NULL,NULL,NULL,0.0278,-0.006704980843,-0.00730994152,"New York, NY",35614,2025-08-01 14:37:32.7980000 +00:00,9570
2012-06-01,2012-08-31,90,neighborhood,1,556697,0,"Spanish Fork, UT - Downtown Spanish Forks",Spanish Fork,Utah,UT,Single Family Residential,6,165000.0000,NULL,NULL,159400.0000,NULL,NULL,75.9669,NULL,NULL,74.8457,NULL,NULL,1,0.0000,NULL,1,NULL,NULL,2,NULL,NULL,1,NULL,NULL,NULL,NULL,NULL,50.0000,NULL,NULL,0.9769,NULL,NULL,0.0000,NULL,NULL,NULL,NULL,NULL,0.0000,NULL,NULL,"Provo, UT",39340,2025-08-01 14:37:32.7980000 +00:00,9571
2022-07-01,2022-09-30,90,neighborhood,1,551882,0,"Lincoln, NE - Far South",Lincoln,Nebraska,NE,All Residential,-1,339000.0000,0.1006493506,0.4739130435,NULL,NULL,NULL,137.1359,-0.1037991334,0.002366173272,NULL,NULL,NULL,1,-0.5000,-0.7500,NULL,NULL,NULL,NULL,NULL,NULL,NULL,NULL,NULL,NULL,NULL,NULL,26.0000,11.5,16.5000,1.0000,-0.01486988848,-0.01281143368,0.0000,-0.5,-0.75,NULL,NULL,NULL,NULL,NULL,NULL,"Lincoln, NE",30700,2025-08-01 14:37:32.7980000 +00:00,9572
2012-04-01,2012-06-30,90,neighborhood,1,112813,0,"Pasadena, CA - Villa Parke",Pasadena,California,CA,Townhouse,13,294900.0000,NULL,0.03473684211,NULL,NULL,NULL,187.3571,NULL,-0.3005336722,NULL,NULL,NULL,1,0.0000,0.0000,2,NULL,NULL,NULL,NULL,NULL,1,NULL,0.0000,NULL,NULL,NULL,171.0000,NULL,24.0000,1.0000,NULL,-0.03636363636,0.0000,NULL,-1,NULL,NULL,NULL,0.0000,NULL,NULL,"Los Angeles, CA",31084,2025-08-01 14:37:32.7980000 +00:00,9573
2017-12-01,2018-02-28,90,neighborhood,1,158742,0,"Chicago, IL - Washington Park",Chicago,Illinois,IL,Condo/Co-op,3,40000.0000,-0.4594594595,-0.2558139535,85000.0000,0.2142857143,0.3494205429,46.6865,-0.06626909676,0.3484251439,65.3654,0.124515023,0.2457193287,7,-0.1250,-0.4167,9,-0.2500,-0.1818,8,0.0000,-0.2000,9,-0.1,-0.1000,NULL,NULL,NULL,55.0000,-14.5,-6.0000,1.0012,-0.03492750142,0.08223790279,0.2857,-0.08928571429,0.03571428571,NULL,NULL,NULL,0.3333,0.08333333333,0.2424242424,"Chicago, IL",16984,2025-08-01 14:37:32.7980000 +00:00,9574
2016-06-01,2016-08-31,90,neighborhood,1,161030,0,"Memphis, TN - Glenview",Memphis,Tennessee,TN,All Residential,-1,16000.0000,-0.5428571429,-0.5114503817,20000.0000,-0.4987468672,0.06951871658,10.0000,-0.3102857143,-0.6652719665,9.2857,-0.4382026495,-0.3048128342,5,0.6667,1.5000,6,-0.2500,0.5000,3,-0.4000,-0.4000,5,0.6666666667,-0.6154,NULL,NULL,NULL,114.0000,6,3.0000,0.7971,-0.100933237,-0.06032175615,0.2000,-0.1333333333,0.2,NULL,NULL,NULL,0.1667,0.04166666667,0.1666666667,"Memphis, TN",32820,2025-08-01 14:37:32.7980000 +00:00,9575
2020-07-01,2020-09-30,90,neighborhood,1,161230,0,"Knoxville, TN - Park City",Knoxville,Tennessee,TN,Single Family Residential,6,118000.0000,0.2356020942,0.1859296482,114450.0000,-0.06495098039,0.1031325301,103.0369,0.2549725245,0.2822366835,95.2670,-0.01425626357,0.2434822209,13,0.3000,0.4444,14,0.1667,0.0769,14,0.1667,0.0000,10,-0.09090909091,-0.0909,NULL,NULL,NULL,49.0000,-3,8.0000,0.9792,-0.02040153278,-0.02577991584,0.3846,-0.01538461538,0.05128205128,NULL,NULL,NULL,0.5000,-0.08333333333,0.1153846154,"Knoxville, TN",28940,2025-08-01 14:37:32.7980000 +00:00,9576
2019-01-01,2019-03-31,90,neighborhood,1,179299,0,"Newport News, VA - Carleton Falls",Newport News,Virginia,VA,Townhouse,13,153000.0000,0,0.1415695462,199900.0000,NULL,0,88.7471,0,-0.02330911795,137.4828,NULL,0.2379642366,1,0.0000,-0.5000,NULL,NULL,NULL,1,NULL,-0.6667,1,NULL,-0.5000,NULL,NULL,NULL,190.0000,0,8.0000,0.9871,0,-0.03681626928,0.0000,0,-0.5,NULL,NULL,NULL,NULL,NULL,NULL,"Virginia Beach, VA",47260,2025-08-01 14:37:32.7980000 +00:00,9577
2021-08-01,2021-10-31,90,neighborhood,1,189400,0,"St. Louis Park, MN - Blackstone",St. Louis Park,Minnesota,MN,Townhouse,13,430000.0000,0.1466666667,0.2233285917,365000.0000,-0.1511627907,-0.03183023873,248.8426,0.09888888889,0.1457500666,219.9627,-0.1160568805,-0.02739114278,1,0.0000,-0.7500,1,0.0000,-0.5000,2,1.0000,-0.5000,1,NULL,-0.5000,NULL,NULL,NULL,17.0000,12,5.0000,1.0000,0,-0.02365925476,0.0000,0,-0.75,NULL,NULL,NULL,1.0000,0,0.5,"Minneapolis, MN",33460,2025-08-01 14:37:32.7980000 +00:00,9578
2015-09-01,2015-11-30,90,neighborhood,1,127628,0,"Charlotte, NC - Westchester",Charlotte,North Carolina,NC,All Residential,-1,100500.0000,-0.09459459459,0.4512635379,97500.0000,-0.01215805471,0.1337209302,71.8788,-0.01478528962,0.2027301869,72.3404,0.0229051765,0.06163163022,8,-0.3333,-0.3333,NULL,NULL,NULL,13,0.3000,0.3000,10,0.4285714286,0.4286,NULL,NULL,NULL,103.0000,36.5,59.5000,0.9696,-0.003326345383,-0.00873851799,0.1250,0.04166666667,-0.2083333333,NULL,NULL,NULL,0.7500,0.03571428571,0.3928571429,"Charlotte, NC",16740,2025-08-01 14:37:32.7980000 +00:00,9579
2022-02-01,2022-04-30,90,neighborhood,1,549811,0,"Maplewood, MN - Sherwood Glen",Maplewood,Minnesota,MN,Single Family Residential,6,300000.0000,0.09090909091,0.1131725417,314750.0000,0.05798319328,0.1344386376,186.5277,0.02112602345,0.02544538428,168.4521,-0.02672344943,-0.0302831943,14,0.5556,0.4000,15,0.5000,0.2500,16,0.1429,0.3333,2,-0.5,0.0000,NULL,NULL,NULL,7.0000,-10,-18.5000,1.0751,0.0177514749,0.01879454445,0.8571,0.07936507937,0.05714285714,NULL,NULL,NULL,0.8000,-0.1,0.05,"Minneapolis, MN",33460,2025-08-01 14:37:32.7980000 +00:00,9580
2016-10-01,2016-12-31,90,neighborhood,1,147258,0,"Atlanta, GA - Midtown",Atlanta,Georgia,GA,Condo/Co-op,3,251000.0000,0.004,0.02365415987,250000.0000,-0.09057839214,0.02040816327,264.3725,0.01110877157,-0.009949582115,280.6595,-0.03490954522,0.003357843137,181,-0.0216,-0.0055,173,-0.0798,-0.0847,186,-0.2500,0.0164,183,-0.1408450704,0.1961,NULL,NULL,NULL,42.5000,1.5,-5.5000,0.9785,-0.00385061491,-0.00134836508,0.1215,-0.04061520084,0.03912937891,NULL,NULL,NULL,0.3121,-0.02828680359,0.06875248494,"Atlanta, GA",12060,2025-08-01 14:37:32.7980000 +00:00,9581
2012-04-01,2012-06-30,90,neighborhood,1,129245,0,"Sunrise, FL - Sunrise Lakes",Sunrise,Florida,FL,All Residential,-1,27000.0000,0.03846153846,0.08,28700.0000,-0.08888888889,0.1619433198,31.2500,0.04166666667,0.1659314134,31.9513,-0.1109210128,0.05463421792,123,-0.1633,-0.0238,120,-0.1892,-0.0083,NULL,NULL,NULL,NULL,NULL,NULL,NULL,NULL,NULL,NULL,NULL,NULL,0.9330,0.004716185342,0.01313326447,0.0894,0.02140368342,-0.08517228029,NULL,NULL,NULL,0.0000,0,0,"Fort Lauderdale, FL",22744,2025-08-01 14:37:32.7980000 +00:00,9582
2014-05-01,2014-07-31,90,neighborhood,1,762631,0,"Sioux City, IA - East Side Sioux City",Sioux City,Iowa,IA,Single Family Residential,6,45500.0000,-0.02984040342,-0.3737095664,116000.0000,0.2210526316,-0.05286793223,31.2829,0,-0.2184651404,65.9722,0.03451269157,-0.005638376005,4,1.0000,3.0000,4,1.0000,3.0000,5,0.0000,1.5000,4,-0.2,3.0000,NULL,NULL,NULL,143.5000,0,94.5000,0.9534,0.03656716183,-0.01588003708,0.0000,0,0,NULL,NULL,NULL,0.0000,0,0,"Sioux City, IA",43580,2025-08-01 14:37:32.7980000 +00:00,9583
2017-09-01,2017-11-30,90,neighborhood,1,762498,0,"Norwalk, CT - Brookside",Norwalk,Connecticut,CT,All Residential,-1,379000.0000,-0.07164727495,0.09855072464,327498.5000,-0.07092624113,-0.09028194444,225.1462,-0.008014522883,0.01490245796,225.8813,-0.006837097756,-0.139000191,33,0.0313,0.0313,32,0.0323,0.0000,24,-0.1429,-0.3514,37,-0.05128205128,-0.2600,NULL,NULL,NULL,91.0000,5.5,33.5000,0.9790,0.005277820641,0.02059085758,0.2424,0.02367424242,0.1799242424,NULL,NULL,NULL,0.0000,0,0,"Bridgeport, CT",14860,2025-08-01 14:37:32.7980000 +00:00,9584
2019-07-01,2019-09-30,90,neighborhood,1,159336,0,"Chicago, IL - Belmont Terrace",Chicago,Illinois,IL,Single Family Residential,6,263000.0000,0.0253411306,-0.1975591152,284450.0000,-0.01574394464,-0.1247692308,200.0000,0.07052227796,-0.03034482759,222.1050,0.1555880912,0.2343739467,13,0.0833,0.4444,11,-0.1538,0.8333,12,-0.0769,0.3333,12,0.2,0.3333,NULL,NULL,NULL,28.0000,1,4.0000,0.9588,-0.01626320249,-0.01709416594,0.0769,-0.1730769231,-0.03418803419,NULL,NULL,NULL,0.2727,-0.1888111888,0.1060606061,"Chicago, IL",16984,2025-08-01 14:37:32.7980000 +00:00,9585
2023-11-01,2024-01-31,90,neighborhood,1,87547,0,"Jacksonville, FL - Glynlea-Grove Park",Jacksonville,Florida,FL,Single Family Residential,6,290000.0000,-0.1654676259,0.03571428571,392500.0000,0.3946877498,0.5096153846,181.3062,-0.0444843019,-0.01335694629,196.1856,0.02563613561,0.09597535201,8,-0.2000,-0.5789,10,0.6667,-0.4444,10,0.2500,-0.2308,9,0.2857142857,0.1250,NULL,NULL,NULL,40.0000,-13,1.0000,0.9364,-0.04173755578,-0.05501660739,0.1250,-0.075,-0.1381578947,NULL,NULL,NULL,0.3000,-0.03333333333,0.02222222222,"Jacksonville, FL",27260,2025-08-01 14:37:32.7980000 +00:00,9586
2024-04-01,2024-06-30,90,neighborhood,1,308259,0,"Hawthorn Woods, IL - Hawthorn Woods Country Club",Hawthorn Woods,Illinois,IL,Single Family Residential,6,753425.0000,0,0.2250813008,675860.0000,-0.01977534282,-0.002413301943,213.9037,-0.02645651562,0.08759761036,208.9462,-0.009222401009,0.09501663968,17,0.1333,0.8889,23,0.0455,1.0909,13,-0.1333,0.0833,19,-0.05,0.3571,NULL,NULL,NULL,84.0000,0,12.0000,0.9888,-0.02021248415,-0.02892658599,0.1765,-0.1568627451,-0.3790849673,NULL,NULL,NULL,0.3043,0.03162055336,-0.1501976285,"Lake County, IL",29404,2025-08-01 14:37:32.7980000 +00:00,9587
2025-01-01,2025-03-31,90,neighborhood,1,186311,0,"Chelsea, MA - Lower Broadway",Chelsea,Massachusetts,MA,Single Family Residential,6,780000.0000,NULL,NULL,762400.0000,NULL,NULL,443.1818,NULL,NULL,504.1951,NULL,NULL,1,0.0000,NULL,1,NULL,NULL,2,NULL,NULL,1,NULL,NULL,NULL,NULL,NULL,8.0000,NULL,NULL,1.0066,NULL,NULL,1.0000,NULL,NULL,NULL,NULL,NULL,1.0000,NULL,NULL,"Boston, MA",14454,2025-08-01 14:37:32.7980000 +00:00,9588
2016-05-01,2016-07-31,90,neighborhood,1,550947,0,"Sun Prairie, WI - Old Village",Sun Prairie,Wisconsin,WI,Single Family Residential,6,152800.0000,-0.07112462006,-0.045,159950.0000,-0.1581578947,-0.1342354533,124.4570,-0.01838673712,0.141569905,117.2001,-0.01878987446,-0.001454636858,5,0.6667,-0.2857,4,0.0000,-0.6000,4,-0.2000,0.0000,4,-0.3333333333,0.0000,NULL,NULL,NULL,104.0000,11,25.0000,0.9918,0.02365347763,0.005289939877,0.4000,0.06666666667,0.1142857143,NULL,NULL,NULL,0.0000,0,-0.2,"Madison, WI",31540,2025-08-01 14:37:32.7980000 +00:00,9589
2024-10-01,2024-12-31,90,neighborhood,1,224175,0,"Fishers, IN - Berkley Grove",Fishers,Indiana,IN,All Residential,-1,437450.0000,0,0.1514872335,NULL,NULL,NULL,143.9944,0,-0.1600640134,NULL,NULL,NULL,2,0.0000,-0.3333,1,-0.5000,-0.6667,NULL,NULL,NULL,NULL,NULL,NULL,NULL,NULL,NULL,21.0000,0,3.0000,1.0151,0,0.02360773354,0.5000,0,0.5,NULL,NULL,NULL,0.0000,-0.5,-0.6666666667,"Indianapolis, IN",26900,2025-08-01 14:37:32.7980000 +00:00,9590
2020-12-01,2021-02-28,90,neighborhood,1,550328,0,"Odessa, FL - Starkey Ranch",Odessa,Florida,FL,All Residential,-1,453647.0000,-0.02317564221,0.2279597165,553005.0000,0.1771423584,0.3181442223,175.1813,0.02924779578,0.1084085234,182.4577,0.03516467652,0.1379945375,82,0.0933,-0.0889,97,0.0000,0.5902,87,-0.0938,0.0235,10,-0.5,-0.7500,NULL,NULL,NULL,24.0000,-1,-35.0000,0.9952,-0.0007266879763,0.002171041075,0.1098,0.02975609756,0.04308943089,NULL,NULL,NULL,0.6392,0.0412371134,0.01622443806,"Tampa, FL",45300,2025-08-01 14:37:32.7980000 +00:00,9591
2020-04-01,2020-06-30,90,neighborhood,1,760343,0,"Mobile, AL - Rosedale",Mobile,Alabama,AL,Single Family Residential,6,62000.0000,0.6305062459,NULL,17500.0000,NULL,NULL,40.9836,0.837660728,NULL,19.0011,NULL,NULL,7,0.0000,NULL,5,0.0000,NULL,1,NULL,NULL,1,NULL,NULL,NULL,NULL,NULL,343.0000,0,NULL,0.8383,-0.02864992151,NULL,0.0000,-0.1428571429,NULL,NULL,NULL,NULL,0.0000,0,NULL,"Mobile, AL",33660,2025-08-01 14:37:32.7980000 +00:00,9592
2023-08-01,2023-10-31,90,neighborhood,1,120180,0,"Manchester, NH - Hallsville",Manchester,New Hampshire,NH,Condo/Co-op,3,260000.0000,0.0603588907,0.4054054054,249950.0000,0,0.08721183123,346.2051,-0.0961240868,-0.0642571809,291.2809,-0.08937998456,-0.09881675995,5,0.0000,0.0000,5,0.0000,0.2500,4,-0.3333,0.0000,1,-0.5,0.0000,NULL,NULL,NULL,13.0000,0,8.0000,1.0221,0.007116692831,-0.001102297685,0.8000,0,0,NULL,NULL,NULL,1.0000,0,0,"Manchester, NH",31700,2025-08-01 14:37:32.7980000 +00:00,9593
2018-08-01,2018-10-31,90,neighborhood,1,547901,0,"Warrenville, IL - Downtown Warrenville",Warrenville,Illinois,IL,All Residential,-1,438000.0000,0.3313069909,1.110843373,409600.0000,0.4172814217,NULL,128.8541,-0.01773212834,0.2556290509,203.1746,0.1568873924,NULL,3,-0.4000,0.0000,3,-0.2500,0.0000,7,0.1667,NULL,8,0.3333333333,1.6667,NULL,NULL,NULL,45.0000,-4,-61.0000,0.9693,0.00195547717,0.03824271473,0.0000,0,0,NULL,NULL,NULL,0.0000,-0.25,0,"Chicago, IL",16984,2025-08-01 14:37:32.7980000 +00:00,9594
2022-10-01,2022-12-31,90,neighborhood,1,767504,0,"Shreveport, LA - Shorewood Hills",Shreveport,Louisiana,LA,Single Family Residential,6,262500.0000,0,0.100859719,179900.0000,0,-0.271659919,96.1565,0,-0.1565100419,119.9333,0,0.02895450325,2,0.0000,-0.6667,1,-0.5000,-0.8000,1,0.0000,-0.8000,2,0,-0.5000,NULL,NULL,NULL,127.0000,0,121.0000,0.9804,0,-0.03102641082,0.0000,0,-0.3333333333,NULL,NULL,NULL,0.0000,0,-0.6,"Shreveport, LA",43340,2025-08-01 14:37:32.7980000 +00:00,9595
2017-02-01,2017-04-30,90,neighborhood,1,49875,0,"Fort Worth, TX - Polytechnic Heights",Fort Worth,Texas,TX,All Residential,-1,95000.0000,0.2837837838,1.676056338,100400.0000,0.4363376252,1.008,66.9811,0.1027448122,0.9180960549,64.2616,0.2362952454,0.3052096307,9,-0.1000,0.8000,13,-0.0714,0.8571,12,0.3333,1.0000,7,0,0.7500,NULL,NULL,NULL,85.5000,18.5,57.5000,0.9632,-0.002033247945,-0.06430852403,0.1111,0.01111111111,-0.2888888889,NULL,NULL,NULL,0.4615,0.1758241758,-0.1098901099,"Fort Worth, TX",23104,2025-08-01 14:37:32.7980000 +00:00,9596
2013-12-01,2014-02-28,90,neighborhood,1,398244,0,"Greenacres, FL - Fountains of Palm Beach",Greenacres,Florida,FL,Townhouse,13,69950.0000,0.2718181818,0.07615384615,109450.0000,0.1055555556,0.2297890988,39.6905,0.08246906939,0.2429185557,65.0789,0.05668619106,0.4829391933,6,1.0000,0.2000,10,0.4286,0.6667,10,-0.0909,2.3333,21,0.2352941176,0.9091,NULL,NULL,NULL,165.5000,110.5,75.5000,0.9069,-0.03603420174,0.03955816556,0.0000,0,0,NULL,NULL,NULL,0.0000,0,0,"West Palm Beach, FL",48424,2025-08-01 14:37:32.7980000 +00:00,9597
2013-01-01,2013-03-31,90,neighborhood,1,348265,0,"Gretna, LA - Westlawn",Gretna,Louisiana,LA,All Residential,-1,39850.0000,0,NULL,NULL,NULL,NULL,31.9886,0,NULL,NULL,NULL,NULL,2,0.0000,NULL,2,0.0000,NULL,NULL,NULL,NULL,1,0,NULL,NULL,NULL,NULL,246.5000,0,NULL,1.0208,0,NULL,0.5000,0,NULL,NULL,NULL,NULL,0.0000,0,NULL,"New Orleans, LA",35380,2025-08-01 14:37:32.7980000 +00:00,9598
2015-11-01,2016-01-31,90,neighborhood,1,555608,0,"Albany, OR - East Albany",Albany,Oregon,OR,All Residential,-1,192000.0000,-0.05395417591,0.08016877637,201975.0000,0.03576923077,0.09175675676,133.8441,0.003644818213,0.08161631943,141.5199,0.007563639536,0.1127136103,23,0.0455,0.9167,28,0.1667,0.2174,29,0.5263,1.0714,18,0,-0.2800,NULL,NULL,NULL,71.0000,3.5,-35.0000,0.9947,-0.001040202246,0.01075842704,0.2609,-0.05731225296,0.09420289855,NULL,NULL,NULL,0.5000,0.08333333333,0.3695652174,"Albany, OR",10540,2025-08-01 14:37:32.7980000 +00:00,9599
2021-06-01,2021-08-31,90,neighborhood,1,551450,0,"Benton Heights, MI - District 5",Benton Heights,Michigan,MI,All Residential,-1,95000.0000,0,0.02702702703,69900.0000,-0.0790513834,-0.2267699115,78.5582,-0.003068204209,0.04056098965,66.7735,-0.008864633865,-0.2456810245,13,0.1818,0.6250,11,0.0000,0.3750,13,-0.3158,0.6250,5,-0.4444444444,-0.1667,NULL,NULL,NULL,48.0000,-4,-31.0000,1.0348,0.02278578273,0.04807586114,0.8462,0.1188811189,0.7211538462,NULL,NULL,NULL,0.2727,-0.2727272727,0.2727272727,"Niles, MI",35660,2025-08-01 14:37:32.7980000 +00:00,9600
2018-12-01,2019-02-28,90,neighborhood,1,680185,0,"Brunswick, GA - Brunswick Old Town Historic District",Brunswick,Georgia,GA,Single Family Residential,6,419000.0000,0.3537964459,4.2375,165000.0000,-0.1426344505,-0.1745872936,113.3658,0.4415496996,1.914918155,46.9550,-0.1249122002,-0.547524189,1,-0.5000,0.0000,1,0.0000,0.0000,3,0.5000,0.0000,4,0.3333333333,-0.2000,NULL,NULL,NULL,114.0000,29.5,-108.0000,0.9544,0.04242889602,0.05556550895,0.0000,0,0,NULL,NULL,NULL,0.0000,0,0,"Brunswick, GA",15260,2025-08-01 14:37:32.7980000 +00:00,9601
2022-04-01,2022-06-30,90,neighborhood,1,107032,0,"Little Rock, AR - River Mountain",Little Rock,Arkansas,AR,Townhouse,13,159000.0000,NULL,-0.1451612903,154900.0000,NULL,NULL,120.4545,NULL,0.1656891496,117.3485,NULL,NULL,1,0.0000,0.0000,1,NULL,0.0000,1,NULL,NULL,NULL,NULL,NULL,NULL,NULL,NULL,37.0000,NULL,-194.0000,1.0265,NULL,0.09600345686,1.0000,NULL,1,NULL,NULL,NULL,1.0000,NULL,1,"Little Rock, AR",30780,2025-08-01 14:37:32.7980000 +00:00,9602
2016-07-01,2016-09-30,90,neighborhood,1,178095,0,"Louisville, KY - Hallmark",Louisville,Kentucky,KY,Single Family Residential,6,48750.0000,0.0372009404,2.362068966,66999.0000,0.2237372031,1.318304498,30.5384,-0.08193702244,0.7059354613,60.0282,0.3651393675,0.8044784203,2,-0.5000,-0.3333,3,-0.2500,0.5000,3,-0.2500,0.5000,2,1,-0.3333,NULL,NULL,NULL,22.5000,4,-45.5000,0.8469,-0.1210695461,0.008520216282,0.0000,-0.5,0,NULL,NULL,NULL,0.3333,0.08333333333,0.3333333333,"Louisville, KY",31140,2025-08-01 14:37:32.7980000 +00:00,9603
2016-02-01,2016-04-30,90,neighborhood,1,551111,0,"Hoboken, NJ - North East Hoboken",Hoboken,New Jersey,NJ,All Residential,-1,871995.0000,0.1037911392,NULL,1040000.0000,0.002409638554,NULL,835.4211,0.02402617862,NULL,860.6557,0.01618686222,NULL,44,0.1282,NULL,52,0.0612,NULL,80,0.2308,NULL,76,0.1515151515,NULL,NULL,NULL,NULL,72.0000,-11,NULL,0.9947,0.008292896235,NULL,0.2500,0.07051282051,NULL,NULL,NULL,NULL,0.3269,0.0003924646782,NULL,"New York, NY",35614,2025-08-01 14:37:32.7980000 +00:00,9604
2017-06-01,2017-08-31,90,neighborhood,1,765859,0,"Richland, WA - Columbia Point",Richland,Washington,WA,Townhouse,13,138397.5000,76.101671309,-0.7363857143,292000.0000,0,-0.2644836272,72.6898,82.461662937,-0.6785033835,139.5453,0,-0.2857108147,4,0.3333,3.0000,3,0.5000,2.0000,4,0.0000,1.0000,2,0,1.0000,NULL,NULL,NULL,28.0000,11,-34.0000,0.9946,-0.005430873256,-0.005430873256,0.0000,0,0,NULL,NULL,NULL,0.0000,0,0,"Kennewick, WA",28420,2025-08-01 14:37:32.7980000 +00:00,9605
2021-03-01,2021-05-31,90,neighborhood,1,43252,0,"New York, NY - Astoria Heights",New York,New York,NY,Single Family Residential,6,855000.0000,0.2857142857,0.5295169946,898500.0000,0,NULL,472.3757,0.05783145073,0.02418486049,734.0686,0,NULL,3,0.5000,2.0000,2,NULL,1.0000,4,0.0000,NULL,4,-0.3333333333,1.0000,NULL,NULL,NULL,109.0000,59,59.0000,0.9833,0.008333016666,-0.01666603333,0.0000,0,0,NULL,NULL,NULL,0.0000,NULL,0,"New York, NY",35614,2025-08-01 14:37:32.7980000 +00:00,9606
2016-03-01,2016-05-31,90,neighborhood,1,72660,0,"East Lake, FL - Crescent Oaks",East Lake,Florida,FL,Single Family Residential,6,310000.0000,-0.1460055096,-0.1733333333,359000.0000,-0.2014325277,-0.129485936,139.6396,0.03408382562,0.01248048048,161.4201,0,0.06296506883,7,0.1667,-0.2222,8,0.0000,-0.2727,9,-0.1818,-0.1000,14,-0.06666666667,0.0000,NULL,NULL,NULL,149.0000,-45.5,-68.0000,0.9797,0.0063869381,0.01163960931,0.1429,-0.02380952381,0.1428571429,NULL,NULL,NULL,0.2500,0.125,-0.02272727273,"Tampa, FL",45300,2025-08-01 14:37:32.7980000 +00:00,9607
2022-10-01,2022-12-31,90,neighborhood,1,763038,0,"Traverse City, MI - North Traverse Heights",Traverse City,Michigan,MI,Condo/Co-op,3,259000.0000,-0.01520912548,-0.04779411765,265000.0000,0,-0.196969697,428.8079,0.053810215,0.3137116195,428.8079,-0.02264150943,0.1702644845,11,0.2222,-0.5000,10,0.1111,-0.5238,9,-0.1818,-0.4375,7,-0.2222222222,-0.4615,NULL,NULL,NULL,79.5000,-10.5,10.5000,0.9954,-0.01586887713,-0.03241804986,0.0909,-0.1313131313,-0.3636363636,NULL,NULL,NULL,0.1000,0.1,0.004761904762,"Traverse City, MI",45900,2025-08-01 14:37:32.7980000 +00:00,9608
2020-09-01,2020-11-30,90,neighborhood,1,1410,0,"San Diego, CA - Kearny Mesa",San Diego,California,CA,Condo/Co-op,3,675000.0000,-0.02877697842,0.35,649000.0000,0.1405975395,0.1286956522,481.4551,0.1193100765,0.2141565778,438.3117,0.1077191701,0.1637830684,3,-0.4000,-0.7000,4,0.0000,-0.6000,3,0.0000,-0.5000,1,NULL,0.0000,NULL,NULL,NULL,13.0000,0,-13.0000,1.0092,-0.002402988501,0.01676594467,0.3333,-0.06666666667,0.3333333333,NULL,NULL,NULL,0.5000,0,0.2,"San Diego, CA",41740,2025-08-01 14:37:32.7980000 +00:00,9609
2018-09-01,2018-11-30,90,neighborhood,1,109941,0,"Costa Mesa, CA - SoBECA",Costa Mesa,California,CA,Single Family Residential,6,890000.0000,0,0.2447552448,769900.0000,-0.003301184543,0.01369321922,387.3659,0,-0.1555873034,442.7359,-0.1266980772,0.0606142282,3,0.0000,-0.2500,3,0.0000,-0.4000,5,0.2500,-0.5000,5,1.5,-0.3750,NULL,NULL,NULL,59.0000,0,3.0000,0.9868,0,0.001386502947,0.0000,0,-0.25,NULL,NULL,NULL,0.0000,0,-0.6,"Anaheim, CA",11244,2025-08-01 14:37:32.7980000 +00:00,9610
2024-08-01,2024-10-31,90,neighborhood,1,766810,0,"Iowa City, IA - Southeast Iowa City",Iowa City,Iowa,IA,Single Family Residential,6,311000.0000,-0.0126984127,-0.1879895561,279950.0000,-0.03432218006,-0.06652217406,167.3198,-0.01135633478,0.092142025,169.4901,-0.002412834919,0.1063078419,24,-0.2000,0.8462,19,-0.1739,0.4615,24,-0.2258,0.1429,16,-0.2380952381,-0.3043,NULL,NULL,NULL,41.5000,3.5,-14.5000,0.9825,-0.001573886329,-0.0176052775,0.0417,-0.05833333333,-0.1891025641,NULL,NULL,NULL,0.4211,0.02974828375,0.1133603239,"Iowa City, IA",26980,2025-08-01 14:37:32.7980000 +00:00,9611
2020-02-01,2020-04-30,90,neighborhood,1,322200,0,"Lawrence, NY - Five Towns",Lawrence,New York,NY,Multi-Family (2-4 Unit),4,680000.0000,-0.1337579618,0.01492537313,679000.0000,0,0.04622496148,303.5910,0.04138771435,-0.06053333861,285.3967,-0.1015585795,-0.1371563162,4,-0.2000,-0.2000,6,0.0000,1.0000,3,-0.4000,-0.5714,5,-0.1666666667,-0.5000,NULL,NULL,NULL,228.5000,-0.5,164.5000,0.8920,-0.0552526072,-0.0647953826,0.0000,0,0,NULL,NULL,NULL,0.1667,0,-0.1666666667,"Nassau County, NY",35004,2025-08-01 14:37:32.7980000 +00:00,9612
2023-12-01,2024-02-29,90,neighborhood,1,743185,0,"Westfield, MA - Trainfield",Westfield,Massachusetts,MA,All Residential,-1,280000.0000,-0.04273504274,0.5135135135,275000.0000,0,-0.1054001301,208.1511,0.2035165225,0.332167242,179.2640,-0.194174579,-0.1584171944,4,-0.3333,3.0000,7,-0.2222,0.4000,8,0.0000,0.3333,3,0,-0.5714,NULL,NULL,NULL,22.0000,-11,-10.0000,1.0000,8.770475496E-06,0.1190445583,0.5000,0.1666666667,0.5,NULL,NULL,NULL,0.7143,0.1587301587,0.1142857143,"Springfield, MA",44140,2025-08-01 14:37:32.7980000 +00:00,9613
2023-08-01,2023-10-31,90,neighborhood,1,131739,0,"Fort Lauderdale, FL - Dillard Park",Fort Lauderdale,Florida,FL,All Residential,-1,240000.0000,-0.3142857143,0.01265822785,300000.0000,0.2820512821,-0.0476175359,363.6364,0.04347826087,-0.05485232068,377.2727,0.1513667891,0.05094299175,3,-0.5000,0.5000,6,0.0000,-0.1429,7,0.7500,0.1667,4,0,-0.3333,NULL,NULL,NULL,13.0000,-42.5,-42.0000,1.0815,0.03897417653,0.1021078127,1.0000,0.3333333333,0.5,NULL,NULL,NULL,0.8333,0.3333333333,0.4047619048,"Fort Lauderdale, FL",22744,2025-08-01 14:37:32.7980000 +00:00,9614
2023-08-01,2023-10-31,90,neighborhood,1,549845,0,"Sartell, MN - Pine Lakes",Sartell,Minnesota,MN,All Residential,-1,542500.0000,0.085,-0.103231672,379900.0000,0,-0.1958937454,162.2516,-0.01191100029,-0.1512947291,160.8011,0,-0.0258620701,4,-0.4286,1.0000,1,-0.7500,-0.5000,3,0.0000,0.5000,2,0,1.0000,NULL,NULL,NULL,35.5000,6.5,-235.0000,0.9718,-0.008061325907,0.004326336019,0.0000,0,0,NULL,NULL,NULL,1.0000,0.5,0,"St. Cloud, MN",41060,2025-08-01 14:37:32.7980000 +00:00,9615
2016-03-01,2016-05-31,90,neighborhood,1,549821,0,"Roseville, MN - Langton Lake",Roseville,Minnesota,MN,Condo/Co-op,3,53000.0000,0,NULL,NULL,NULL,NULL,52.6839,0,NULL,NULL,NULL,NULL,1,0.0000,NULL,1,0.0000,NULL,NULL,NULL,NULL,NULL,NULL,NULL,NULL,NULL,NULL,34.0000,0,NULL,0.9464,0,NULL,0.0000,0,NULL,NULL,NULL,NULL,0.0000,0,NULL,"Minneapolis, MN",33460,2025-08-01 14:37:32.7980000 +00:00,9616
2012-06-01,2012-08-31,90,neighborhood,1,1703,0,"Baltimore, MD - Mid-Town Belvedere",Baltimore,Maryland,MD,All Residential,-1,207450.0000,0.1621848739,0.7432773109,185400.0000,0.01366867141,-0.113493405,158.2079,0.02439213775,0.2443315928,172.4648,0.07383736381,0.1701233477,18,0.0000,1.5714,21,-0.0455,0.9091,14,-0.3913,-0.2222,19,0,0.1875,NULL,NULL,NULL,23.0000,3,-82.5000,0.9850,0.008979441606,0.09568015823,0.3333,0.1111111111,0.3333333333,NULL,NULL,NULL,0.0952,-0.2229437229,0.004329004329,"Baltimore, MD",12580,2025-08-01 14:37:32.7980000 +00:00,9617
2019-12-01,2020-02-29,90,neighborhood,1,765726,0,"Ocean Springs, MS - Bienville Boulevard-Central",Ocean Springs,Mississippi,MS,All Residential,-1,209350.0000,0,0.4314529915,153200.0000,-0.2704761905,-0.05285935085,93.2277,0,0.2846657881,103.6287,0.01943668756,0.009254441615,10,0.0000,1.5000,10,0.0000,1.5000,12,0.3333,0.5000,24,0.2,0.0909,NULL,NULL,NULL,89.0000,-24.5,7.5000,0.9655,-0.002182263307,0.009878485316,0.2000,0,0.2,NULL,NULL,NULL,0.1000,0,0.1,"Gulfport, MS",25060,2025-08-01 14:37:32.7980000 +00:00,9618
2024-07-01,2024-09-30,90,neighborhood,1,351356,0,"Barberton, OH - Austin Estates",Barberton,Ohio,OH,Townhouse,13,197990.0000,-0.03419512195,NULL,197990.0000,0,NULL,162.2869,0.03467784886,NULL,162.2869,0,NULL,2,1.0000,NULL,2,-0.3333,NULL,2,0.0000,NULL,NULL,NULL,NULL,NULL,NULL,NULL,11.5000,9.5,NULL,1.0000,0.01913875598,NULL,0.0000,0,NULL,NULL,NULL,NULL,0.0000,0,NULL,"Akron, OH",10420,2025-08-01 14:37:32.7980000 +00:00,9619
2015-11-01,2016-01-31,90,neighborhood,1,349761,0,"Harbour Heights, FL - Deep Creek",Harbour Heights,Florida,FL,Condo/Co-op,3,78000.0000,-0.1206313416,0.0297029703,89900.0000,-0.008820286659,-0.1094601288,83.5973,-0.07931128996,0.1384174597,96.0603,-0.01634880463,0.09972042167,5,0.2500,0.2500,10,0.4286,0.4286,17,0.2143,0.4167,15,0.07142857143,0.5000,NULL,NULL,NULL,68.5000,49.5,43.5000,1.0306,-0.0009346930736,0.07111534102,0.2000,-0.05,0.2,NULL,NULL,NULL,0.3000,-0.1285714286,0.01428571429,"Punta Gorda, FL",39460,2025-08-01 14:37:32.7980000 +00:00,9620
2020-12-01,2021-02-28,90,neighborhood,1,63842,0,"Newport News, VA - Windsor Great Park",Newport News,Virginia,VA,Condo/Co-op,3,171945.0000,0,0.6152653828,142400.0000,0,1.289389068,127.0471,0,0.5321328221,128.4892,0,1.034756274,2,0.0000,0.0000,2,1.0000,1.0000,2,0.0000,0.0000,1,0,0.0000,NULL,NULL,NULL,40.0000,0,7.0000,0.9705,0,-0.02561154032,0.0000,0,-0.5,NULL,NULL,NULL,0.5000,-0.5,-0.5,"Virginia Beach, VA",47260,2025-08-01 14:37:32.7980000 +00:00,9621
2016-03-01,2016-05-31,90,neighborhood,1,556159,0,"Napa, CA - Westwood South",Napa,California,CA,All Residential,-1,533000.0000,0,0.3341677096,489000.0000,0,0.2970822281,393.4830,-0.02771016831,0.005017532781,352.8147,-0.02283483066,0.3236064437,6,0.5000,-0.2500,9,0.5000,0.0000,10,0.6667,0.4286,7,0.75,1.3333,NULL,NULL,NULL,20.0000,-12,0.0000,1.0123,-0.001762735215,0.0478533755,0.6667,-0.08333333333,0.4166666667,NULL,NULL,NULL,0.8889,-0.1111111111,0.6666666667,"Napa, CA",34900,2025-08-01 14:37:32.7980000 +00:00,9622
2017-02-01,2017-04-30,90,neighborhood,1,156674,0,"Providence, RI - Olneyville",Providence,Rhode Island,RI,Condo/Co-op,3,98500.0000,0.1588235294,NULL,106700.0000,0.09435897436,NULL,71.8978,0.4091970803,NULL,70.7052,-0.006501942502,NULL,1,0.0000,NULL,1,0.0000,NULL,2,1.0000,NULL,2,1,NULL,NULL,NULL,NULL,37.0000,-157,NULL,1.0103,0.01025641026,NULL,1.0000,1,NULL,NULL,NULL,NULL,0.0000,0,NULL,"Providence, RI",39300,2025-08-01 14:37:32.7980000 +00:00,9623
2019-02-01,2019-04-30,90,neighborhood,1,332513,0,"Roseburg, OR - Mill-Pine Historic District",Roseburg,Oregon,OR,Single Family Residential,6,138250.0000,-0.07525083612,0.9526836158,NULL,NULL,NULL,77.5439,-0.2495912125,0.06799410777,NULL,NULL,NULL,4,0.3333,1.0000,2,-0.5000,1.0000,NULL,NULL,NULL,NULL,NULL,NULL,NULL,NULL,NULL,116.5000,-61.5,15.0000,0.8624,0.03817661991,-0.04340949075,0.0000,0,0,NULL,NULL,NULL,0.0000,0,0,"Roseburg, OR",40700,2025-08-01 14:37:32.7980000 +00:00,9624
2015-04-01,2015-06-30,90,neighborhood,1,556930,0,"Fox Crossing, WI - South Central Village of Fox Crossing",Fox Crossing,Wisconsin,WI,Single Family Residential,6,130950.0000,0.02105263158,NULL,142900.0000,0.05930318755,NULL,82.3909,0.05326569436,NULL,83.6651,-0.02548720944,NULL,10,0.2500,NULL,17,0.2143,NULL,11,-0.2143,NULL,10,-0.1666666667,NULL,NULL,NULL,NULL,57.5000,-23,NULL,0.9884,-0.006612848144,NULL,0.3000,-0.2,NULL,NULL,NULL,NULL,0.2353,0.02100840336,NULL,"Oshkosh, WI",36780,2025-08-01 14:37:32.7980000 +00:00,9625
2015-07-01,2015-09-30,90,neighborhood,1,497748,0,"Castro Valley, CA - South of 580",Castro Valley,California,CA,Single Family Residential,6,512500.0000,0,0.005888125613,499000.0000,0.01114488349,0.06453333333,401.8666,0,0.1217209658,422.1091,0.03650262647,0.1683208401,22,-0.0833,0.0000,26,0.0000,0.1818,24,-0.1429,-0.2000,7,-0.3,-0.3636,NULL,NULL,NULL,15.5000,2.5,1.0000,1.0421,-0.0008987431763,0.05318123319,0.7727,0.02272727273,0.2272727273,NULL,NULL,NULL,0.3846,-0.07692307692,-0.02447552448,"Oakland, CA",36084,2025-08-01 14:37:32.7980000 +00:00,9626
2021-12-01,2022-02-28,90,neighborhood,1,161112,0,"Memphis, TN - Walnut Grove",Memphis,Tennessee,TN,Single Family Residential,6,325000.0000,0,0.2548262548,315000.0000,0,0.1977186312,135.5000,0.01085113598,0.21408,140.3846,0.02657854029,0.2483140279,31,-0.2439,-0.1842,27,-0.2500,-0.3415,23,-0.2069,-0.3611,8,-0.2727272727,-0.3846,NULL,NULL,NULL,43.0000,13,13.5000,1.0228,-0.002143673306,0.01066590672,0.5484,-0.08575924469,0.07470288625,NULL,NULL,NULL,0.7778,-0.02777777778,0.0460704607,"Memphis, TN",32820,2025-08-01 14:37:32.7980000 +00:00,9627
2014-07-01,2014-09-30,90,neighborhood,1,348092,0,"Saginaw, MI - Fairground",Saginaw,Michigan,MI,All Residential,-1,12281.0000,0.2738965821,3.9124,9974.5000,0,-0.2719343066,12.6870,0.2356926448,4.470627273,10.7658,0,-0.2671007797,5,-0.3750,4.0000,5,-0.3750,4.0000,4,0.0000,0.3333,5,0,-0.2857,NULL,NULL,NULL,194.0000,1.5,8.0000,0.7692,-0.04725423654,0.2590214751,0.2000,0.075,0.2,NULL,NULL,NULL,0.0000,0,0,"Saginaw, MI",40980,2025-08-01 14:37:32.7980000 +00:00,9628
2021-04-01,2021-06-30,90,neighborhood,1,765614,0,"San Diego, CA - Uptown",San Diego,California,CA,Townhouse,13,729000.0000,-0.09609423435,0.2515021459,815000.0000,-0.01688781665,-0.08117249154,600.0906,0.04352854495,0.305085883,616.8831,0.02648911634,0.2176428017,11,-0.0833,2.6667,14,0.0769,1.0000,17,-0.0556,0.2143,8,0.1428571429,-0.2727,NULL,NULL,NULL,10.0000,-1,-23.0000,1.0135,0.007111319329,0.01689521794,0.7273,0.2272727273,0.06060606061,NULL,NULL,NULL,0.6429,-0.04945054945,0.3571428571,"San Diego, CA",41740,2025-08-01 14:37:32.7980000 +00:00,9629
2013-10-01,2013-12-31,90,neighborhood,1,547144,0,"Santa Rosa, CA - Downtown Santa Rosa",Santa Rosa,California,CA,Multi-Family (2-4 Unit),4,580000.0000,0.3410404624,1.071428571,395000.0000,NULL,1.135135135,202.0202,-0.1039812188,0.7229437229,223.4163,NULL,0.3912192736,1,-0.5000,-0.6667,1,0.0000,-0.6667,1,NULL,0.0000,2,1,NULL,NULL,NULL,NULL,11.0000,-87.5,-146.0000,1.0002,8.622176237E-05,0.1263380989,1.0000,0.5,1,NULL,NULL,NULL,0.0000,-1,-0.3333333333,"Santa Rosa, CA",42220,2025-08-01 14:37:32.7980000 +00:00,9630
2014-01-01,2014-03-31,90,neighborhood,1,506139,0,"Niles, IL - Emerson Place",Niles,Illinois,IL,Single Family Residential,6,320000.0000,0,-0.1351351351,329900.0000,0,-0.1010899183,246.1538,0,-0.01139293139,253.7692,0,0.03720394047,1,0.0000,0.0000,1,0.0000,-0.5000,1,0.0000,0.0000,NULL,NULL,NULL,NULL,NULL,NULL,NULL,NULL,NULL,0.9700,0,0.018834094,0.0000,0,0,NULL,NULL,NULL,1.0000,0,1,"Chicago, IL",16984,2025-08-01 14:37:32.7980000 +00:00,9631
2024-12-01,2025-02-28,90,neighborhood,1,550844,0,"Pittsburgh, PA - Central Pittsburgh",Pittsburgh,Pennsylvania,PA,Townhouse,13,660300.0000,0,1.147317073,185000.0000,-0.8380743982,-0.2288453522,357.4878,0,0.3102073241,103.5828,-0.7715374519,-0.1856722965,2,0.0000,-0.6000,NULL,NULL,NULL,3,0.5000,0.0000,9,0.125,0.8000,NULL,NULL,NULL,44.5000,0,17.5000,0.9482,0,0.05602878718,0.0000,0,-0.2,NULL,NULL,NULL,NULL,NULL,NULL,"Pittsburgh, PA",38300,2025-08-01 14:37:32.7980000 +00:00,9632
2021-12-01,2022-02-28,90,neighborhood,1,743165,0,"Chicopee, MA - Chicopee Falls",Chicopee,Massachusetts,MA,Multi-Family (2-4 Unit),4,282500.0000,0.06603773585,0.1649484536,289000.0000,0.04332129964,-0.06772238773,97.8592,-0.1449132152,-0.1529722802,106.8121,-0.05894245313,0.0563986323,6,-0.1429,2.0000,4,-0.2000,1.0000,3,-0.2500,0.5000,2,1,-0.3333,NULL,NULL,NULL,70.0000,29,-43.0000,0.9922,0.02247705659,-0.06237645434,0.5000,0.07142857143,-0.5,NULL,NULL,NULL,0.7500,0.15,0.75,"Springfield, MA",44140,2025-08-01 14:37:32.7980000 +00:00,9633
2021-12-01,2022-02-28,90,neighborhood,1,350442,0,"San Diego, CA - 4s Ranch",San Diego,California,CA,Townhouse,13,1015500.0000,0.4104166667,0.58671875,844000.0000,-0.007058823529,0.2597014925,713.1663,0.1949173331,0.5320658879,600.3097,0.002870349661,0.3031113355,2,-0.3333,-0.8333,4,-0.2000,-0.5556,6,1.0000,-0.4545,1,NULL,-0.6667,NULL,NULL,NULL,5.5000,-40.5,-5.5000,1.1620,0.1115620837,0.1530257023,1.0000,0.3333333333,0.4166666667,NULL,NULL,NULL,1.0000,0.6,0.2222222222,"San Diego, CA",41740,2025-08-01 14:37:32.7980000 +00:00,9634
2014-09-01,2014-11-30,90,neighborhood,1,765339,0,"Helena Valley West Central, MT - West Helena Valley",Helena Valley West Central,Montana,MT,Single Family Residential,6,224950.0000,0.01925690983,0.07170080991,232400.0000,-0.00577540107,0.1490757703,102.1200,0.01682728823,-0.01310759133,98.6581,-0.01956958327,-0.1102879829,56,-0.1515,0.1429,56,-0.1515,0.1429,46,-0.2813,0.0455,88,-0.137254902,0.2571,NULL,NULL,NULL,106.5000,-3,-0.5000,NULL,NULL,NULL,0.0000,0,0,NULL,NULL,NULL,0.0000,0,0,"Helena, MT",25740,2025-08-01 14:37:32.7980000 +00:00,9635
2020-05-01,2020-07-31,90,neighborhood,1,123128,0,"Paterson, NJ - Northside",Paterson,New Jersey,NJ,All Residential,-1,175000.0000,0,0.2269078417,209950.0000,0.05027513757,0.235,85.2719,-0.3160292716,0.1805379062,103.4365,-0.2115507865,-0.09949369484,10,0.2500,-0.3333,14,0.1667,-0.0667,14,0.0769,-0.1250,28,0.03703703704,-0.1250,NULL,NULL,NULL,73.5000,0,-33.5000,0.9936,0.03165739541,0.02850170124,0.2000,0.075,-0.1333333333,NULL,NULL,NULL,0.1429,0.05952380952,0.1428571429,"New York, NY",35614,2025-08-01 14:37:32.7980000 +00:00,9636
2013-02-01,2013-04-30,90,neighborhood,1,764657,0,"Nashville, TN - Highland Heights",Nashville,Tennessee,TN,All Residential,-1,56175.0000,NULL,NULL,56000.0000,NULL,NULL,46.6623,NULL,NULL,55.2010,NULL,NULL,8,0.0000,NULL,8,NULL,NULL,18,NULL,NULL,16,NULL,NULL,NULL,NULL,NULL,113.0000,NULL,NULL,0.9892,NULL,NULL,0.2500,NULL,NULL,NULL,NULL,NULL,0.0000,NULL,NULL,"Nashville, TN",34980,2025-08-01 14:37:32.7980000 +00:00,9637
2014-03-01,2014-05-31,90,neighborhood,1,29328,0,"Chicago, IL - Woodlawn",Chicago,Illinois,IL,Multi-Family (2-4 Unit),4,64900.0000,-0.2625,-0.07285714286,55000.0000,-0.1386061081,0.003466520708,20.9285,-0.3814327442,0.3104207436,21.5003,-0.1197113826,0.2370020748,17,0.7000,0.3077,27,0.2857,0.0800,36,-0.0270,0.0000,37,-0.1590909091,-0.1957,NULL,NULL,NULL,33.0000,15,-74.0000,1.0418,-0.03699396048,0.06904320886,0.4118,0.01176470588,0.1040723982,NULL,NULL,NULL,0.2963,-0.03703703704,0.0562962963,"Chicago, IL",16984,2025-08-01 14:37:32.7980000 +00:00,9638
2020-07-01,2020-09-30,90,neighborhood,1,766366,0,"North Port, FL - Nutmeg",North Port,Florida,FL,Single Family Residential,6,4900.0000,-0.02,0.225,234900.0000,35.138461538,18.575,131.4318,0,NULL,130.3391,0.01913286686,-0.1791293586,5,0.0000,4.0000,5,-0.1667,0.0000,5,-0.2857,0.6667,2,-0.3333333333,-0.6667,NULL,NULL,NULL,88.0000,-219,-41.0000,0.9087,-0.02909090909,-0.0003615350861,0.0000,0,0,NULL,NULL,NULL,0.4000,-0.1,0,"North Port, FL",35840,2025-08-01 14:37:32.7980000 +00:00,9639
2021-08-01,2021-10-31,90,neighborhood,1,207199,0,"Nashville, TN - Sunnyside",Nashville,Tennessee,TN,Multi-Family (2-4 Unit),4,855000.0000,0,0.2076271186,899900.0000,0.02558550345,0.2864903503,291.6098,0,-0.008608978657,275.0306,-0.02925887519,-0.183174016,1,0.0000,0.0000,2,0.0000,0.0000,1,-0.5000,-0.5000,1,0,0.0000,NULL,NULL,NULL,45.0000,0,36.0000,1.0000,0,-0.01142857143,0.0000,0,-1,NULL,NULL,NULL,0.5000,0,-0.5,"Nashville, TN",34980,2025-08-01 14:37:32.7980000 +00:00,9640
2015-03-01,2015-05-31,90,neighborhood,1,95778,0,"Old Jamestown, MO - Villages at Jost Farm",Old Jamestown,Missouri,MO,Single Family Residential,6,114000.0000,NULL,-0.412371134,192900.0000,NULL,-0.0355,76.6644,NULL,0.1855323456,81.1869,NULL,0.2178030303,3,0.0000,2.0000,NULL,NULL,NULL,5,NULL,4.0000,7,NULL,6.0000,NULL,NULL,NULL,70.0000,NULL,-18.0000,1.0162,NULL,0.04615384902,0.6667,NULL,0.6666666667,NULL,NULL,NULL,0.2500,NULL,0.25,"St. Louis, MO",41180,2025-08-01 14:37:32.7980000 +00:00,9641
2024-09-01,2024-11-30,90,neighborhood,1,767635,0,"North Las Vegas, NV - Central District",North Las Vegas,Nevada,NV,Single Family Residential,6,425990.0000,-0.007016317016,0.01426190476,430000.0000,-0.006905471258,-0.01596201156,228.0654,0.002215734741,0.04195333162,224.5632,0.007361893765,0.03408483718,118,-0.0167,0.1132,143,0.0672,0.3000,156,-0.0488,0.2581,105,-0.16,-0.0789,NULL,NULL,NULL,37.0000,12,-1.0000,0.9937,-0.001584643784,-0.0003804729976,0.2034,0.003389830508,-0.07962903742,NULL,NULL,NULL,0.3706,-0.04728107713,0.08881118881,"Las Vegas, NV",29820,2025-08-01 14:37:32.7980000 +00:00,9642
2015-06-01,2015-08-31,90,neighborhood,1,547189,0,"Bakersfield, CA - Fruitvale",Bakersfield,California,CA,All Residential,-1,259000.0000,0,0.009746588694,264900.0000,0.02376811594,0.04703971162,136.6867,0.0005467468562,-0.01533134793,140.3509,-0.002184453088,-0.00978577096,17,0.0000,-0.2273,17,0.0000,-0.2273,39,0.2188,0.5600,29,0.16,1.2308,NULL,NULL,NULL,26.0000,-10,-4.5000,0.9798,0.01098139691,-0.0100822789,0.2353,0.1176470588,0.008021390374,NULL,NULL,NULL,0.0000,0,0,"Bakersfield, CA",12540,2025-08-01 14:37:32.7980000 +00:00,9643
2018-09-01,2018-11-30,90,neighborhood,1,158709,0,"Chicago, IL - West Garfield Park",Chicago,Illinois,IL,All Residential,-1,80000.0000,-0.1160220994,-0.05882352941,110000.0000,-0.1603053435,0.4844804318,33.8164,0,-0.1371357332,43.2390,-0.005374644325,0.1973875181,31,-0.0882,0.4762,41,-0.1633,0.2059,41,-0.1961,0.1714,39,-0.0487804878,0.1143,NULL,NULL,NULL,42.5000,0.5,7.5000,1.0131,0.07319699176,0.0305803414,0.3548,0.09013282732,0.06912442396,NULL,NULL,NULL,0.2683,-0.05823792932,0.003586800574,"Chicago, IL",16984,2025-08-01 14:37:32.7980000 +00:00,9644
2013-07-01,2013-09-30,90,neighborhood,1,765138,0,"Homestead, FL - Waterstone",Homestead,Florida,FL,All Residential,-1,140000.0000,0,0.4141414141,145000.0000,-0.03268845897,0.1558389797,76.7684,0.02262466458,0.2747127986,84.6900,0.04406710189,0.2774415816,56,0.0769,0.0980,77,0.0132,0.6042,NULL,NULL,NULL,NULL,NULL,NULL,NULL,NULL,NULL,40.0000,NULL,NULL,0.9881,-0.002690442793,0.009589142468,0.3393,-0.04532967033,-0.03326330532,NULL,NULL,NULL,0.2597,0.02289815448,0.2597402597,"Miami, FL",33124,2025-08-01 14:37:32.7980000 +00:00,9645
2017-09-01,2017-11-30,90,neighborhood,1,123324,0,"Hartford, CT - Behind the Rocks",Hartford,Connecticut,CT,All Residential,-1,135000.0000,-0.02138455962,0.5779323242,144900.0000,-0.03335557038,0.1601281025,70.5374,-0.1055202237,0.2447781416,82.1546,-0.02048690794,0.2451170325,21,-0.0455,0.2353,20,-0.0476,0.1765,19,-0.2400,0.0556,20,-0.1666666667,0.0000,NULL,NULL,NULL,55.0000,1.5,18.0000,0.9833,-0.0153947534,-0.02138973425,0.3333,-0.07575757576,0.03921568627,NULL,NULL,NULL,0.0000,0,0,"Hartford, CT",25540,2025-08-01 14:37:32.7980000 +00:00,9646
2022-10-01,2022-12-31,90,neighborhood,1,1488,0,"Riverside, CA - La Sierra",Riverside,California,CA,Condo/Co-op,3,438000.0000,-0.1151515152,-0.04782608696,428000.0000,-0.01382488479,-0.0893597646,336.7633,-0.01332717797,0.1259415256,336.7633,-0.02414347302,0.06116500684,5,0.6667,-0.5000,2,-0.6000,-0.7778,5,-0.1667,0.0000,3,-0.25,NULL,NULL,NULL,NULL,64.0000,20,30.0000,1.0044,-0.00446771881,0.003849865832,0.4000,-0.2666666667,-0.1,NULL,NULL,NULL,0.5000,0.1,-0.05555555556,"Riverside, CA",40140,2025-08-01 14:37:32.7980000 +00:00,9647
2013-09-01,2013-11-30,90,neighborhood,1,67093,0,"Tucson, AZ - Rita Ranch",Tucson,Arizona,AZ,Single Family Residential,6,165913.5000,-0.01241964286,0.1521770833,165000.0000,0.006097560976,0.1007338225,95.0727,-0.005539630596,0.07296325024,99.6905,0.02481843191,0.1012502596,62,-0.1948,-0.1948,96,0.2468,0.2632,87,-0.0440,-0.1122,81,0.06578947368,0.2273,NULL,NULL,NULL,26.0000,7,10.0000,0.9872,0.003044589507,-0.01334831095,0.1774,-0.05634687893,-0.1862170088,NULL,NULL,NULL,0.0938,0.09375,0.08059210526,"Tucson, AZ",46060,2025-08-01 14:37:32.7980000 +00:00,9648
2023-04-01,2023-06-30,90,neighborhood,1,760390,0,"Los Angeles, CA - Hyde Park",Los Angeles,California,CA,All Residential,-1,777500.0000,0.003225806452,-0.1254218223,789000.0000,-0.01373767172,-0.07988284541,552.8176,-0.00305428891,-0.1202451893,565.7087,-0.001842749113,-0.04607465769,48,0.0213,-0.3143,55,-0.0351,-0.2466,66,-0.0435,-0.2500,59,-0.01666666667,-0.1449,NULL,NULL,NULL,49.5000,0.5,10.5000,0.9964,-0.0005299641791,-0.04149944521,0.4167,0.03368794326,-0.2547619048,NULL,NULL,NULL,0.2909,0.04529505582,0.01693648817,"Los Angeles, CA",31084,2025-08-01 14:37:32.7980000 +00:00,9649
2015-08-01,2015-10-31,90,neighborhood,1,191975,0,"West Palm Beach, FL - Golden Lakes",West Palm Beach,Florida,FL,Townhouse,13,68000.0000,0.05426356589,-0.1392405063,81450.0000,0.04423076923,0.1242236025,70.0000,0.07230199097,-0.1050632911,83.5499,0.02435226122,0.1823462675,9,0.1250,2.0000,11,0.0000,0.2222,8,-0.1111,-0.2000,5,-0.1666666667,-0.4444,NULL,NULL,NULL,50.0000,8.5,37.0000,0.9232,-0.01960812643,-0.02497285544,0.0000,-0.125,0,NULL,NULL,NULL,0.4545,0.1818181818,0.2323232323,"West Palm Beach, FL",48424,2025-08-01 14:37:32.7980000 +00:00,9650
2012-06-01,2012-08-31,90,neighborhood,1,101507,0,"Surprise, AZ - Marley Park",Surprise,Arizona,AZ,All Residential,-1,172000.0000,0.01176470588,0.1096774194,179900.0000,0.04653868528,0.08080504656,80.4050,0.0344349062,0.1552490842,83.3971,0.003867800021,0.2400173014,23,-0.2333,-0.2581,22,-0.3529,-0.2903,21,-0.0870,-0.1250,22,0.1578947368,-0.2903,NULL,NULL,NULL,69.0000,2,-31.0000,1.0013,0.001731869986,0.009478953591,0.3043,0.004347826087,0.04628330996,NULL,NULL,NULL,0.1818,-0.08288770053,-0.2375366569,"Phoenix, AZ",38060,2025-08-01 14:37:32.7980000 +00:00,9651
2016-04-01,2016-06-30,90,neighborhood,1,113158,0,"Santa Maria, CA - Pace Park",Santa Maria,California,CA,Single Family Residential,6,314000.0000,0.1544117647,0.1520821868,337000.0000,0.03692307692,0.5674418605,196.4286,-0.02148108754,-0.1432678657,223.0839,0.1531721718,0.34680421,3,0.5000,0.5000,3,0.5000,0.5000,2,1.0000,1.0000,1,0,-0.5000,NULL,NULL,NULL,132.0000,-107,91.0000,1.0274,-0.006023360153,0.02688795365,0.6667,0.1666666667,-0.3333333333,NULL,NULL,NULL,0.0000,0,0,"Santa Maria, CA",42200,2025-08-01 14:37:32.7980000 +00:00,9652
2012-07-01,2012-09-30,90,neighborhood,1,120455,0,"Arvada, CO - Scenic Heights",Arvada,Colorado,CO,All Residential,-1,235000.0000,-0.04839036242,0.04444444444,231066.0000,-0.01674042553,-0.1264045369,100.2743,0.04216445627,0.1130924784,101.7964,-0.0006423061754,0.006356601188,18,-0.1818,-0.2174,26,-0.0370,0.4444,34,-0.0811,0.0968,21,0.4,-0.3636,NULL,NULL,NULL,17.0000,8.5,-36.0000,0.9810,0.003452174559,0.009011610218,0.0000,-0.1363636364,0,NULL,NULL,NULL,0.4615,-0.09401709402,0.2948717949,"Denver, CO",19740,2025-08-01 14:37:32.7980000 +00:00,9653
2020-12-01,2021-02-28,90,neighborhood,1,120214,0,"Boulder, CO - Old North Boulder",Boulder,Colorado,CO,Single Family Residential,6,1068000.0000,0.1398078975,0.1242105263,1174500.0000,0.04446420631,0.2058521561,431.2506,0.01622344395,-0.0005655755193,548.0150,0.2625561413,0.3029848284,8,0.1429,-0.4667,12,0.0909,-0.2500,10,0.0000,-0.1667,7,-0.125,-0.4615,NULL,NULL,NULL,33.0000,-35,-72.0000,1.0155,0.0200950711,0.04526464773,0.5000,0.07142857143,0.3,NULL,NULL,NULL,0.5000,0.1363636364,0.125,"Boulder, CO",14500,2025-08-01 14:37:32.7980000 +00:00,9654
2024-03-01,2024-05-31,90,neighborhood,1,550837,0,"Indianapolis, IN - North Haughville",Indianapolis,Indiana,IN,All Residential,-1,121500.0000,0.3822525597,-0.06466512702,122450.0000,0,-0.05444015444,82.4406,0.07447555744,-0.2085704334,86.0609,0.1388660598,-0.06362022057,22,-0.0435,0.2941,20,-0.2308,0.1111,22,0.2222,0.2941,12,0.2,0.3333,NULL,NULL,NULL,27.0000,-11,14.0000,0.9621,0.006862312796,-0.02064516424,0.0909,0.00395256917,-0.08556149733,NULL,NULL,NULL,0.4500,0.1038461538,-0.05,"Indianapolis, IN",26900,2025-08-01 14:37:32.7980000 +00:00,9655
2014-11-01,2015-01-31,90,neighborhood,1,549026,0,"Melbourne, FL - Oxford Ridge",Melbourne,Florida,FL,All Residential,-1,95000.0000,NULL,NULL,89900.0000,NULL,NULL,69.7504,NULL,NULL,66.4162,NULL,NULL,3,0.0000,NULL,3,NULL,NULL,3,NULL,NULL,2,NULL,NULL,NULL,NULL,NULL,60.0000,NULL,NULL,0.9364,NULL,NULL,0.0000,NULL,NULL,NULL,NULL,NULL,0.0000,NULL,NULL,"Palm Bay, FL",37340,2025-08-01 14:37:32.7980000 +00:00,9656
2023-11-01,2024-01-31,90,neighborhood,1,352438,0,"Luling, LA - Willowridge Estates",Luling,Louisiana,LA,All Residential,-1,391540.0000,0.02901445466,0.1601185185,NULL,NULL,NULL,152.4589,-0.01354192809,0.01107135348,NULL,NULL,NULL,2,0.0000,0.0000,2,0.0000,-0.5000,NULL,NULL,NULL,3,-0.25,0.0000,NULL,NULL,NULL,181.5000,98.5,61.5000,0.9236,-0.03587610567,-0.07070280337,0.0000,0,-0.5,NULL,NULL,NULL,0.0000,0,0,"New Orleans, LA",35380,2025-08-01 14:37:32.7980000 +00:00,9657
2013-05-01,2013-07-31,90,neighborhood,1,345670,0,"Dallas, TX - Piedmont-Scyene",Dallas,Texas,TX,All Residential,-1,68000.0000,0,-0.05555555556,79500.0000,0.1357142857,-0.09142857143,34.9933,0,-0.2870121131,50.0654,0.1314771242,-0.2896527151,7,0.0000,-0.4615,4,-0.4286,-0.6667,7,0.0000,0.7500,4,0,1.0000,NULL,NULL,NULL,24.0000,-4,-28.0000,0.9807,0.01155705584,0.02006864295,0.4286,0.1428571429,0.2747252747,NULL,NULL,NULL,0.5000,-0.2142857143,0.3333333333,"Dallas, TX",19124,2025-08-01 14:37:32.7980000 +00:00,9658
2014-03-01,2014-05-31,90,neighborhood,1,440449,0,"Carmel, IN - Woodland Golf Club",Carmel,Indiana,IN,Single Family Residential,6,222500.0000,-0.11,-0.2845659164,NULL,NULL,NULL,71.3341,-0.1097498396,-0.1862401675,NULL,NULL,NULL,2,1.0000,0.0000,2,1.0000,0.0000,NULL,NULL,NULL,NULL,NULL,NULL,NULL,NULL,NULL,163.0000,101,103.0000,0.9067,-0.05852804896,-0.02599980984,0.0000,0,0,NULL,NULL,NULL,0.0000,0,0,"Indianapolis, IN",26900,2025-08-01 14:37:32.7980000 +00:00,9659
2023-10-01,2023-12-31,90,neighborhood,1,85752,0,"Madison, WI - East Buckeye",Madison,Wisconsin,WI,Multi-Family (2-4 Unit),4,404950.0000,0,NULL,412949.5000,0,NULL,175.6453,0,NULL,179.3939,0,NULL,2,0.0000,NULL,2,0.0000,NULL,2,0.0000,NULL,NULL,NULL,NULL,NULL,NULL,NULL,12.0000,0,NULL,0.9817,0,NULL,0.0000,0,NULL,NULL,NULL,NULL,1.0000,0,NULL,"Madison, WI",31540,2025-08-01 14:37:32.7980000 +00:00,9660
2013-12-01,2014-02-28,90,neighborhood,1,194119,0,"Jupiter, FL - Pennock Point",Jupiter,Florida,FL,All Residential,-1,1375000.0000,-0.3854748603,-0.45,2200000.0000,-0.1698113208,NULL,190.0000,-0.4532668518,-0.417992,666.1883,0.06856607812,NULL,3,0.5000,2.0000,2,-0.3333,1.0000,4,-0.2000,NULL,5,0,1.5000,NULL,NULL,NULL,210.0000,-165.5,-122.0000,0.8973,0.003724053724,0.1280830281,0.0000,0,0,NULL,NULL,NULL,0.0000,0,0,"West Palm Beach, FL",48424,2025-08-01 14:37:32.7980000 +00:00,9661
2012-10-01,2012-12-31,90,neighborhood,1,351277,0,"Oak Lawn, IL - Downtown Oak Lawn",Oak Lawn,Illinois,IL,Townhouse,13,89250.0000,0,-0.3844827586,39500.0000,0,NULL,50.1404,0,-0.5850445564,31.2500,0,NULL,2,0.0000,1.0000,2,-0.3333,NULL,1,0.0000,NULL,4,0,1.0000,NULL,NULL,NULL,103.0000,0,-197.0000,0.7139,0,-0.2599227906,0.0000,0,0,NULL,NULL,NULL,0.0000,0,NULL,"Chicago, IL",16984,2025-08-01 14:37:32.7980000 +00:00,9662
2018-04-01,2018-06-30,90,neighborhood,1,761785,0,"Columbia, MO - Katy Lake Estates",Columbia,Missouri,MO,All Residential,-1,227400.0000,0.1375687844,-0.1730909091,256950.0000,0.03860145513,-0.08199356913,101.7502,-0.08175394515,0.1211023598,116.6394,-0.00433516262,0.1917446049,4,0.3333,-0.4286,4,0.3333,-0.4286,4,1.0000,0.0000,5,0.25,1.5000,NULL,NULL,NULL,251.5000,26.5,202.5000,NULL,NULL,NULL,0.0000,0,0,NULL,NULL,NULL,0.0000,0,0,"Columbia, MO",17860,2025-08-01 14:37:32.7980000 +00:00,9663
2023-05-01,2023-07-31,90,neighborhood,1,388623,0,"Winston-Salem, NC - Forest Park",Winston-Salem,North Carolina,NC,Single Family Residential,6,96000.0000,-0.0351758794,0.05494505495,139900.0000,0.5206521739,0.399,115.5940,-0.126179741,0.1919826374,186.5333,0.6260178096,0.8258321569,2,-0.5000,-0.6667,3,0.0000,-0.5714,1,-0.5000,-0.8889,1,0,-0.8000,NULL,NULL,NULL,329.0000,306,312.0000,1.0354,0.07994163574,0.05684305784,0.5000,0.5,0.3333333333,NULL,NULL,NULL,0.3333,0,-0.380952381,"Winston-Salem, NC",49180,2025-08-01 14:37:32.7980000 +00:00,9664
2013-04-01,2013-06-30,90,neighborhood,1,146842,0,"Newnan, GA - Summergrove",Newnan,Georgia,GA,Single Family Residential,6,243750.0000,0.1403508772,0.3341543514,219900.0000,-0.03973799127,0.07320644217,93.9832,0.002100523184,0.07842786801,98.2099,-0.01684372571,0.1664367724,46,0.3529,0.0222,72,0.1250,0.4400,74,0.2333,0.2131,66,0.1,-0.1316,NULL,NULL,NULL,61.0000,-7,-54.0000,0.9601,-5.501433966E-05,-0.00556013606,0.0870,-0.03069053708,-0.00193236715,NULL,NULL,NULL,0.3194,0.006944444444,0.2794444444,"Atlanta, GA",12060,2025-08-01 14:37:32.7980000 +00:00,9665
2016-10-01,2016-12-31,90,neighborhood,1,157889,0,"Rockford, IL - Coronado Haskell",Rockford,Illinois,IL,All Residential,-1,11800.0000,NULL,-0.0888030888,NULL,NULL,NULL,NULL,NULL,NULL,NULL,NULL,NULL,1,0.0000,-0.5000,1,NULL,-0.5000,NULL,NULL,NULL,2,NULL,-0.6000,NULL,NULL,NULL,13.0000,NULL,-44.5000,0.6378,NULL,-0.130618538,0.0000,NULL,0,NULL,NULL,NULL,0.0000,NULL,0,"Rockford, IL",40420,2025-08-01 14:37:32.7980000 +00:00,9666
2014-11-01,2015-01-31,90,neighborhood,1,547593,0,"Somerset, MA - Somerset Historic Village",Somerset,Massachusetts,MA,Single Family Residential,6,237000.0000,-0.08494208494,-0.2707692308,299900.0000,0.1111522786,0.1765398195,143.4625,-0.01135645857,-0.09974202623,164.4958,0.02399790754,0.130952881,5,-0.2857,1.5000,5,0.0000,4.0000,5,-0.1667,0.2500,9,-0.25,-0.1818,NULL,NULL,NULL,175.0000,-24,-60.5000,0.9670,-0.01309766522,0.00948922252,0.0000,-0.1428571429,0,NULL,NULL,NULL,0.0000,0,0,"Providence, RI",39300,2025-08-01 14:37:32.7980000 +00:00,9667
2021-10-01,2021-12-31,90,neighborhood,1,112141,0,"San Jose, CA - Palmar-Borello",San Jose,California,CA,All Residential,-1,1585000.0000,0,0.2455795678,1363975.0000,-0.04483543417,-0.01660057678,1013.6941,0.0006184254647,0.438358751,876.0855,-0.08158263305,0.07315306421,4,1.0000,1.0000,4,0.3333,0.3333,4,0.3333,1.0000,NULL,NULL,NULL,NULL,NULL,NULL,6.5000,0,-30.0000,1.1813,0.01793701529,0.1786680936,1.0000,0,0.5,NULL,NULL,NULL,1.0000,0,0.3333333333,"San Jose, CA",41940,2025-08-01 14:37:32.7980000 +00:00,9668
2025-04-01,2025-06-30,90,neighborhood,1,206839,0,"Lexington, MA - Peacock Farms",Lexington,Massachusetts,MA,All Residential,-1,2600000.0000,0.1818181818,1.26283725,2020000.0000,-0.1179039301,0.5538461538,850.7853,0.1792790642,0.4113114523,819.4553,0.01520215531,0.1964047806,1,-0.5000,0.0000,1,0.0000,NULL,2,0.0000,1.0000,1,0,0.0000,NULL,NULL,NULL,23.0000,9.5,-1.0000,0.9319,-0.08316549343,-0.06810035842,0.0000,-0.5,0,NULL,NULL,NULL,1.0000,0,NULL,"Boston, MA",14454,2025-08-01 14:37:32.7980000 +00:00,9669
2015-09-01,2015-11-30,90,neighborhood,1,547076,0,"Martinez, CA - Hidden Valley",Martinez,California,CA,All Residential,-1,447500.0000,-0.06770833333,-0.1556603774,617450.0000,0.2944444444,0.01229608984,312.1383,0.03633014408,0.02220982599,323.5756,0.02700594417,0.09041704897,10,-0.0909,-0.2308,12,-0.2000,-0.2500,14,-0.1250,-0.1765,5,-0.1666666667,-0.5000,NULL,NULL,NULL,31.5000,15.5,11.5000,0.9931,-0.002161027658,-0.02265947608,0.6000,0.1454545455,-0.01538461538,NULL,NULL,NULL,0.3333,0.06666666667,-0.04166666667,"Oakland, CA",36084,2025-08-01 14:37:32.7980000 +00:00,9670
2016-11-01,2017-01-31,90,neighborhood,1,110463,0,"Chula Vista, CA - Central Chula Vista",Chula Vista,California,CA,All Residential,-1,392000.0000,-0.007594936709,0.07692307692,432500.0000,0.0059309222,0.2200282087,269.5554,-0.08800412681,0.05232672491,305.8748,-0.0781074579,0.1216609169,36,-0.1818,-0.0526,36,-0.2174,-0.1628,34,-0.0556,0.0000,22,0.1,0.2222,NULL,NULL,NULL,20.5000,-0.5,-43.5000,0.9714,-0.001881543696,-0.01841940677,0.2778,0.005050505051,-0.06432748538,NULL,NULL,NULL,0.3611,0.07850241546,0.1983204134,"San Diego, CA",41740,2025-08-01 14:37:32.7980000 +00:00,9671
2014-01-01,2014-03-31,90,neighborhood,1,130077,0,"Palm Harbor, FL - Gleneagles",Palm Harbor,Florida,FL,Condo/Co-op,3,51149.5000,-0.279584507,0.2787375,69900.0000,0.4008016032,0.5100942999,53.6584,-0.2064597118,0.06482190255,66.5714,0.1473232179,0.3083070961,8,-0.1111,0.6000,6,-0.3333,0.2000,7,0.4000,0.1667,7,0,0.0000,NULL,NULL,NULL,116.0000,42,58.0000,0.9453,-0.02423618955,0.06499663331,0.1250,-0.09722222222,-0.075,NULL,NULL,NULL,0.0000,0,0,"Tampa, FL",45300,2025-08-01 14:37:32.7980000 +00:00,9672
2022-03-01,2022-05-31,90,neighborhood,1,117417,0,"Chico, CA - Southwest Chico",Chico,California,CA,Single Family Residential,6,450000.0000,0,0.6071428571,429000.0000,0.03373493976,0.2654867257,344.9454,0.1402360352,0.03859910581,324.1877,-0.009163193476,-0.1794894732,7,0.0000,0.4000,6,-0.2500,0.5000,7,0.0000,6.0000,3,0.5,2.0000,NULL,NULL,NULL,9.0000,3,-48.0000,1.0540,0.01103949649,0.05608925346,0.7143,0,0.5142857143,NULL,NULL,NULL,0.8333,0.08333333333,0.3333333333,"Chico, CA",17020,2025-08-01 14:37:32.7980000 +00:00,9673
2021-06-01,2021-08-31,90,neighborhood,1,763220,0,"Holyoke, MA - Elmwood",Holyoke,Massachusetts,MA,Single Family Residential,6,232500.0000,0.09411764706,0.150990099,234900.0000,0,0.1750875438,155.4226,0.03287471048,0.09171588901,163.6161,0.02432827288,0.2198705383,8,0.0000,0.1429,7,0.0000,0.0000,9,0.0000,-0.3077,4,0,-0.6000,NULL,NULL,NULL,19.0000,-0.5,-65.0000,1.0571,-0.01067635306,0.05005396234,1.0000,0.125,0.2857142857,NULL,NULL,NULL,0.5714,-0.2857142857,0.5714285714,"Springfield, MA",44140,2025-08-01 14:37:32.7980000 +00:00,9674
2016-03-01,2016-05-31,90,neighborhood,1,765504,0,"Grand Island, NE - Lincoln",Grand Island,Nebraska,NE,Single Family Residential,6,109000.0000,-0.08016877637,NULL,39900.0000,-0.6469026549,NULL,46.5291,-0.08549349506,NULL,38.4393,-0.210509498,NULL,4,1.0000,NULL,4,1.0000,NULL,1,-0.5000,NULL,2,-0.3333333333,NULL,NULL,NULL,NULL,67.0000,0,NULL,0.9790,-0.02132167278,NULL,0.2500,-0.25,NULL,NULL,NULL,NULL,0.2500,0.25,NULL,"Grand Island, NE",24260,2025-08-01 14:37:32.7980000 +00:00,9675
2024-12-01,2025-02-28,90,neighborhood,1,550722,0,"West Valley City, UT - East Granger",West Valley City,Utah,UT,Multi-Family (2-4 Unit),4,494000.0000,-0.1091073039,0.2048780488,549000.0000,0.03692804871,0.07132403161,285.8796,0.01392193177,0.1728395062,377.0604,0.1219704095,0.6039481034,1,-0.5000,-0.6667,NULL,NULL,NULL,1,-0.5000,-0.5000,NULL,NULL,NULL,NULL,NULL,NULL,37.0000,-20.5,-8.0000,0.9688,-0.007588442372,-0.04002132893,0.0000,0,-0.6666666667,NULL,NULL,NULL,NULL,NULL,NULL,"Salt Lake City, UT",41620,2025-08-01 14:37:32.7980000 +00:00,9676
2015-10-01,2015-12-31,90,neighborhood,1,497617,0,"Riverbank, CA - East of Roselle",Riverbank,California,CA,Single Family Residential,6,268000.0000,0.03474903475,-0.04285714286,254900.0000,0.01190948789,-0.1321075928,137.3626,-0.004439153417,0.1028257457,184.7101,0.1284990593,0.4400779572,9,0.0000,8.0000,5,-0.4444,0.6667,1,-0.8000,-0.8333,4,0,-0.4286,NULL,NULL,NULL,71.0000,59,32.0000,1.0168,-0.004380313473,0.05132571699,0.6667,-0.1111111111,0.6666666667,NULL,NULL,NULL,0.0000,-0.4444444444,0,"Modesto, CA",33700,2025-08-01 14:37:32.7980000 +00:00,9677
2023-06-01,2023-08-31,90,neighborhood,1,50180,0,"Philadelphia, PA - Bella Vista-Southwark",Philadelphia,Pennsylvania,PA,Townhouse,13,430000.0000,0.0141509434,0.009389671362,425000.0000,-0.02745995423,-0.02287619267,300.0000,0.0005381717537,-0.04947368421,301.7387,0.00874509084,-0.01600908151,133,-0.1419,-0.1939,130,-0.0441,-0.0152,158,-0.0247,-0.1939,150,0.02739726027,-0.1758,NULL,NULL,NULL,41.5000,0.5,3.5000,0.9762,-0.001227103352,-0.00990937531,0.2030,-0.009895707009,-0.1000227842,NULL,NULL,NULL,0.3923,0.01730769231,0.0210955711,"Philadelphia, PA",37964,2025-08-01 14:37:32.7980000 +00:00,9678
2014-12-01,2015-02-28,90,neighborhood,1,351996,0,"Memphis, TN - The Core",Memphis,Tennessee,TN,All Residential,-1,135000.0000,-0.2702702703,0.125,185750.0000,-0.0008068854223,-0.03506493506,155.6157,0.0276508285,0.159040662,161.5385,0.03806020067,0.04615384615,7,0.1667,-0.5333,11,0.3750,-0.2667,8,-0.3846,-0.2727,NULL,NULL,NULL,NULL,NULL,NULL,117.0000,NULL,NULL,0.9449,0.01451777115,0.007310926657,0.0000,0,-0.1333333333,NULL,NULL,NULL,0.2727,0.1477272727,0.1393939394,"Memphis, TN",32820,2025-08-01 14:37:32.7980000 +00:00,9679
2021-08-01,2021-10-31,90,neighborhood,1,766673,0,"Wauwatosa, WI - Wauwatosa Village Center",Wauwatosa,Wisconsin,WI,All Residential,-1,295000.0000,NULL,NULL,NULL,NULL,NULL,165.6373,NULL,NULL,NULL,NULL,NULL,1,0.0000,NULL,1,NULL,NULL,NULL,NULL,NULL,NULL,NULL,NULL,NULL,NULL,NULL,125.0000,NULL,NULL,0.9516,NULL,NULL,0.0000,NULL,NULL,NULL,NULL,NULL,0.0000,NULL,NULL,"Milwaukee, WI",33340,2025-08-01 14:37:32.7980000 +00:00,9680
2016-01-01,2016-03-31,90,neighborhood,1,663558,0,"Laredo, TX - College Heights",Laredo,Texas,TX,Single Family Residential,6,109950.0000,0,NULL,107700.0000,0,NULL,89.7496,0,NULL,99.4078,0.01556710682,NULL,2,0.0000,NULL,2,0.0000,NULL,3,-0.4000,NULL,3,0,NULL,NULL,NULL,NULL,54.0000,0,NULL,NULL,NULL,NULL,0.0000,0,NULL,NULL,NULL,NULL,0.0000,0,NULL,"Laredo, TX",29700,2025-08-01 14:37:32.7980000 +00:00,9681
2013-04-01,2013-06-30,90,neighborhood,1,547198,0,"Bakersfield, CA - Wible Orchard",Bakersfield,California,CA,Single Family Residential,6,115000.0000,0.09523809524,0.4935064935,118000.0000,-0.01666666667,0.6,77.5100,0.07652824758,0.3628847614,90.5797,0.0008006405124,0.603060558,30,0.1111,-0.3617,30,0.1111,-0.3478,28,-0.0345,-0.2222,12,-0.1428571429,-0.3684,NULL,NULL,NULL,49.5000,-27,24.5000,1.0234,0.03556776892,0.01978263698,0.3667,-0.003703703704,-0.1014184397,NULL,NULL,NULL,0.0000,0,-0.0652173913,"Bakersfield, CA",12540,2025-08-01 14:37:32.7980000 +00:00,9682
2021-11-01,2022-01-31,90,neighborhood,1,212847,0,"League City, TX - Constellation Pointe",League City,Texas,TX,Single Family Residential,6,1555000.0000,0.1036195884,NULL,3180000.0000,0,NULL,214.1578,-0.348386714,NULL,518.1685,0,NULL,1,-0.5000,NULL,NULL,NULL,NULL,1,0.0000,NULL,1,0,NULL,NULL,NULL,NULL,195.0000,79.5,NULL,0.9014,-0.03541854939,NULL,0.0000,0,NULL,NULL,NULL,NULL,NULL,NULL,NULL,"Houston, TX",26420,2025-08-01 14:37:32.7980000 +00:00,9683
2021-08-01,2021-10-31,90,neighborhood,1,291869,0,"Desert Hot Springs, CA - Miracle Heights",Desert Hot Springs,California,CA,Multi-Family (2-4 Unit),4,1050000.0000,NULL,NULL,350000.0000,NULL,NULL,477.2727,NULL,NULL,162.0370,NULL,NULL,1,0.0000,NULL,1,NULL,NULL,1,NULL,NULL,1,NULL,NULL,NULL,NULL,NULL,114.0000,NULL,NULL,0.8750,NULL,NULL,0.0000,NULL,NULL,NULL,NULL,NULL,1.0000,NULL,NULL,"Riverside, CA",40140,2025-08-01 14:37:32.7980000 +00:00,9684
2014-02-01,2014-04-30,90,neighborhood,1,103240,0,"Phoenix, AZ - Citrus Acres",Phoenix,Arizona,AZ,Condo/Co-op,3,70000.0000,0,NULL,69500.0000,-0.108974359,NULL,72.8030,0,NULL,65.3195,-0.1998355263,NULL,2,0.0000,NULL,2,0.0000,NULL,1,-0.6667,NULL,1,0,NULL,NULL,NULL,NULL,17.0000,0,NULL,0.8854,0,NULL,0.0000,0,NULL,NULL,NULL,NULL,0.5000,0,NULL,"Phoenix, AZ",38060,2025-08-01 14:37:32.7980000 +00:00,9685
2020-08-01,2020-10-31,90,neighborhood,1,106696,0,"Omaha, NE - Midtown",Omaha,Nebraska,NE,Multi-Family (2-4 Unit),4,185000.0000,-0.075,0.02209944751,155000.0000,-0.243902439,0.05084745763,99.3612,0.0723515942,0.3914197677,77.5886,-0.1242214592,0.1270459718,9,0.8000,3.5000,6,0.0000,NULL,6,0.5000,2.0000,2,0,-0.5000,NULL,NULL,NULL,5.0000,-61,-19.5000,1.0152,0.0294246435,0.06091549823,0.4444,0.04444444444,0.4444444444,NULL,NULL,NULL,0.8333,0.3333333333,NULL,"Omaha, NE",36540,2025-08-01 14:37:32.7980000 +00:00,9686
2017-06-01,2017-08-31,90,neighborhood,1,766373,0,"North Port, FL - Blue Ridge-Salford",North Port,Florida,FL,Single Family Residential,6,175400.0000,-0.02555555556,0.06303030303,157400.0000,-0.04548211037,-0.07357268982,115.4820,-0.006297607102,0.04159475037,121.9512,0.00231127434,0.04745706002,42,0.0500,0.2353,40,-0.0698,-0.2157,50,0.1628,-0.0385,45,-0.0625,-0.0816,NULL,NULL,NULL,68.0000,28,5.0000,0.9610,0.008899926849,-0.01600246836,0.0714,-0.003571428571,-0.1638655462,NULL,NULL,NULL,0.3000,0.02093023256,-0.1509803922,"North Port, FL",35840,2025-08-01 14:37:32.7980000 +00:00,9687
2024-08-01,2024-10-31,90,neighborhood,1,109203,0,"Los Angeles, CA - North Atwater",Los Angeles,California,CA,All Residential,-1,897500.0000,-0.01643835616,-0.4016666667,1264495.0000,0.01240592474,0.1495409091,740.1909,0.2745509741,0.1764100944,993.7809,-0.07544166275,0.2481887644,6,0.5000,1.0000,6,-0.1429,2.0000,6,0.2000,-0.1429,5,0,0.0000,NULL,NULL,NULL,65.5000,-18,-46.5000,1.0499,0.004004783106,0.02130290325,0.8333,0.3333333333,0.1666666667,NULL,NULL,NULL,0.1667,-0.119047619,-0.3333333333,"Los Angeles, CA",31084,2025-08-01 14:37:32.7980000 +00:00,9688
2023-05-01,2023-07-31,90,neighborhood,1,163775,0,"El Paso, TX - Montwood Heights",El Paso,Texas,TX,Single Family Residential,6,185000.0000,0,0.1282207654,199450.0000,0.04973684211,0.2089710562,139.6761,-0.08943306681,0.01873458599,146.0114,0.001819708847,0.1037440441,5,-0.1667,-0.1667,6,-0.1429,-0.4000,6,-0.1429,-0.4000,2,-0.5,1.0000,NULL,NULL,NULL,25.0000,3.5,5.5000,1.0136,-0.002885449016,-0.008310839616,0.6000,0.1,-0.06666666667,NULL,NULL,NULL,0.3333,-0.2380952381,-0.3666666667,"El Paso, TX",21340,2025-08-01 14:37:32.7980000 +00:00,9689
2024-06-01,2024-08-31,90,neighborhood,1,551420,0,"Huntsville, AL - Mountain Slopes",Huntsville,Alabama,AL,Single Family Residential,6,460000.0000,0,-0.1066226452,491400.0000,0.02236554666,0.02396332569,197.5097,-0.1000720559,0.006535929182,177.5888,-0.04442642559,-0.08869406524,5,0.2500,-0.2857,5,0.2500,0.2500,3,-0.2500,-0.5714,7,-0.125,0.1667,NULL,NULL,NULL,257.5000,1.5,141.5000,0.9816,-0.006278105093,-0.008877157301,0.0000,0,-0.2857142857,NULL,NULL,NULL,0.2000,-0.05,0.2,"Huntsville, AL",26620,2025-08-01 14:37:32.7980000 +00:00,9690
2016-03-01,2016-05-31,90,neighborhood,1,208074,0,"Nashville, TN - Brandywine Farms",Nashville,Tennessee,TN,Single Family Residential,6,937500.0000,0,1.428756477,580000.0000,0,-0.1690544413,279.5570,0,1.317571237,147.1309,0,-0.1738317989,2,0.0000,1.0000,6,0.5000,0.5000,5,-0.2857,-0.2857,7,0,-0.3636,NULL,NULL,NULL,30.5000,0,-30.5000,0.9848,0,-0.007439432889,0.0000,0,0,NULL,NULL,NULL,0.5000,0,0.25,"Nashville, TN",34980,2025-08-01 14:37:32.7980000 +00:00,9691
2021-07-01,2021-09-30,90,neighborhood,1,122720,0,"Fort Collins, CO - Paragon Point",Fort Collins,Colorado,CO,Single Family Residential,6,627010.0000,0.009677938808,0.0942582897,692000.0000,0.1344262295,0.08141897171,196.3351,-0.01950705028,0.3452212094,201.5291,0.02495487303,0.1308023103,6,-0.1429,1.0000,7,0.0000,0.7500,6,-0.1429,1.0000,1,-0.6666666667,-0.5000,NULL,NULL,NULL,40.5000,-0.5,-44.5000,1.0142,-3.57177952E-05,0.02146202275,0.6667,0.09523809524,0.6666666667,NULL,NULL,NULL,0.8571,0,0.3571428571,"Fort Collins, CO",22660,2025-08-01 14:37:32.7980000 +00:00,9692
2017-05-01,2017-07-31,90,neighborhood,1,182087,0,"Baltimore, MD - New Southwest-Mount Clare",Baltimore,Maryland,MD,Townhouse,13,14600.0000,-0.4592592593,-0.3363636364,47900.0000,0.04357298475,0.1975,NULL,NULL,NULL,4.4014,-0.8441658401,NULL,10,0.6667,0.1111,9,0.8000,-0.1000,13,-0.1333,-0.2778,15,-0.1176470588,-0.4444,NULL,NULL,NULL,85.5000,29.5,64.5000,0.9719,-0.02944603377,-0.01471687948,0.4000,0.06666666667,0.2888888889,NULL,NULL,NULL,0.0000,-0.2,-0.1,"Baltimore, MD",12580,2025-08-01 14:37:32.7980000 +00:00,9693
2024-03-01,2024-05-31,90,neighborhood,1,92684,0,"Birmingham, AL - South Pratt",Birmingham,Alabama,AL,Single Family Residential,6,9000.0000,0,-0.8301886792,84900.0000,0.7523400654,1.612307692,9.4538,0,-0.7445695259,67.9200,0.758765484,1.932139657,1,0.0000,0.0000,3,-0.2500,2.0000,1,-0.5000,-0.5000,3,0,NULL,NULL,NULL,NULL,91.0000,0,81.0000,0.9091,0,-0.09090909091,0.0000,0,0,NULL,NULL,NULL,0.3333,0.08333333333,-0.6666666667,"Birmingham, AL",13820,2025-08-01 14:37:32.7980000 +00:00,9694
2015-06-01,2015-08-31,90,neighborhood,1,347458,0,"Haverhill, MA - Downtown Haverhill",Haverhill,Massachusetts,MA,Townhouse,13,200000.0000,0,0.1049723757,190000.0000,0.02730467694,-0.004962096911,134.0909,-0.04966142807,0.09599499826,140.8595,0.0276367122,0.05637479363,31,0.3478,0.4091,34,0.0968,2.4000,38,-0.0952,1.3750,16,-0.2727272727,-0.0588,NULL,NULL,NULL,22.0000,9,-45.0000,0.9993,-0.005014741121,0.01112415101,0.4516,-0.02664796634,0.1788856305,NULL,NULL,NULL,0.2941,-0.1252371917,-0.1058823529,"Boston, MA",14454,2025-08-01 14:37:32.7980000 +00:00,9695
2019-02-01,2019-04-30,90,neighborhood,1,555248,0,"Chicago, IL - Little Cassubia",Chicago,Illinois,IL,All Residential,-1,384500.0000,0.01317523057,0.1308823529,424900.0000,0.2497058824,0.233560749,170.6767,0.02949293398,-0.1748108445,207.7136,-0.03502702937,-0.1097989196,8,0.0000,1.6667,8,-0.2000,0.1429,9,0.2857,-0.1000,5,0,0.2500,NULL,NULL,NULL,87.0000,-4.5,8.0000,0.9936,0.007058260252,0.01190449554,0.5000,0.25,0.5,NULL,NULL,NULL,0.3750,0.175,-0.3392857143,"Chicago, IL",16984,2025-08-01 14:37:32.7980000 +00:00,9696
2023-05-01,2023-07-31,90,neighborhood,1,15300,0,"Watertown, MA - East Watertown",Watertown,Massachusetts,MA,Multi-Family (2-4 Unit),4,1140000.0000,-0.0460251046,-0.1476635514,1200000.0000,0.06666666667,0.2060301508,450.2370,0.02786133893,0.1579955578,390.6003,0.01011823751,0.1400033342,5,0.0000,0.2500,6,-0.1429,-0.1429,7,0.1667,-0.3636,3,0.5,-0.4000,NULL,NULL,NULL,15.0000,1,-31.0000,1.0092,-0.01291506146,-0.01453222661,0.4000,-0.2,-0.1,NULL,NULL,NULL,0.8333,-0.02380952381,0.119047619,"Boston, MA",14454,2025-08-01 14:37:32.7980000 +00:00,9697
2020-09-01,2020-11-30,90,neighborhood,1,162228,0,"Olathe, KS - Havencroft",Olathe,Kansas,KS,Multi-Family (2-4 Unit),4,265000.0000,-0.01395348837,0.06,265000.0000,0,NULL,136.6799,-0.07758224943,NULL,136.6799,0,NULL,3,0.5000,2.0000,NULL,NULL,NULL,5,0.0000,NULL,NULL,NULL,NULL,NULL,NULL,NULL,4.0000,1.5,0.0000,NULL,NULL,NULL,NULL,NULL,NULL,NULL,NULL,NULL,1.0000,0,NULL,"Kansas City, MO",28140,2025-08-01 14:37:32.7980000 +00:00,9698
2019-04-01,2019-06-30,90,neighborhood,1,552037,0,"Northfield, OH - Easton Estate",Northfield,Ohio,OH,Single Family Residential,6,320000.0000,0.2648221344,0.2787212787,334900.0000,0.007369529253,0.1257142857,132.8370,-0.02632780389,0.007320654042,134.1834,-0.01599742381,0.03761257868,5,0.2500,-0.3750,7,0.1667,0.1667,5,-0.1667,-0.3750,2,0,-0.3333,NULL,NULL,NULL,36.0000,-9,5.0000,0.9921,0.002794553665,-0.0110873789,0.4000,0.15,0.025,NULL,NULL,NULL,0.7143,0.04761904762,-0.2857142857,"Akron, OH",10420,2025-08-01 14:37:32.7980000 +00:00,9699
2014-04-01,2014-06-30,90,neighborhood,1,767230,0,"Clarksville, IN - Green Acres",Clarksville,Indiana,IN,Condo/Co-op,3,33000.0000,0,NULL,NULL,NULL,NULL,39.2857,0,NULL,NULL,NULL,NULL,1,0.0000,NULL,1,0.0000,NULL,NULL,NULL,NULL,NULL,NULL,NULL,NULL,NULL,NULL,54.0000,0,NULL,0.9167,0,NULL,0.0000,0,NULL,NULL,NULL,NULL,0.0000,0,NULL,"Louisville, KY",31140,2025-08-01 14:37:32.7980000 +00:00,9700
2014-04-01,2014-06-30,90,neighborhood,1,11165,0,"Kirkland, WA - Norkirk",Kirkland,Washington,WA,Townhouse,13,940000.0000,0,0.1898734177,888950.0000,0,NULL,354.8353,-0.08988527242,0.293127534,368.7059,0,NULL,4,0.3333,3.0000,5,0.6667,4.0000,5,0.2500,NULL,1,0,NULL,NULL,NULL,NULL,5.0000,0,-33.0000,1.0287,-0.009571216979,0.07575828302,0.5000,-0.1666666667,0.5,NULL,NULL,NULL,0.8000,-0.2,0.8,"Seattle, WA",42644,2025-08-01 14:37:32.7980000 +00:00,9701
2015-11-01,2016-01-31,90,neighborhood,1,186291,0,"Boston, MA - Franklin Field South",Boston,Massachusetts,MA,Single Family Residential,6,225500.0000,-0.098,-0.4849081515,290000.0000,0.03571428571,0.1476058567,142.5610,-0.1332292917,-0.3578865322,194.0989,0.06128275326,0.3108823565,4,0.3333,0.3333,3,-0.5714,NULL,6,0.2000,2.0000,4,1,0.0000,NULL,NULL,NULL,19.0000,-57,-271.0000,0.9354,-0.009909365378,-0.08446801737,0.2500,0.25,-0.4166666667,NULL,NULL,NULL,0.6667,0.380952381,NULL,"Boston, MA",14454,2025-08-01 14:37:32.7980000 +00:00,9702
2021-08-01,2021-10-31,90,neighborhood,1,194098,0,"Poland, OH - Kirtland Woods",Poland,Ohio,OH,All Residential,-1,250000.0000,0,0.5290519878,NULL,NULL,NULL,141.8842,0,0.2357222151,NULL,NULL,NULL,1,0.0000,-0.5000,1,0.0000,-0.8000,NULL,NULL,NULL,1,0,-0.6667,NULL,NULL,NULL,40.0000,0,-1.5000,1.0000,0,0.04519307723,0.0000,0,-0.5,NULL,NULL,NULL,0.0000,0,-0.6,"Youngstown, OH",49660,2025-08-01 14:37:32.7980000 +00:00,9703
2019-07-01,2019-09-30,90,neighborhood,1,549786,0,"Minneapolis, MN - Phillips West",Minneapolis,Minnesota,MN,Multi-Family (2-4 Unit),4,170000.0000,-0.4785276074,-0.376146789,299900.0000,0,NULL,74.0741,-0.22243096,-0.3299110396,98.4893,0,NULL,1,-0.5000,-0.5000,2,1.0000,NULL,1,0.0000,NULL,NULL,NULL,NULL,NULL,NULL,NULL,NULL,NULL,NULL,NULL,NULL,NULL,0.0000,-0.5,-0.5,NULL,NULL,NULL,0.5000,0.5,NULL,"Minneapolis, MN",33460,2025-08-01 14:37:32.7980000 +00:00,9704
2017-08-01,2017-10-31,90,neighborhood,1,109001,0,"Mountain View, CA - St. Francis Acres",Mountain View,California,CA,All Residential,-1,2522500.0000,0.1597701149,-0.04811320755,2364500.0000,0,0.02849064811,1566.2216,-0.05300913914,0.079215365,1423.0724,0,0.1302871837,2,-0.5000,1.0000,2,0.0000,1.0000,2,0.0000,1.0000,NULL,NULL,NULL,NULL,NULL,NULL,6.5000,0,-0.5000,1.0906,-0.03031090632,-0.06211085876,0.5000,-0.25,-0.5,NULL,NULL,NULL,1.0000,0,0,"San Jose, CA",41940,2025-08-01 14:37:32.7980000 +00:00,9705
2020-06-01,2020-08-31,90,neighborhood,1,54716,0,"Durham, NC - Hope Valley",Durham,North Carolina,NC,Townhouse,13,217000.0000,0,-0.03340757238,216000.0000,-0.004608294931,-0.04,154.8887,0.04009789567,0.1180923548,154.2857,0.01237798785,0.08543223805,26,0.4444,0.2381,21,-0.2500,0.0500,22,-0.2143,0.0000,10,-0.1666666667,0.2500,NULL,NULL,NULL,36.0000,-5.5,-9.0000,1.0164,0.005756687415,0.02070959844,0.6923,0.02564102564,0.4065934066,NULL,NULL,NULL,0.8095,-0.08333333333,0.4595238095,"Durham, NC",20500,2025-08-01 14:37:32.7980000 +00:00,9706
2020-09-01,2020-11-30,90,neighborhood,1,550635,0,"Cottonwood Heights, UT - Butler",Cottonwood Heights,Utah,UT,Single Family Residential,6,600000.0000,0.05263157895,0.3261133827,639000.0000,0.1619248676,0.3340292276,203.4884,0.05509741155,0.1436832509,190.4052,-0.001886675597,0.07666249037,23,0.0952,0.4375,17,-0.3200,-0.0556,15,-0.2500,0.0000,2,-0.6,-0.7500,NULL,NULL,NULL,18.0000,8,-15.5000,1.0012,-0.01040653901,0.008028890419,0.4783,-0.1407867495,0.2907608696,NULL,NULL,NULL,0.6471,0.007058823529,0.3137254902,"Salt Lake City, UT",41620,2025-08-01 14:37:32.7980000 +00:00,9707
2018-06-01,2018-08-31,90,neighborhood,1,551111,0,"Hoboken, NJ - North East Hoboken",Hoboken,New Jersey,NJ,All Residential,-1,967500.0000,-0.02272727273,-0.08726415094,904997.0000,0.006670745273,0.006670745273,840.2981,0.002755696873,-0.03203432623,859.7502,0.02154501093,-0.00485608866,54,-0.0182,-0.1692,52,0.0196,0.2381,75,-0.0854,0.5306,61,-0.01612903226,0.7941,NULL,NULL,NULL,42.5000,-8.5,-17.5000,0.9805,0.008515038299,-0.01050995181,0.1296,-0.01582491582,-0.1472934473,NULL,NULL,NULL,0.0385,0.03846153846,-0.08058608059,"New York, NY",35614,2025-08-01 14:37:32.7980000 +00:00,9708
2013-03-01,2013-05-31,90,neighborhood,1,352005,0,"Memphis, TN - Vollintine-Evergreen",Memphis,Tennessee,TN,Condo/Co-op,3,80000.0000,0.03225806452,0.2913640032,85625.0000,0.007352941176,0.08454718176,60.2410,-0.09055577147,-0.02758734697,77.0833,0.08823529412,0.2162365228,3,-0.4000,0.5000,3,-0.4000,0.5000,4,-0.2000,1.0000,NULL,NULL,NULL,NULL,NULL,NULL,NULL,NULL,NULL,0.8838,-0.01585468791,-0.05786822011,0.0000,0,0,NULL,NULL,NULL,0.0000,0,0,"Memphis, TN",32820,2025-08-01 14:37:32.7980000 +00:00,9709
2020-02-01,2020-04-30,90,neighborhood,1,113252,0,"San Jose, CA - Rose-Sartorette",San Jose,California,CA,All Residential,-1,1420000.0000,0.007092198582,0.1314741036,1300000.0000,-0.03632320237,0.0009239297813,797.8723,-0.002659574468,0.01769612981,760.6788,0,0.08818000265,9,0.0000,-0.5500,13,0.0833,-0.3158,17,0.3077,-0.1905,8,0.3333333333,0.1429,NULL,NULL,NULL,9.0000,0,-9.5000,1.0464,0.008798233247,0.0302335213,0.7778,-0.1111111111,0.2277777778,NULL,NULL,NULL,0.6154,-0.05128205128,-0.01619433198,"San Jose, CA",41940,2025-08-01 14:37:32.7980000 +00:00,9710
2015-12-01,2016-02-29,90,neighborhood,1,111963,0,"Richmond, CA - Laurel Park",Richmond,California,CA,Single Family Residential,6,400000.0000,NULL,-0.04534606205,357450.0000,NULL,0.1915039717,228.5714,NULL,-0.09880668258,247.0565,NULL,0.32340356,1,0.0000,0.0000,2,NULL,NULL,2,NULL,1.0000,NULL,NULL,NULL,NULL,NULL,NULL,8.0000,NULL,-25.0000,1.0003,NULL,-0.021701157,1.0000,NULL,0,NULL,NULL,NULL,1.0000,NULL,NULL,"Oakland, CA",36084,2025-08-01 14:37:32.7980000 +00:00,9711
2014-07-01,2014-09-30,90,neighborhood,1,103925,0,"Marana, AZ - Rancho Marana",Marana,Arizona,AZ,All Residential,-1,152450.0000,-0.01294917449,-0.07960274097,149000.0000,-0.03528650049,-0.08024691358,83.6065,-0.08159746392,-0.09585129632,99.6656,-0.004050322673,-0.05777490447,10,0.0000,1.0000,9,-0.1000,0.8000,7,-0.1250,2.5000,6,-0.3333333333,-0.2500,NULL,NULL,NULL,62.5000,0.5,51.5000,0.9727,-0.002349169862,-0.01939481563,0.0000,-0.1,-0.2,NULL,NULL,NULL,0.1111,0.01111111111,0.1111111111,"Tucson, AZ",46060,2025-08-01 14:37:32.7980000 +00:00,9712
2020-05-01,2020-07-31,90,neighborhood,1,321216,0,"New York, NY - Eltingville",New York,New York,NY,Townhouse,13,815000.0000,0.1458699473,0.1164383562,838000.0000,-0.01294246797,-0.02444703143,338.4935,-0.007704682076,-0.1308054238,378.9211,0.004221953447,-0.01150920055,13,0.3000,1.6000,9,0.8000,1.2500,23,0.7692,0.7692,19,0.05555555556,0.5833,NULL,NULL,NULL,17.0000,-11.5,-9.0000,0.9723,0.002166207553,0.02476045218,0.0000,0,-0.2,NULL,NULL,NULL,0.1111,-0.08888888889,0.1111111111,"New York, NY",35614,2025-08-01 14:37:32.7980000 +00:00,9713
2021-04-01,2021-06-30,90,neighborhood,1,115419,0,"Redlands, CA - Downtown Redlands",Redlands,California,CA,All Residential,-1,375000.0000,0.01214574899,-0.09638554217,342450.0000,-0.06689373297,-0.2539215686,443.6364,-0.01579468388,0.6761971522,382.2175,-0.07608400184,0.2490768746,3,0.5000,2.0000,4,0.3333,1.0000,4,0.0000,3.0000,1,0,0.0000,NULL,NULL,NULL,39.0000,0.5,5.0000,0.9792,-0.03038866866,0.002544520729,0.3333,-0.1666666667,0.3333333333,NULL,NULL,NULL,0.5000,-0.5,0,"Riverside, CA",40140,2025-08-01 14:37:32.7980000 +00:00,9714
2016-11-01,2017-01-31,90,neighborhood,1,161836,0,"Kansas City, KS - Morris",Kansas City,Kansas,KS,All Residential,-1,142500.0000,-0.1467065868,-0.0923566879,254999.5000,0.3421026316,NULL,98.1172,-0.1034325058,0.2499000053,75.9041,0.001135317817,NULL,2,-0.3333,-0.3333,NULL,NULL,NULL,2,1.0000,NULL,NULL,NULL,NULL,NULL,NULL,NULL,59.0000,-5,-96.0000,NULL,NULL,NULL,NULL,NULL,NULL,NULL,NULL,NULL,0.0000,-0.5,0,"Kansas City, MO",28140,2025-08-01 14:37:32.7980000 +00:00,9715
2015-11-01,2016-01-31,90,neighborhood,1,371167,0,"Houston, TX - College Heights",Houston,Texas,TX,Townhouse,13,400000.0000,NULL,NULL,435000.0000,NULL,NULL,268.0965,NULL,NULL,291.5550,NULL,NULL,1,0.0000,NULL,1,NULL,NULL,1,NULL,NULL,NULL,NULL,NULL,NULL,NULL,NULL,49.0000,NULL,NULL,0.9195,NULL,NULL,0.0000,NULL,NULL,NULL,NULL,NULL,0.0000,NULL,NULL,"Houston, TX",26420,2025-08-01 14:37:32.7980000 +00:00,9716
2016-11-01,2017-01-31,90,neighborhood,1,400891,0,"San Antonio, TX - Huntleigh",San Antonio,Texas,TX,All Residential,-1,129969.0000,0,NULL,130000.0000,0.0002385184159,NULL,89.5103,0,NULL,121.7228,0.3598748396,NULL,1,0.0000,NULL,1,0.0000,NULL,1,0.0000,NULL,NULL,NULL,NULL,NULL,NULL,NULL,23.0000,0,NULL,1.0000,0,NULL,0.0000,0,NULL,NULL,NULL,NULL,1.0000,0,NULL,"San Antonio, TX",41700,2025-08-01 14:37:32.7980000 +00:00,9717
2013-01-01,2013-03-31,90,neighborhood,1,185495,0,"Rochester, MN - John Adams",Rochester,Minnesota,MN,All Residential,-1,134150.0000,0.01475037821,-0.07626097435,148450.0000,-0.01033333333,0.02449965493,69.6073,0,0.1346765302,74.5528,-0.09307342424,0.09932789718,10,0.0000,1.5000,10,0.0000,1.5000,6,0.2000,-0.5385,9,0,-0.5500,NULL,NULL,NULL,120.5000,-60,-218.5000,0.9727,0.005383517919,0.02353375603,0.3000,0.1,0.3,NULL,NULL,NULL,0.0000,0,0,"Rochester, MN",40340,2025-08-01 14:37:32.7980000 +00:00,9718
2015-04-01,2015-06-30,90,neighborhood,1,201321,0,"Four Corners, FL - Florida Pines",Four Corners,Florida,FL,Single Family Residential,6,153250.0000,0,0.1788461538,164900.0000,0,0.1678470255,92.0881,-0.03858258488,0.2194901619,92.6925,-0.07084901711,-0.02710605495,14,0.7500,1.0000,16,-0.0588,0.3333,7,-0.2222,-0.3000,4,-0.2,-0.4286,NULL,NULL,NULL,80.5000,-3,10.0000,0.9376,-0.03006115294,-0.06009022897,0.0714,-0.1785714286,-0.2142857143,NULL,NULL,NULL,0.1250,-0.05147058824,-0.2083333333,"Orlando, FL",36740,2025-08-01 14:37:32.7980000 +00:00,9719
2016-08-01,2016-10-31,90,neighborhood,1,156365,0,"Allentown, PA - Mountainville",Allentown,Pennsylvania,PA,Single Family Residential,6,177400.0000,0.04077442065,0.2276816609,159900.0000,-0.07196749855,0.04543968617,115.1447,0.01442737847,0.07813572452,109.2566,0.01537082335,0.008681280663,16,0.1429,0.0000,18,0.0588,0.2000,19,-0.0500,0.0556,14,-0.1764705882,-0.2222,NULL,NULL,NULL,46.5000,7,-60.0000,0.9688,0.008846432642,0.004310873955,0.1250,0.05357142857,0,NULL,NULL,NULL,0.3889,0.03594771242,0.1888888889,"Allentown, PA",10900,2025-08-01 14:37:32.7980000 +00:00,9720
2016-05-01,2016-07-31,90,neighborhood,1,515416,0,"Litchfield Beach, SC - River Club",Litchfield Beach,South Carolina,SC,Condo/Co-op,3,186750.0000,0,0.66,174950.0000,-0.05406866721,0.02972336669,122.3848,0,0.06066794708,126.4847,-0.1022539741,-0.08802951274,2,0.0000,1.0000,2,0.0000,1.0000,2,0.0000,1.0000,2,1,-0.3333,NULL,NULL,NULL,96.0000,0,-1174.0000,0.9494,0,0.08332975692,0.0000,0,0,NULL,NULL,NULL,0.0000,0,0,"Georgetown, SC",23860,2025-08-01 14:37:32.7980000 +00:00,9721
2012-05-01,2012-07-31,90,neighborhood,1,306831,0,"Libertyville, IL - Red Top Farm",Libertyville,Illinois,IL,Single Family Residential,6,438000.0000,0,NULL,NULL,NULL,NULL,148.4746,0,NULL,NULL,NULL,NULL,1,0.0000,NULL,NULL,NULL,NULL,NULL,NULL,NULL,NULL,NULL,NULL,NULL,NULL,NULL,7.0000,0,NULL,0.9221,0,NULL,0.0000,0,NULL,NULL,NULL,NULL,NULL,NULL,NULL,"Lake County, IL",29404,2025-08-01 14:37:32.7980000 +00:00,9722
2019-11-01,2020-01-31,90,neighborhood,1,240617,0,"Highlands Ranch, CO - District 62",Highlands Ranch,Colorado,CO,All Residential,-1,520000.0000,-0.1333333333,-0.03703703704,588450.0000,-0.0009337860781,NULL,158.8271,0.05125713799,-0.089685287,164.2035,-0.04767572652,NULL,1,-0.5000,0.0000,2,0.0000,1.0000,2,1.0000,NULL,1,0,NULL,NULL,NULL,NULL,179.0000,88,92.0000,0.9907,-0.004667555725,0.02620694963,0.0000,0,0,NULL,NULL,NULL,0.5000,0.5,0.5,"Denver, CO",19740,2025-08-01 14:37:32.7980000 +00:00,9723
2016-02-01,2016-04-30,90,neighborhood,1,127296,0,"Concord, NC - Harbour Towne",Concord,North Carolina,NC,Single Family Residential,6,126500.0000,0.00796812749,0.003968253968,128900.0000,0.00350330868,0.0312,84.8321,0.04316061584,0.07790654681,87.5679,0.01830431104,0.005229240219,6,0.5000,1.0000,NULL,NULL,NULL,5,-0.1667,0.0000,NULL,NULL,NULL,NULL,NULL,NULL,54.0000,-23,2.0000,0.9673,0.02323018366,-0.003826150351,0.3333,0.3333333333,0,NULL,NULL,NULL,0.6000,0.02857142857,0.2,"Charlotte, NC",16740,2025-08-01 14:37:32.7980000 +00:00,9724
2022-11-01,2023-01-31,90,neighborhood,1,761729,0,"Columbia, MO - Auburn Hills",Columbia,Missouri,MO,Condo/Co-op,3,149900.0000,0,0.1992,NULL,NULL,NULL,102.1117,0,0.309480654,NULL,NULL,NULL,1,0.0000,0.0000,2,1.0000,1.0000,NULL,NULL,NULL,NULL,NULL,NULL,NULL,NULL,NULL,2937.0000,0,2874.0000,NULL,NULL,NULL,0.0000,0,0,NULL,NULL,NULL,0.0000,0,0,"Columbia, MO",17860,2025-08-01 14:37:32.7980000 +00:00,9725
2012-11-01,2013-01-31,90,neighborhood,1,125541,0,"Washington, DC - West Village","Washington, DC",Columbia,DC,All Residential,-1,1100000.0000,0.1011011011,-0.1364082434,1195000.0000,-0.2744383728,-0.004166666667,671.4141,0.01384393383,-0.07661695781,689.6039,0.01280177666,0.07572710556,23,-0.2069,0.0000,24,-0.1429,0.0909,23,0.0455,0.0455,25,0.3888888889,0.1364,NULL,NULL,NULL,45.0000,4.5,11.0000,0.9657,0.00223382123,0.02387266031,0.1304,0.02698650675,0.08695652174,NULL,NULL,NULL,0.1667,0.02380952381,0.0303030303,"Washington, DC",47894,2025-08-01 14:37:32.7980000 +00:00,9726
2019-02-01,2019-04-30,90,neighborhood,1,87128,0,"Madison, WI - Maple-Prairie",Madison,Wisconsin,WI,All Residential,-1,235000.0000,-0.08737864078,-0.1132075472,293999.5000,0,-0.01967489163,163.7631,0.5644970867,0.1494313326,143.0401,0.03491616485,0.1632119261,1,-0.5000,-0.8000,5,0.2500,-0.1667,8,0.0000,0.3333,7,0,0.7500,NULL,NULL,NULL,52.0000,-99,6.0000,0.9792,0.01864423741,-0.03662383948,0.0000,0,-0.6,NULL,NULL,NULL,0.6000,0.1,-0.06666666667,"Madison, WI",31540,2025-08-01 14:37:32.7980000 +00:00,9727
2014-01-01,2014-03-31,90,neighborhood,1,189286,0,"Minneapolis, MN - Cleveland",Minneapolis,Minnesota,MN,All Residential,-1,76000.0000,-0.1451068616,0.04109589041,99450.0000,0.07050592034,0.3357958361,65.6109,-0.0730208809,0.1153846154,76.6624,-0.008147676162,0.3441964712,21,-0.0870,-0.2222,27,0.4211,0.0000,22,0.1579,-0.1538,22,-0.12,-0.1538,NULL,NULL,NULL,139.0000,46,71.0000,0.9378,-0.01720935718,-0.04008041706,0.0952,-0.03519668737,-0.2751322751,NULL,NULL,NULL,0.1852,0.1325536062,0.1851851852,"Minneapolis, MN",33460,2025-08-01 14:37:32.7980000 +00:00,9728
2024-12-01,2025-02-28,90,neighborhood,1,547329,0,"Palm Desert, CA - Brava",Palm Desert,California,CA,Townhouse,13,649000.0000,0,NULL,649000.0000,0,NULL,347.6165,0,NULL,347.6165,0,NULL,1,0.0000,NULL,1,0.0000,NULL,1,0.0000,NULL,NULL,NULL,NULL,NULL,NULL,NULL,NULL,NULL,NULL,1.0000,0,NULL,0.0000,0,NULL,NULL,NULL,NULL,1.0000,0,NULL,"Riverside, CA",40140,2025-08-01 14:37:32.7980000 +00:00,9729
2022-10-01,2022-12-31,90,neighborhood,1,764676,0,"Orchard Mesa, CO - Orchard",Orchard Mesa,Colorado,CO,All Residential,-1,454797.5000,0.03363068182,0.07390200708,342900.0000,-0.2525340599,-0.2488499452,231.9030,-0.008117052486,0.03060874304,235.3962,0.002200537537,0.02365845802,12,-0.2000,-0.1429,5,-0.3750,-0.6429,5,-0.1667,-0.1667,5,0.6666666667,0.6667,NULL,NULL,NULL,56.5000,39.5,7.0000,0.9933,-0.004638337131,0.00116581242,0.1667,-0.1,-0.119047619,NULL,NULL,NULL,0.0000,-0.25,0,"Grand Junction, CO",24300,2025-08-01 14:37:32.7980000 +00:00,9730
2022-10-01,2022-12-31,90,neighborhood,1,762360,0,"Visalia, CA - Washington",Visalia,California,CA,Multi-Family (2-4 Unit),4,340000.0000,0,-0.306122449,NULL,NULL,NULL,221.3542,0,0.3764204545,NULL,NULL,NULL,1,0.0000,-0.8571,NULL,NULL,NULL,NULL,NULL,NULL,NULL,NULL,NULL,NULL,NULL,NULL,204.0000,0,137.0000,1.0149,0,0.03938705708,1.0000,0,1,NULL,NULL,NULL,NULL,NULL,NULL,"Visalia, CA",47300,2025-08-01 14:37:32.7980000 +00:00,9731
2017-12-01,2018-02-28,90,neighborhood,1,765971,0,"Michigan City, IN - Beachway",Michigan City,Indiana,IN,Condo/Co-op,3,182500.0000,0,NULL,235000.0000,-0.09615384615,NULL,161.5044,0,NULL,267.3527,0.1228813559,NULL,1,0.0000,NULL,1,0.0000,NULL,2,1.0000,NULL,2,1,NULL,NULL,NULL,NULL,97.0000,0,NULL,0.9125,0,NULL,0.0000,0,NULL,NULL,NULL,NULL,0.0000,0,NULL,"Michigan City, IN",33140,2025-08-01 14:37:32.7980000 +00:00,9732
2016-09-01,2016-11-30,90,neighborhood,1,184539,0,"Bellevue, WA - Pikes Peak",Bellevue,Washington,WA,Single Family Residential,6,2045000.0000,-0.03492213308,-0.2283018868,1321500.0000,0,1.258974359,421.6675,0.04071970685,-0.07233159963,375.0475,0,-0.4230037952,2,0.0000,1.0000,2,-0.3333,1.0000,2,0.0000,1.0000,1,-0.5,NULL,NULL,NULL,NULL,57.5000,6.5,54.5000,0.9773,-0.00296735905,-0.02725080392,0.0000,0,-1,NULL,NULL,NULL,0.5000,0.1666666667,-0.5,"Seattle, WA",42644,2025-08-01 14:37:32.7980000 +00:00,9733
2013-01-01,2013-03-31,90,neighborhood,1,150344,0,"Cincinnati, OH - East Price Hill",Cincinnati,Ohio,OH,All Residential,-1,12000.0000,0.03896103896,-0.2,25000.0000,0.25,-0.2857142857,6.9403,-0.1426769223,-0.389741651,12.9718,0.2452928416,-0.4387551676,31,0.1071,-0.0313,31,0.1071,0.0000,53,-0.1452,-0.0536,84,-0.125,-0.0769,NULL,NULL,NULL,138.0000,26,67.5000,0.8482,-0.006572896815,-0.04195764098,0.1613,0.05414746544,-0.08870967742,NULL,NULL,NULL,0.0323,-0.1105990783,0.03225806452,"Cincinnati, OH",17140,2025-08-01 14:37:32.7980000 +00:00,9734
2022-06-01,2022-08-31,90,neighborhood,1,106697,0,"Omaha, NE - East Omaha",Omaha,Nebraska,NE,Single Family Residential,6,133625.0000,-0.01018518519,0.069,150000.0000,0.03448275862,0.2765957447,101.9345,-0.02884195373,0.2094152243,113.7725,0.07978678024,0.3556452051,36,-0.0270,0.2857,32,-0.0303,0.0000,45,0.0465,0.1250,13,0,-0.3158,NULL,NULL,NULL,12.5000,-2.5,-0.5000,1.0094,0.002234971335,0.008367823376,0.4722,0.06681681682,0.007936507937,NULL,NULL,NULL,0.6250,0.1704545455,0.21875,"Omaha, NE",36540,2025-08-01 14:37:32.7980000 +00:00,9735
2019-02-01,2019-04-30,90,neighborhood,1,97959,0,"Phoenix, AZ - Evans Churchill",Phoenix,Arizona,AZ,All Residential,-1,325000.0000,0.1607142857,0.4130434783,290000.0000,-0.1330343797,0.07407407407,226.1712,0,-0.2272388213,279.8552,0,-0.08742854146,3,0.0000,-0.6667,8,0.6000,-0.2727,7,-0.2222,-0.5882,11,0.1,0.5714,NULL,NULL,NULL,55.0000,0,-14.0000,0.9875,0.00347947112,-0.00989521929,0.0000,0,-0.1111111111,NULL,NULL,NULL,0.3750,0.175,0.1931818182,"Phoenix, AZ",38060,2025-08-01 14:37:32.7980000 +00:00,9736
2020-02-01,2020-04-30,90,neighborhood,1,759942,0,"Hurricane, UT - Dunes at Sand Hollow Resort",Hurricane,Utah,UT,All Residential,-1,535000.0000,0.1759534015,0.2617210347,537450.0000,0,0.4147143985,155.2975,-0.02943997277,-0.03713654568,213.8880,0,0.1373118007,1,-0.5000,0.0000,1,-0.5000,0.0000,2,0.0000,-0.3333,4,-0.2,-0.3333,NULL,NULL,NULL,160.0000,-93.5,-105.0000,0.9817,-0.002593632801,-0.02100646259,0.0000,0,-1,NULL,NULL,NULL,0.0000,0,0,"St. George, UT",41100,2025-08-01 14:37:32.7980000 +00:00,9737
2018-02-01,2018-04-30,90,neighborhood,1,178969,0,"Portland, ME - Rosemont",Portland,Maine,ME,Single Family Residential,6,272000.0000,-0.1365079365,-0.1486697966,311950.0000,0.06286201022,-0.0009607686149,264.8922,0.07064351234,0.7061242539,242.2559,0.02251921457,0.3716353669,6,0.0000,0.5000,9,0.0000,0.2857,8,0.3333,0.3333,4,3,3.0000,NULL,NULL,NULL,65.0000,54.5,50.5000,0.9960,-0.01486398244,-0.04046402536,0.3333,0,-0.4166666667,NULL,NULL,NULL,0.5556,0,-0.3015873016,"Portland, ME",38860,2025-08-01 14:37:32.7980000 +00:00,9738
2017-10-01,2017-12-31,90,neighborhood,1,551870,0,"Lincoln, NE - College View",Lincoln,Nebraska,NE,Condo/Co-op,3,127000.0000,0,NULL,154900.0000,NULL,NULL,120.9524,0,NULL,131.7177,NULL,NULL,1,0.0000,NULL,1,0.0000,NULL,1,NULL,NULL,NULL,NULL,NULL,NULL,NULL,NULL,7.0000,0,NULL,1.0000,0,NULL,0.0000,0,NULL,NULL,NULL,NULL,0.0000,0,NULL,"Lincoln, NE",30700,2025-08-01 14:37:32.7980000 +00:00,9739
2024-04-01,2024-06-30,90,neighborhood,1,102349,0,"Goodyear, AZ - Palm Valley",Goodyear,Arizona,AZ,Single Family Residential,6,555000.0000,0.03159851301,0.01092896175,540000.0000,-0.01818181818,0.01408450704,217.4981,-0.009023324617,-0.05724757285,223.1237,0.01470588235,-0.04409485373,46,0.1500,-0.1930,54,0.1250,-0.1429,71,-0.0779,0.2241,53,-0.1166666667,0.5143,NULL,NULL,NULL,59.5000,6.5,8.5000,0.9886,-0.000654373666,0.004161014301,0.1304,-0.01956521739,-0.04500381388,NULL,NULL,NULL,0.3333,-0.02083333333,0.07936507937,"Phoenix, AZ",38060,2025-08-01 14:37:32.7980000 +00:00,9740
2020-04-01,2020-06-30,90,neighborhood,1,733092,0,"Tallahassee, FL - Campbell Park",Tallahassee,Florida,FL,All Residential,-1,66500.0000,-0.4444444444,NULL,186000.0000,1.865947612,NULL,103.9063,-0.09473684211,NULL,129.1667,0.2737544941,NULL,1,-0.5000,NULL,1,-0.5000,NULL,1,0.0000,NULL,3,0.5,NULL,NULL,NULL,NULL,48.0000,-3,NULL,1.0247,0.00379724463,NULL,1.0000,0,NULL,NULL,NULL,NULL,0.0000,0,NULL,"Tallahassee, FL",45220,2025-08-01 14:37:32.7980000 +00:00,9741
2020-08-01,2020-10-31,90,neighborhood,1,206778,0,"Honolulu, HI - Kapalama",Honolulu,Hawaii,HI,Single Family Residential,6,830000.0000,0,0.1066666667,974949.5000,-0.08023632075,-0.1364486271,375.0000,-0.3492307692,-0.3522364217,458.4080,0.02308137699,-0.05882215435,9,0.2857,0.8000,7,-0.1250,0.0000,6,-0.1429,5.0000,9,0.125,1.2500,NULL,NULL,NULL,106.0000,45,-67.0000,0.9644,0.003599425703,1.480514952E-05,0.0000,0,0,NULL,NULL,NULL,0.0000,0,0,"Honolulu, HI",46520,2025-08-01 14:37:32.7980000 +00:00,9742
2017-06-01,2017-08-31,90,neighborhood,1,2541,0,"Bellingham, WA - South Hill",Bellingham,Washington,WA,All Residential,-1,685000.0000,0.2767940354,0.6117647059,665000.0000,-0.05640297978,0.4781062458,345.3039,0.219716032,0.2803867403,305.0318,-0.03212738386,0.1310580892,15,0.8750,-0.4000,16,-0.1579,-0.5000,27,0.1250,0.1739,21,0.5,0.7500,NULL,NULL,NULL,22.0000,-9.5,-10.5000,1.0082,0.03361259165,0.03174662233,0.4000,0.275,0.32,NULL,NULL,NULL,0.5625,-0.1217105263,0.21875,"Bellingham, WA",13380,2025-08-01 14:37:32.7980000 +00:00,9743
2022-08-01,2022-10-31,90,neighborhood,1,2335,0,"Oxnard, CA - Rose Park",Oxnard,California,CA,All Residential,-1,542500.0000,NULL,NULL,537500.0000,NULL,NULL,535.8857,NULL,NULL,530.8957,NULL,NULL,2,0.0000,NULL,2,NULL,NULL,2,NULL,NULL,NULL,NULL,NULL,NULL,NULL,NULL,21.0000,NULL,NULL,1.0093,NULL,NULL,0.5000,NULL,NULL,NULL,NULL,NULL,0.0000,NULL,NULL,"Oxnard, CA",37100,2025-08-01 14:37:32.7980000 +00:00,9744
2024-02-01,2024-04-30,90,neighborhood,1,59132,0,"Columbia, MD - Oakland Mills",Columbia,Maryland,MD,Single Family Residential,6,547500.0000,0.004587155963,0.1288659794,544950.0000,0.01869333583,0.06331707317,256.7432,-0.03008130081,-0.006985329355,259.5116,0.06319923101,-0.01354140736,12,0.0909,0.0000,18,0.3846,0.3846,16,0.6000,0.1429,4,1,0.0000,NULL,NULL,NULL,6.0000,1,-21.0000,1.0259,0.006192841777,0.01372338145,0.5833,0.03787878788,0,NULL,NULL,NULL,0.8333,0.2179487179,0.141025641,"Baltimore, MD",12580,2025-08-01 14:37:32.7980000 +00:00,9745
2024-03-01,2024-05-31,90,neighborhood,1,172885,0,"El Paso, TX - Rim-University",El Paso,Texas,TX,Single Family Residential,6,542500.0000,-0.3579881657,0.3025210084,662474.0000,0.6603358396,0.7665973333,192.3218,-0.3376848241,-0.2416745642,250.4075,0.183630564,-0.04875492345,2,1.0000,0.0000,2,1.0000,0.0000,4,0.3333,-0.4286,3,-0.25,-0.6667,NULL,NULL,NULL,125.5000,79.5,102.0000,0.9447,-0.02159475744,-0.05345521955,0.0000,0,-0.5,NULL,NULL,NULL,0.0000,0,0,"El Paso, TX",21340,2025-08-01 14:37:32.7980000 +00:00,9746
2013-07-01,2013-09-30,90,neighborhood,1,31786,0,"Chicago, IL - Kenwood",Chicago,Illinois,IL,Multi-Family (2-4 Unit),4,185500.0000,0,NULL,149000.0000,0,NULL,31.9552,0,NULL,56.8268,0,NULL,1,0.0000,NULL,1,0.0000,NULL,1,0.0000,NULL,2,0,NULL,NULL,NULL,NULL,334.0000,0,NULL,0.9280,0,NULL,0.0000,0,NULL,NULL,NULL,NULL,0.0000,0,NULL,"Chicago, IL",16984,2025-08-01 14:37:32.7980000 +00:00,9747
2019-08-01,2019-10-31,90,neighborhood,1,762336,0,"Scranton, PA - East Mountain",Scranton,Pennsylvania,PA,Single Family Residential,6,115050.0000,0.03369272237,-0.1084850833,149450.0000,0,-0.0003344481605,54.9373,-0.1669294716,-0.1721981108,79.7680,0.01523641984,0.009294894275,10,0.4286,-0.1667,9,0.2857,-0.2500,12,0.0000,0.0909,19,0.05555555556,0.5833,NULL,NULL,NULL,283.0000,42,133.5000,0.9557,-0.001681041036,0.01388206653,0.0000,0,-0.1666666667,NULL,NULL,NULL,0.0000,0,0,"Scranton, PA",42540,2025-08-01 14:37:32.7980000 +00:00,9748
2020-06-01,2020-08-31,90,neighborhood,1,763575,0,"Denver, CO - Evanston",Denver,Colorado,CO,All Residential,-1,487000.0000,-0.05252918288,-0.06615532119,575000.0000,0.01769911504,0.1232662629,331.1804,0.07104915979,0.01882770959,329.9998,0.01409458082,0.006018765434,34,0.5455,-0.0556,41,0.5185,0.2059,42,0.2000,0.2727,7,-0.125,-0.6111,NULL,NULL,NULL,6.0000,1,-29.5000,0.9932,0.004032004522,0.006941340266,0.2353,0.05347593583,0.0408496732,NULL,NULL,NULL,0.5122,-0.006323396567,0.2180774749,"Denver, CO",19740,2025-08-01 14:37:32.7980000 +00:00,9749
2023-10-01,2023-12-31,90,neighborhood,1,762453,0,"Davenport, IA - McClellan Heights",Davenport,Iowa,IA,All Residential,-1,317500.0000,0,0.1339285714,485000.0000,0.5372424723,1.205547976,156.3477,0,0.2304789807,111.8445,-0.3282550477,-0.3733225463,9,-0.3077,0.5000,9,0.0000,2.0000,3,-0.4000,0.0000,4,0.3333333333,NULL,NULL,NULL,NULL,40.0000,14,-21.0000,0.9319,-0.03478190842,-0.03551071185,0.1111,-0.1196581197,-0.3888888889,NULL,NULL,NULL,0.3333,0.1111111111,-0.3333333333,"Davenport, IA",19340,2025-08-01 14:37:32.7980000 +00:00,9750
2015-12-01,2016-02-29,90,neighborhood,1,410108,0,"Meadow Oaks, FL - Pine Ridge at Sugar Creek",Meadow Oaks,Florida,FL,Condo/Co-op,3,54450.0000,-0.175,0.5557142857,49400.0000,-0.04816955684,0.04219409283,48.4165,-0.1277697262,0.2961784114,45.2508,-0.1469111395,-0.05856407638,4,-0.2000,0.3333,5,0.0000,0.0000,6,-0.1429,0.5000,6,0.2,0.2000,NULL,NULL,NULL,45.0000,25,-99.0000,0.9274,-0.00892363161,0.09403902496,0.0000,0,0,NULL,NULL,NULL,0.6000,0.2,0.4,"Tampa, FL",45300,2025-08-01 14:37:32.7980000 +00:00,9751
2019-10-01,2019-12-31,90,neighborhood,1,238071,0,"The Pinery, CO - Reata South",The Pinery,Colorado,CO,Single Family Residential,6,1865000.0000,-0.07329192547,-0.2387755102,1770000.0000,0,0.1833923915,312.8527,-0.2384126666,-0.05844180556,420.1019,0,0.2875223297,2,0.0000,-0.3333,3,0.5000,0.0000,8,0.0000,7.0000,5,-0.5,0.0000,NULL,NULL,NULL,167.0000,-102,-69.5000,0.9809,0.05645186186,0.01321570641,0.0000,0,0,NULL,NULL,NULL,0.0000,0,-0.3333333333,"Denver, CO",19740,2025-08-01 14:37:32.7980000 +00:00,9752
2017-10-01,2017-12-31,90,neighborhood,1,760700,0,"Springfield, MO - Fox Grape",Springfield,Missouri,MO,Single Family Residential,6,319900.0000,0,0.3334722801,104900.0000,0.4005340454,-0.6285410765,151.2530,0.4987792822,0.300687146,82.9249,0.2831770424,-0.2656403404,1,-0.8000,0.0000,1,-0.8000,0.0000,1,0.0000,-0.7500,2,1,-0.6667,NULL,NULL,NULL,204.0000,132,150.0000,NULL,NULL,NULL,0.0000,0,0,NULL,NULL,NULL,0.0000,0,0,"Springfield, MO",44180,2025-08-01 14:37:32.7980000 +00:00,9753
2018-08-01,2018-10-31,90,neighborhood,1,548870,0,"Charlotte, NC - 4th Ward Historic District",Charlotte,North Carolina,NC,All Residential,-1,218000.0000,-0.1021416804,-0.09166666667,225000.0000,-0.01315789474,-0.08163265306,268.5950,-0.001001777347,-0.005518359661,280.1252,0,-0.0187379177,33,-0.0294,0.0645,NULL,NULL,NULL,33,-0.2667,0.2222,38,-0.1739130435,0.2258,NULL,NULL,NULL,60.0000,-5.5,-13.0000,0.9835,0.006315158165,0.008128790649,0.2424,0.03654188948,0.08113391984,NULL,NULL,NULL,0.3056,-0.04328165375,0.1055555556,"Charlotte, NC",16740,2025-08-01 14:37:32.7980000 +00:00,9754
2020-01-01,2020-03-31,90,neighborhood,1,763454,0,"Visalia, CA - Luisi Ranch",Visalia,California,CA,All Residential,-1,322500.0000,-0.07857142857,0.07859531773,335000.0000,0.06357647432,0.07717041801,166.4319,-0.001408450704,0.1401907743,166.1690,0.02678730603,0.1332718432,2,1.0000,-0.3333,2,1.0000,-0.3333,3,0.5000,-0.2500,2,0,0.0000,NULL,NULL,NULL,47.5000,-9.5,15.5000,1.0002,-5.813784201E-05,-0.004870661316,1.0000,0,0.6666666667,NULL,NULL,NULL,0.0000,0,0,"Visalia, CA",47300,2025-08-01 14:37:32.7980000 +00:00,9755
2017-04-01,2017-06-30,90,neighborhood,1,572981,0,"Fort Walton Beach, FL - Beal Parkway",Fort Walton Beach,Florida,FL,All Residential,-1,107000.0000,0,0.02884615385,118500.0000,0.07825295723,-0.1153415454,87.4263,0.08136384831,-0.04455515015,107.4405,0.04941860465,-0.0436354518,13,-0.0714,0.8571,13,-0.0714,0.8571,4,-0.5556,0.0000,4,-0.3333333333,0.3333,NULL,NULL,NULL,89.0000,11,-8.0000,0.9871,0.01145862226,0.002776956309,0.1538,0.01098901099,0.01098901099,NULL,NULL,NULL,0.0000,0,0,"Crestview, FL",18880,2025-08-01 14:37:32.7980000 +00:00,9756
2022-04-01,2022-06-30,90,neighborhood,1,168016,0,"San Antonio, TX - Englewood",San Antonio,Texas,TX,All Residential,-1,139250.0000,0.07736943907,0.2659090909,130138.5000,-0.1024931034,0.1316391304,144.2322,0.2424054846,1.639449627,147.2341,-0.08454605486,0.673114238,4,-0.3333,3.0000,6,0.0000,5.0000,8,0.1429,1.6667,6,0.2,1.0000,NULL,NULL,NULL,19.0000,6.5,6.0000,1.0205,-0.0101759604,0.06397652091,0.5000,0,0.5,NULL,NULL,NULL,0.5000,-0.1666666667,-0.5,"San Antonio, TX",41700,2025-08-01 14:37:32.7980000 +00:00,9757
2021-01-01,2021-03-31,90,neighborhood,1,103365,0,"Casas Adobes, AZ - Oracle Heights Estates",Casas Adobes,Arizona,AZ,Single Family Residential,6,447500.0000,-0.01648351648,0.005617977528,425000.0000,0.0119047619,-0.01162790698,167.7963,-0.07586822696,-0.03462181589,190.4762,0.07755102041,0.1325842697,6,-0.1429,0.2000,8,0.3333,0.1429,7,0.4000,-0.2222,5,0.6666666667,-0.1667,NULL,NULL,NULL,45.0000,3,4.0000,0.9987,-0.006866186515,-0.003284102651,0.3333,-0.2380952381,0.1333333333,NULL,NULL,NULL,0.6250,-0.04166666667,-0.08928571429,"Tucson, AZ",46060,2025-08-01 14:37:32.7980000 +00:00,9758
2018-11-01,2019-01-31,90,neighborhood,1,192980,0,"Georgetown, TX - Woodland Park",Georgetown,Texas,TX,All Residential,-1,537244.0000,-4.839280064E-05,0.07131690197,665000.0000,0.06485273407,0.1577156964,163.3723,-0.004458942002,-0.02381164223,170.6547,-0.09411505261,-0.06139733127,2,-0.6667,-0.6000,2,-0.5000,-0.6000,3,0.5000,-0.4000,6,0.2,0.0000,NULL,NULL,NULL,96.5000,-122.5,-98.5000,0.9956,0.01046147934,0.01885336633,0.0000,0,-0.4,NULL,NULL,NULL,0.0000,0,-0.2,"Austin, TX",12420,2025-08-01 14:37:32.7980000 +00:00,9759
2016-06-01,2016-08-31,90,neighborhood,1,50140,0,"Garland, TX - Firewheel",Garland,Texas,TX,All Residential,-1,301000.0000,0.01517706577,0.075,284000.0000,-0.05175292154,0.04124656279,122.4753,0.03235370352,0.191185599,110.7126,-0.02617216992,0.1022032832,15,0.2500,-0.1176,17,0.2143,0.1333,18,-0.1429,0.1250,5,-0.5454545455,0.0000,NULL,NULL,NULL,23.0000,-8,-6.0000,1.0144,0.002376201713,0.01167868896,0.4667,-0.03333333333,-0.003921568627,NULL,NULL,NULL,0.5294,-0.04201680672,0.06274509804,"Dallas, TX",19124,2025-08-01 14:37:32.7980000 +00:00,9760
2020-11-01,2021-01-31,90,neighborhood,1,420033,0,"Lakeland, FL - Crystal Lake North",Lakeland,Florida,FL,All Residential,-1,165000.0000,0,NULL,192450.0000,0.08453085376,NULL,124.5283,-0.05710725389,NULL,146.9776,0.1455829689,NULL,7,0.4000,NULL,5,0.2500,NULL,4,0.0000,NULL,1,NULL,NULL,NULL,NULL,NULL,17.0000,0,NULL,1.0269,0.0197860901,NULL,0.4286,0.2285714286,NULL,NULL,NULL,NULL,0.8000,0.05,NULL,"Lakeland, FL",29460,2025-08-01 14:37:32.7980000 +00:00,9761
2022-04-01,2022-06-30,90,neighborhood,1,293571,0,"Boston, MA - Back Bay",Boston,Massachusetts,MA,Condo/Co-op,3,1300000.0000,0.06995884774,0.04,1350000.0000,-0.04085257549,0.1612903226,1293.1034,0.03149292406,0.09261186264,1267.8571,-0.02070249553,0.06430122346,93,0.1772,-0.1622,106,0.0000,-0.0364,165,-0.0517,0.0313,103,-0.03738317757,-0.2695,NULL,NULL,NULL,22.0000,-4,-6.0000,0.9941,0.007501569459,0.01293478513,0.3011,0.0858853954,0.03981400756,NULL,NULL,NULL,0.5377,-0.06603773585,0.04682675815,"Boston, MA",14454,2025-08-01 14:37:32.7980000 +00:00,9762
2013-04-01,2013-06-30,90,neighborhood,1,309619,0,"Frankfort, IL - Sara Springs",Frankfort,Illinois,IL,Single Family Residential,6,549500.0000,0,NULL,485000.0000,-0.1339285714,NULL,137.9982,0.04040553463,NULL,131.0811,-0.06370656371,NULL,2,-0.5000,NULL,1,-0.5000,NULL,1,0.0000,NULL,NULL,NULL,NULL,NULL,NULL,NULL,373.0000,162,NULL,0.9821,0.01148293211,NULL,0.0000,0,NULL,NULL,NULL,NULL,0.0000,-0.5,NULL,"Chicago, IL",16984,2025-08-01 14:37:32.7980000 +00:00,9763
2017-08-01,2017-10-31,90,neighborhood,1,28725,0,"Quincy, MA - Germantown",Quincy,Massachusetts,MA,All Residential,-1,372500.0000,0.06428571429,0.1374045802,364950.0000,-0.1751610351,0.05951516911,208.8746,-0.06004809456,-0.1586791019,237.0040,-0.09555906771,-0.1533719822,4,1.0000,-0.5000,5,0.0000,-0.3750,2,-0.5000,-0.6667,2,0,-0.5000,NULL,NULL,NULL,58.0000,13.5,15.0000,0.9996,0.005628293057,0.04887557639,0.2500,0.25,0.25,NULL,NULL,NULL,0.2000,0,-0.05,"Boston, MA",14454,2025-08-01 14:37:32.7980000 +00:00,9764
2016-06-01,2016-08-31,90,neighborhood,1,761912,0,"Roanoke, VA - Monterey",Roanoke,Virginia,VA,Single Family Residential,6,135500.0000,-0.05244755245,-0.005139500734,139950.0000,-0.06042296073,0.03878270551,73.3935,-0.1510814421,-0.06846666774,70.2208,-0.1394559076,-0.1078623547,16,0.7778,-0.0588,16,0.7778,-0.0588,25,0.0870,0.1364,22,-0.1851851852,-0.2903,NULL,NULL,NULL,88.5000,3.5,-2.5000,0.9692,-0.01571075398,-0.01606077943,0.1250,-0.09722222222,0.007352941176,NULL,NULL,NULL,0.0000,0,0,"Roanoke, VA",40220,2025-08-01 14:37:32.7980000 +00:00,9765
2025-03-01,2025-05-31,90,neighborhood,1,399787,0,"San Antonio, TX - Wilshire",San Antonio,Texas,TX,Single Family Residential,6,190000.0000,-0.1914893617,-0.1819160388,190000.0000,-0.1058823529,-0.1141778171,147.7171,-0.1141814568,-0.238234992,158.0460,0.03935082259,-0.1934010673,4,0.3333,0.0000,4,0.0000,-0.3333,5,-0.1667,-0.5455,4,-0.2,-0.7143,NULL,NULL,NULL,61.5000,35.5,-46.0000,0.9802,0.02072709287,-0.02145105991,0.0000,0,-0.5,NULL,NULL,NULL,0.0000,0,-0.1666666667,"San Antonio, TX",41700,2025-08-01 14:37:32.7980000 +00:00,9766
2013-06-01,2013-08-31,90,neighborhood,1,66099,0,"San Jose, CA - Hidden Glen",San Jose,California,CA,Single Family Residential,6,705000.0000,-0.02083333333,0.3251879699,676975.0000,0,0.2931709647,360.6138,0.01622975277,0.7077898328,329.2707,-0.07665398094,0.08990356743,7,-0.2222,-0.1250,5,-0.3750,-0.4444,8,0.3333,0.3333,4,1,NULL,NULL,NULL,NULL,11.0000,-10,-35.5000,1.0119,-0.0001798315135,0.0696303048,0.5714,-0.09523809524,0.1964285714,NULL,NULL,NULL,0.8000,0.3,0.4666666667,"San Jose, CA",41940,2025-08-01 14:37:32.7980000 +00:00,9767
2022-07-01,2022-09-30,90,neighborhood,1,60036,0,"Gloucester, MA - Magnolia",Gloucester,Massachusetts,MA,Multi-Family (2-4 Unit),4,805000.0000,NULL,NULL,750000.0000,NULL,NULL,328.3034,NULL,NULL,305.8728,NULL,NULL,1,0.0000,NULL,1,NULL,NULL,1,NULL,NULL,NULL,NULL,NULL,NULL,NULL,NULL,14.0000,NULL,NULL,1.0733,NULL,NULL,1.0000,NULL,NULL,NULL,NULL,NULL,1.0000,NULL,NULL,"Boston, MA",14454,2025-08-01 14:37:32.7980000 +00:00,9768
2018-11-01,2019-01-31,90,neighborhood,1,496228,0,"Daytona Beach, FL - Neighborhood F",Daytona Beach,Florida,FL,Condo/Co-op,3,69500.0000,0,-0.07023411371,64900.0000,-0.03134328358,-0.3934579439,111.3268,0.1109979338,0.2057546318,99.0099,-0.06901137875,-0.2045833797,10,-0.1667,-0.1667,11,-0.0833,-0.0833,15,0.6667,0.3636,18,0.2,0.2000,NULL,NULL,NULL,79.5000,9.5,-179.5000,0.9344,0.007964207631,0.03296651777,0.0000,0,-0.08333333333,NULL,NULL,NULL,0.3636,0.1136363636,0.196969697,"Deltona, FL",19660,2025-08-01 14:37:32.7980000 +00:00,9769
2021-06-01,2021-08-31,90,neighborhood,1,326950,0,"New York, NY - Heartland Village",New York,New York,NY,Townhouse,13,700000.0000,0,NULL,NULL,NULL,NULL,324.0741,0,NULL,NULL,NULL,NULL,1,0.0000,NULL,NULL,NULL,NULL,NULL,NULL,NULL,NULL,NULL,NULL,NULL,NULL,NULL,10.0000,0,NULL,1.0309,0,NULL,1.0000,0,NULL,NULL,NULL,NULL,NULL,NULL,NULL,"New York, NY",35614,2025-08-01 14:37:32.7980000 +00:00,9770
2014-01-01,2014-03-31,90,neighborhood,1,284604,0,"Livermore, CA - Granada Park",Livermore,California,CA,Single Family Residential,6,531000.0000,0.01046622265,0.129787234,555000.0000,-0.008928571429,0.1349693252,344.4602,-0.008554308148,0.245919971,384.7402,-0.03540142472,0.3600139507,3,-0.2500,-0.5714,3,0.0000,-0.4000,2,1.0000,-0.6667,NULL,NULL,NULL,NULL,NULL,NULL,64.0000,25.5,49.0000,0.9827,-0.00193725832,-0.06226372332,0.0000,0,-0.8571428571,NULL,NULL,NULL,0.6667,0,0.06666666667,"Oakland, CA",36084,2025-08-01 14:37:32.7980000 +00:00,9771
2024-01-01,2024-03-31,90,neighborhood,1,418952,0,"Ocoee, FL - Westyn Bay",Ocoee,Florida,FL,Single Family Residential,6,532000.0000,0,-0.02385321101,575000.0000,0.15,-0.02376910017,171.0611,0,-0.1170323646,193.6783,-0.07809110629,0.1203091698,5,0.0000,-0.1667,5,0.0000,-0.4444,3,2.0000,-0.5714,4,0,0.0000,NULL,NULL,NULL,135.0000,0,64.5000,0.9505,0,-0.0291849192,0.0000,0,-0.1666666667,NULL,NULL,NULL,0.0000,0,-0.2222222222,"Orlando, FL",36740,2025-08-01 14:37:32.7980000 +00:00,9772
2023-03-01,2023-05-31,90,neighborhood,1,129739,0,"St. Petersburg, FL - Ponce de Leon",St. Petersburg,Florida,FL,Multi-Family (2-4 Unit),4,530000.0000,0,NULL,NULL,NULL,NULL,220.8333,0,NULL,NULL,NULL,NULL,1,0.0000,NULL,NULL,NULL,NULL,NULL,NULL,NULL,NULL,NULL,NULL,NULL,NULL,NULL,11.0000,0,NULL,0.9636,0,NULL,0.0000,0,NULL,NULL,NULL,NULL,NULL,NULL,NULL,"Tampa, FL",45300,2025-08-01 14:37:32.7980000 +00:00,9773
2019-06-01,2019-08-31,90,neighborhood,1,191984,0,"Kissimmee, FL - Marydia",Kissimmee,Florida,FL,Single Family Residential,6,143750.0000,-0.1153846154,-0.2992692902,165000.0000,-0.04069767442,-0.1821561338,137.7910,-0.1469679955,0.1465619601,163.3212,-0.002122389267,0.1026830161,2,1.0000,1.0000,2,0.0000,0.0000,3,0.5000,0.5000,3,0.5,2.0000,NULL,NULL,NULL,28.5000,24.5,26.5000,0.8416,-0.1432622313,-0.1591113074,0.0000,0,-1,NULL,NULL,NULL,0.5000,0,0,"Orlando, FL",36740,2025-08-01 14:37:32.7980000 +00:00,9774
2017-05-01,2017-07-31,90,neighborhood,1,112121,0,"Hayward, CA - Tennyson-Alquire",Hayward,California,CA,All Residential,-1,595000.0000,0.04294478528,0.1226415094,548944.0000,0.0001020244567,0.07636078431,457.2148,0.06439327381,0.09372943808,462.4211,0.02219403932,0.1893328532,29,0.3182,0.3810,30,0.0714,0.0714,30,-0.0909,-0.0323,7,-0.2222222222,-0.1250,NULL,NULL,NULL,12.0000,2,-3.0000,1.0565,0.002370439236,0.02620078124,0.8966,0.07836990596,0.08702791461,NULL,NULL,NULL,0.5000,-0.1785714286,0.03571428571,"Oakland, CA",36084,2025-08-01 14:37:32.7980000 +00:00,9775
2016-04-01,2016-06-30,90,neighborhood,1,498395,0,"Manhattan, NY - Little Italy",Manhattan,New York,NY,All Residential,-1,2736546.5000,-0.06521727992,NULL,4570000.0000,0,NULL,1628.6099,-0.0431736133,NULL,1169.4238,0,NULL,8,0.6000,NULL,9,0.8000,NULL,2,0.0000,NULL,8,-0.2727272727,NULL,NULL,NULL,NULL,553.5000,6.5,NULL,0.9705,0.01750810792,NULL,0.0000,0,NULL,NULL,NULL,NULL,0.0000,0,NULL,"New York, NY",35614,2025-08-01 14:37:32.7980000 +00:00,9776
2021-04-01,2021-06-30,90,neighborhood,1,496463,0,"Wellesley, MA - Woodlands",Wellesley,Massachusetts,MA,Single Family Residential,6,1275000.0000,0.05154639175,0.1971830986,1337450.0000,0.0493919184,-0.2659440176,630.6306,0.2211426149,0.4687387387,468.8708,-0.2348069944,0.007976459615,5,-0.3750,0.6667,5,-0.1667,-0.1667,6,0.0000,-0.2500,1,NULL,-0.8333,NULL,NULL,NULL,7.0000,1,-26.0000,1.0569,0.03541419277,0.0939539934,1.0000,0.25,1,NULL,NULL,NULL,0.8000,-0.2,0.3,"Boston, MA",14454,2025-08-01 14:37:32.7980000 +00:00,9777
2022-04-01,2022-06-30,90,neighborhood,1,96671,0,"Kansas City, MO - East Side",Kansas City,Missouri,MO,All Residential,-1,122500.0000,0.02296450939,0.05603448276,125000.0000,-0.07407407407,0.1363636364,87.8789,0.1099542135,0.1165792701,89.0228,-0.03855421687,0.1082948509,168,0.0000,-0.1016,NULL,NULL,NULL,306,0.2143,0.1769,NULL,NULL,NULL,NULL,NULL,NULL,18.5000,-8.5,7.5000,NULL,NULL,NULL,NULL,NULL,NULL,NULL,NULL,NULL,0.6028,-0.001060995982,-0.08207021126,"Kansas City, MO",28140,2025-08-01 14:37:32.7980000 +00:00,9778
2017-01-01,2017-03-31,90,neighborhood,1,178872,0,"New Orleans, LA - Little Woods",New Orleans,Louisiana,LA,Multi-Family (2-4 Unit),4,132000.0000,-0.01492537313,0.03529411765,119900.0000,0.003767266639,-0.07413127413,45.0625,0.2404195003,0.0005657124166,52.6066,0.1302077743,0.3510226526,10,0.1111,0.6667,8,0.3333,0.0000,8,0.0000,-0.2000,9,0.125,-0.3571,NULL,NULL,NULL,39.0000,-11,-167.5000,0.9779,0.008437617645,0.005251948636,0.1000,-0.1222222222,0.1,NULL,NULL,NULL,0.2500,-0.08333333333,0,"New Orleans, LA",35380,2025-08-01 14:37:32.7980000 +00:00,9779
2017-08-01,2017-10-31,90,neighborhood,1,531051,0,"Houston, TX - Bridgeland",Houston,Texas,TX,All Residential,-1,352727.0000,-0.04539377537,0.1057272727,354978.5000,0.04798899397,0.04405441176,119.8061,-0.002303558361,0.01353201516,125.8511,0.01335311703,0.04834240139,91,0.1667,0.2133,92,0.0455,0.2432,110,-0.0351,0.3253,143,-0.07142857143,0.2655,NULL,NULL,NULL,104.0000,19.5,29.0000,0.9608,-0.0009833178046,-0.003190656071,0.0769,0.01282051282,0.03692307692,NULL,NULL,NULL,0.0870,-0.04940711462,0.0464159812,"Houston, TX",26420,2025-08-01 14:37:32.7980000 +00:00,9780
2021-06-01,2021-08-31,90,neighborhood,1,558276,0,"Newport, KY - Gateway",Newport,Kentucky,KY,Condo/Co-op,3,183750.0000,0,NULL,195000.0000,0,NULL,86.9452,0,NULL,40.0657,0,NULL,2,0.0000,NULL,1,0.0000,NULL,1,0.0000,NULL,NULL,NULL,NULL,NULL,NULL,NULL,93.5000,0,NULL,0.9563,0,NULL,0.0000,0,NULL,NULL,NULL,NULL,1.0000,0,NULL,"Cincinnati, OH",17140,2025-08-01 14:37:32.7980000 +00:00,9781
2021-06-01,2021-08-31,90,neighborhood,1,496336,0,"St. Petersburg, FL - Station View",St. Petersburg,Florida,FL,Single Family Residential,6,225000.0000,-0.09963985594,0.07398568019,259900.0000,0.09454622026,0.1351823542,231.7676,0,0.1118430741,247.2182,0.0175678536,0.08298947485,5,-0.2857,0.2500,4,-0.2000,0.0000,5,0.2500,0.2500,3,2,0.5000,NULL,NULL,NULL,8.0000,0,-4.5000,0.9615,-0.01721396984,-0.05846229445,0.0000,-0.1428571429,-0.5,NULL,NULL,NULL,0.5000,-0.1,0.25,"Tampa, FL",45300,2025-08-01 14:37:32.7980000 +00:00,9782
2022-05-01,2022-07-31,90,neighborhood,1,764135,0,"Champaign, IL - Cherry Hills",Champaign,Illinois,IL,All Residential,-1,350000.0000,0.007194244604,0,345000.0000,0.0001449485433,0.05359596885,142.2073,0.05153588193,0.07222877181,143.1564,0.05975445138,0.2393041669,10,0.6667,0.0000,10,0.1111,0.0000,9,0.1250,-0.3571,2,-0.6,-0.6000,NULL,NULL,NULL,44.5000,-24.5,39.5000,1.0734,-0.04336039825,0.08248854027,0.5000,0,0.3,NULL,NULL,NULL,0.8000,0.02222222222,-0.1,"Champaign, IL",16580,2025-08-01 14:37:32.7980000 +00:00,9783
2016-10-01,2016-12-31,90,neighborhood,1,764998,0,"Hesperia, CA - High Country",Hesperia,California,CA,All Residential,-1,245000.0000,0,0.04255319149,249900.0000,-0.01225296443,0.06340425532,108.5649,0.02622964916,0.04246578649,115.0212,-0.02774422613,0.1105932481,48,-0.2381,-0.1724,56,0.0182,-0.0968,50,-0.1071,0.1628,50,-0.1803278689,-0.0741,NULL,NULL,NULL,36.0000,-4,-22.0000,0.9953,-0.001210970934,0.01488837553,0.3125,-0.00496031746,0.05387931034,NULL,NULL,NULL,0.2143,-0.02207792208,0.06912442396,"Riverside, CA",40140,2025-08-01 14:37:32.7980000 +00:00,9784
2012-10-01,2012-12-31,90,neighborhood,1,417,0,"Tacoma, WA - Central",Tacoma,Washington,WA,Single Family Residential,6,115000.0000,0.004366812227,0.15,145950.0000,0.04250744648,0.2915929204,86.5108,0.05992749108,0.2127936891,92.1331,0.06092697016,0.1279915289,59,0.1132,-0.0635,83,-0.0879,-0.1075,57,-0.1739,-0.1231,70,-0.1463414634,-0.3519,NULL,NULL,NULL,55.0000,-7,-9.0000,0.9733,-0.01662989737,-0.01966996804,0.2203,-0.0815478094,-0.1129943503,NULL,NULL,NULL,0.2048,-0.02594995366,0.07578701904,"Tacoma, WA",45104,2025-08-01 14:37:32.7980000 +00:00,9785
2024-08-01,2024-10-31,90,neighborhood,1,526267,0,"Raleigh, NC - Downtown Raleigh",Raleigh,North Carolina,NC,All Residential,-1,627500.0000,0.2067307692,0.1728971963,589950.0000,0.06686559067,-0.04384116694,415.7522,0.04837567548,-0.03677215724,425.6938,0.00438960676,-0.01524986872,22,-0.2143,0.2941,22,0.2222,0.4667,40,0.0000,0.5385,41,-0.08888888889,0.4643,NULL,NULL,NULL,42.0000,-13,-34.0000,0.9858,-0.00805949598,0.008583660127,0.1818,-0.1396103896,0.1229946524,NULL,NULL,NULL,0.2727,-0.06060606061,0.006060606061,"Raleigh, NC",39580,2025-08-01 14:37:32.7980000 +00:00,9786
2014-01-01,2014-03-31,90,neighborhood,1,499021,0,"Killeen, TX - Texas West",Killeen,Texas,TX,All Residential,-1,126450.0000,0.4336734694,0.3171875,103900.0000,-0.2427113703,-0.00858778626,58.6687,0.1134155749,0.0105382039,63.9426,0.07066924967,-0.0279130626,4,0.0000,0.3333,4,0.3333,0.3333,3,-0.2500,0.5000,3,0.5,-0.4000,NULL,NULL,NULL,81.5000,25.5,-55.5000,0.9828,-0.01075941421,0.01702898115,0.0000,-0.25,0,NULL,NULL,NULL,0.0000,0,0,"Killeen, TX",28660,2025-08-01 14:37:32.7980000 +00:00,9787
2020-01-01,2020-03-31,90,neighborhood,1,187552,0,"Milwaukee, WI - Maple Tree",Milwaukee,Wisconsin,WI,All Residential,-1,57125.0000,-0.5692742696,0.8134920635,139900.0000,0.3198113208,0.5736782902,34.6039,-0.3827010799,0.08603037902,55.8706,0.2660490385,0.7502771718,2,0.0000,-0.3333,5,-0.1667,1.5000,3,0.0000,2.0000,4,-0.2,NULL,NULL,NULL,NULL,53.5000,21,-68.5000,0.8690,-0.05511598025,-0.06080532153,0.0000,-0.5,0,NULL,NULL,NULL,0.2000,-0.1333333333,0.2,"Milwaukee, WI",33340,2025-08-01 14:37:32.7980000 +00:00,9788
2021-05-01,2021-07-31,90,neighborhood,1,760480,0,"Fort Wayne, IN - Hoagland Masterson",Fort Wayne,Indiana,IN,Single Family Residential,6,53900.0000,0,1.921409214,72450.0000,0.1241272304,0.04319654428,34.7518,0,1.169821269,49.2342,0.3906107905,-0.01727620447,1,-0.6667,-0.5000,1,-0.6667,-0.5000,2,0.0000,0.0000,3,0.5,0.0000,NULL,NULL,NULL,14.0000,-7,-31.0000,1.0000,0.0304667679,0.148241206,0.0000,0,0,NULL,NULL,NULL,1.0000,0.6666666667,1,"Fort Wayne, IN",23060,2025-08-01 14:37:32.7980000 +00:00,9789
2016-02-01,2016-04-30,90,neighborhood,1,152734,0,"Columbus, OH - Tuttle West",Columbus,Ohio,OH,Single Family Residential,6,179495.0000,-0.03497311828,0.06525222552,168500.0000,0.053125,-0.07873154729,103.8919,0.01964679448,0.05971003197,108.6180,0.03230124353,0.05641529263,53,0.0192,-0.2090,78,0.0541,0.2188,67,-0.0147,-0.1728,59,0.1346153846,0.2041,NULL,NULL,NULL,55.0000,-3,28.0000,0.9886,0.003241222457,0.01297615952,0.1698,0.03519593614,0.1101098282,NULL,NULL,NULL,0.6026,0.06202356202,0.5556891026,"Columbus, OH",18140,2025-08-01 14:37:32.7980000 +00:00,9790
2013-02-01,2013-04-30,90,neighborhood,1,403930,0,"Honolulu, HI - University Villa",Honolulu,Hawaii,HI,All Residential,-1,320000.0000,-0.1172413793,0.28,409900.0000,0.06467532468,0.4784490532,474.0741,0.102297822,0.1736129263,457.7778,-0.02855988456,0.09769226592,1,-0.5000,-0.7500,1,-0.5000,-0.7500,3,-0.4000,-0.7857,7,0,-0.4615,NULL,NULL,NULL,81.0000,27.5,41.0000,0.9846,0.004355885079,0.0004780933352,0.0000,0,-0.25,NULL,NULL,NULL,0.0000,0,0,"Honolulu, HI",46520,2025-08-01 14:37:32.7980000 +00:00,9791
2021-05-01,2021-07-31,90,neighborhood,1,326928,0,"New York, NY - South Shore",New York,New York,NY,Multi-Family (2-4 Unit),4,907000.0000,0.03597944032,0.13375,804999.0000,-0.006172847127,-0.10505898,371.8368,0.03529669639,0.3155773532,365.5342,0.0139154517,0.07347709751,26,0.1818,1.3636,32,0.1034,1.2857,30,-0.2308,0.0000,28,-0.09677419355,-0.4167,NULL,NULL,NULL,111.0000,-2,-18.0000,0.9776,0.005665592591,0.0277858287,0.2308,0.04895104895,0.2307692308,NULL,NULL,NULL,0.0313,0.03125,0.03125,"New York, NY",35614,2025-08-01 14:37:32.7980000 +00:00,9792
2019-12-01,2020-02-29,90,neighborhood,1,766416,0,"Stillwater, MN - Sabin's",Stillwater,Minnesota,MN,All Residential,-1,262899.0000,-0.04330089739,-0.178440625,292400.0000,0.09349289454,0.2579049258,163.9207,-0.105289266,-0.05796848399,166.0573,0.02107784315,-0.01689956762,4,-0.2000,0.3333,3,-0.2500,-0.4000,4,0.0000,0.0000,2,0,1.0000,NULL,NULL,NULL,5.5000,-0.5,-15.0000,1.0138,0.002752394277,0.003576449375,0.5000,0.1,0.1666666667,NULL,NULL,NULL,0.6667,-0.3333333333,0.06666666667,"Minneapolis, MN",33460,2025-08-01 14:37:32.7980000 +00:00,9793
2013-04-01,2013-06-30,90,neighborhood,1,767630,0,"Henderson, NV - Westgate",Henderson,Nevada,NV,All Residential,-1,255000.0000,-0.01923076923,0.07142857143,320000.0000,0.0003125976868,0.1640596581,118.6315,0.03876673485,0.2060119144,134.6815,0.02503561511,0.3020726743,111,-0.0513,-0.2449,127,-0.0993,-0.2485,136,-0.0073,-0.1053,137,0.06201550388,-0.2389,NULL,NULL,NULL,67.0000,-14.5,-34.0000,1.0126,0.005397650135,0.02958007041,0.4414,0.01409101409,0.1557271557,NULL,NULL,NULL,0.5276,-0.01144803708,0.1074407119,"Las Vegas, NV",29820,2025-08-01 14:37:32.7980000 +00:00,9794
2013-03-01,2013-05-31,90,neighborhood,1,313047,0,"Frankfort, IL - Yankee Ridge",Frankfort,Illinois,IL,All Residential,-1,298330.0000,-0.1476285714,-0.1826575342,325000.0000,-0.1213841579,-0.07142591836,100.4471,0.04005776114,-0.105883393,96.1538,-0.2432986046,-0.2252725118,2,-0.3333,1.0000,2,-0.3333,1.0000,1,-0.6667,0.0000,1,0,0.0000,NULL,NULL,NULL,81.5000,-64.5,-471.5000,0.9767,0.01773709728,0.04055667031,0.5000,0.1666666667,0.5,NULL,NULL,NULL,0.0000,0,0,"Chicago, IL",16984,2025-08-01 14:37:32.7980000 +00:00,9795
2021-01-01,2021-03-31,90,neighborhood,1,120197,0,"Manchester, NH - Wolfe Park",Manchester,New Hampshire,NH,Single Family Residential,6,365000.0000,0.1496062992,0.6294642857,299900.0000,0,0.2501042101,141.4234,-0.01055865269,0.2728106191,200.0000,0,0.4798618921,2,-0.5000,-0.3333,3,-0.4000,-0.2500,3,0.0000,0.5000,1,0,-0.5000,NULL,NULL,NULL,21.0000,-22,-12.0000,1.0183,0.004518956797,-0.1323950372,0.5000,0,-0.5,NULL,NULL,NULL,1.0000,0.4,0.5,"Manchester, NH",31700,2025-08-01 14:37:32.7980000 +00:00,9796
2024-04-01,2024-06-30,90,neighborhood,1,498393,0,"Manhattan, NY - Koreatown",Manhattan,New York,NY,Single Family Residential,6,795000.0000,0,0.2519685039,1350000.0000,0.4361702128,1.093023256,1187.3351,0,-0.1554600392,655.0294,-0.4483196974,-0.5348783605,3,0.0000,0.0000,1,-0.5000,-0.8000,3,0.5000,2.0000,1,0,NULL,NULL,NULL,NULL,101.5000,0,38.5000,1.0000,0,0,0.0000,0,0,NULL,NULL,NULL,0.0000,0,0,"New York, NY",35614,2025-08-01 14:37:32.7980000 +00:00,9797
2020-08-01,2020-10-31,90,neighborhood,1,59642,0,"Temecula, CA - Paloma del Sol",Temecula,California,CA,Single Family Residential,6,505000.0000,0.03483606557,0.1209766926,512500.0000,0.02510353546,0.2061661567,267.5000,0.05635204082,0.1002074824,269.6380,0.01598287857,0.01678950365,47,0.0444,0.5667,50,0.0638,0.3889,56,0.0000,0.4359,18,0.2,-0.1429,NULL,NULL,NULL,21.0000,-12,-14.0000,1.0118,0.001378151337,0.01886656751,0.7021,0.1021276596,0.3021276596,NULL,NULL,NULL,0.8200,-0.05234042553,0.4588888889,"Riverside, CA",40140,2025-08-01 14:37:32.7980000 +00:00,9798
2020-03-01,2020-05-31,90,neighborhood,1,497109,0,"Franklin, TN - Central Franklin",Franklin,Tennessee,TN,Single Family Residential,6,448000.0000,-0.03862660944,-0.09677419355,477450.0000,-0.01536399258,-0.1623684211,204.9759,0.02873798022,-0.0214919921,243.5199,-0.002773800842,0.08162790837,28,-0.2432,-0.4286,34,0.0968,-0.3704,54,0.1489,-0.2059,52,0.2380952381,-0.2464,NULL,NULL,NULL,62.0000,-13,8.0000,0.9932,0.003667650255,0.02405881568,0.2857,0.01544401544,0.1632653061,NULL,NULL,NULL,0.5588,0.07495256167,0.151416122,"Nashville, TN",34980,2025-08-01 14:37:32.7980000 +00:00,9799
2016-02-01,2016-04-30,90,neighborhood,1,110640,0,"Los Angeles, CA - Chesterfield Square",Los Angeles,California,CA,All Residential,-1,360500.0000,0.03,0.1444444444,359950.0000,0.02113475177,0.04107013738,283.1669,0.03904345372,0.2640569417,271.2987,-0.1147910946,0.218472827,16,0.0667,-0.0588,27,0.5000,0.0800,22,0.1000,0.0000,12,-0.1428571429,-0.4000,NULL,NULL,NULL,45.0000,-3,16.5000,1.0168,-0.004311258084,0.0316984399,0.4375,-0.02916666667,0.1433823529,NULL,NULL,NULL,0.2593,-0.01851851852,-0.02074074074,"Los Angeles, CA",31084,2025-08-01 14:37:32.7980000 +00:00,9800
2022-09-01,2022-11-30,90,neighborhood,1,99578,0,"Gilbert, AZ - Gardens",Gilbert,Arizona,AZ,Single Family Residential,6,460000.0000,-0.01866666667,0.09523809524,431497.5000,-0.0720483871,0.00348255814,268.5347,0.01098901099,-0.06226936717,281.4726,0.0258778053,0.004650756694,3,-0.2500,-0.7273,3,-0.2500,-0.7000,10,0.4286,-0.1667,9,0.5,2.0000,NULL,NULL,NULL,41.0000,3,35.0000,0.9893,-0.01535779904,-0.02714558203,0.0000,-0.25,-0.4545454545,NULL,NULL,NULL,0.0000,-0.25,-1,"Phoenix, AZ",38060,2025-08-01 14:37:32.7980000 +00:00,9801
2021-01-01,2021-03-31,90,neighborhood,1,604589,0,"College, AK - University West",College,Alaska,AK,All Residential,-1,220000.0000,0,-0.1000204541,267450.0000,0.1891951979,0.1031140441,163.1306,0.07805275688,0.1005343221,150.7224,-0.07606269845,0.0986882959,9,0.0000,-0.4375,10,0.0000,-0.3333,12,0.7143,-0.4000,8,1,-0.6190,NULL,NULL,NULL,62.0000,-11,-24.0000,1.0023,-0.2514902917,0.01952011894,0.1111,-0.1111111111,0.1111111111,NULL,NULL,NULL,0.1000,0.1,0.1,"Fairbanks, AK",21820,2025-08-01 14:37:32.7980000 +00:00,9802
2020-01-01,2020-03-31,90,neighborhood,1,761982,0,"Winston-Salem, NC - Summerfield",Winston-Salem,North Carolina,NC,All Residential,-1,275000.0000,0,-0.1085899514,279900.0000,0,-0.1111463957,104.0484,0,-0.1527539639,105.9024,0,-0.1404049139,1,0.0000,-0.5000,1,0.0000,-0.6667,1,0.0000,-0.6667,NULL,NULL,NULL,NULL,NULL,NULL,14.0000,0,-19.0000,0.9825,0,-0.005123929946,0.0000,0,-0.5,NULL,NULL,NULL,1.0000,0,0.3333333333,"Winston-Salem, NC",49180,2025-08-01 14:37:32.7980000 +00:00,9803
2019-07-01,2019-09-30,90,neighborhood,1,764923,0,"Odessa, TX - Greenfield Acres",Odessa,Texas,TX,Single Family Residential,6,299900.0000,0.9993333333,NULL,NULL,NULL,NULL,114.7723,0.4935700982,NULL,NULL,NULL,NULL,1,0.0000,NULL,1,0.0000,NULL,NULL,NULL,NULL,NULL,NULL,NULL,NULL,NULL,NULL,130.0000,97,NULL,NULL,NULL,NULL,0.0000,0,NULL,NULL,NULL,NULL,0.0000,0,NULL,"Odessa, TX",36220,2025-08-01 14:37:32.7980000 +00:00,9804
2023-09-01,2023-11-30,90,neighborhood,1,760590,0,"Lawrence, KS - Sunset Hills",Lawrence,Kansas,KS,Condo/Co-op,3,105000.0000,-0.05829596413,-0.05320108206,105000.0000,0,-0.05320108206,142.4695,-0.05829596413,0.0396039604,142.4695,0,0.1178373865,1,-0.5000,-0.6667,1,0.0000,-0.7500,1,0.0000,-0.6667,NULL,NULL,NULL,NULL,NULL,NULL,12.0000,5.5,8.0000,NULL,NULL,NULL,0.0000,0,0,NULL,NULL,NULL,1.0000,0,0.25,"Lawrence, KS",29940,2025-08-01 14:37:32.7980000 +00:00,9805
2014-06-01,2014-08-31,90,neighborhood,1,762890,0,"Suffolk, VA - Nansemond",Suffolk,Virginia,VA,Townhouse,13,167000.0000,-0.1731547612,NULL,223225.0000,0.01900142653,NULL,99.7672,-0.1281118919,NULL,112.0363,0.04749150032,NULL,6,0.5000,NULL,4,-0.2000,NULL,5,-0.3750,NULL,13,0.08333333333,NULL,NULL,NULL,NULL,51.5000,16.5,NULL,0.9978,-0.006591794649,NULL,0.3333,0.08333333333,NULL,NULL,NULL,NULL,0.0000,0,NULL,"Virginia Beach, VA",47260,2025-08-01 14:37:32.7980000 +00:00,9806
2016-07-01,2016-09-30,90,neighborhood,1,352222,0,"Miami, FL - Midtown Miami",Miami,Florida,FL,All Residential,-1,362000.0000,-0.06701030928,0.01971830986,385000.0000,-0.01282051282,-0.3125,365.4350,0.002681218851,0.06058585487,379.5337,-9.18420124E-05,-0.1724907657,90,-0.0526,-0.3233,93,-0.0792,-0.2377,234,0.0130,-0.2068,549,0.03977272727,0.0850,NULL,NULL,NULL,142.5000,8.5,37.5000,0.9465,0.0001935037123,-0.006459580018,0.0444,0.002339181287,-0.0157059315,NULL,NULL,NULL,0.0430,-0.006494197807,-0.01436629649,"Miami, FL",33124,2025-08-01 14:37:32.7980000 +00:00,9807
2023-11-01,2024-01-31,90,neighborhood,1,548684,0,"Quakertown, PA - Quakertown Historic District",Quakertown,Pennsylvania,PA,All Residential,-1,301200.0000,0.1114391144,0.1306306306,319900.0000,0.06829186843,0.3329166667,195.3034,0.0745427533,0.1177496525,185.1273,-0.01041576285,0.3637712191,10,-0.2308,1.5000,6,-0.4545,0.2000,5,-0.5000,0.0000,1,0,-0.7500,NULL,NULL,NULL,11.0000,-1,-33.0000,1.0049,-0.01434889383,-0.01386246652,0.4000,-0.1384615385,-0.1,NULL,NULL,NULL,0.6667,-0.06060606061,0.4666666667,"Montgomery County, PA",33874,2025-08-01 14:37:32.7980000 +00:00,9808
2021-01-01,2021-03-31,90,neighborhood,1,763392,0,"Penn Estates, PA - Crestwood",Penn Estates,Pennsylvania,PA,All Residential,-1,297000.0000,0,NULL,NULL,NULL,NULL,126.8636,0,NULL,NULL,NULL,NULL,2,0.0000,NULL,2,0.0000,NULL,NULL,NULL,NULL,NULL,NULL,NULL,NULL,NULL,NULL,211.5000,0,NULL,1.0000,0,NULL,0.0000,0,NULL,NULL,NULL,NULL,0.0000,0,NULL,"East Stroudsburg, PA",20700,2025-08-01 14:37:32.7980000 +00:00,9809
2014-11-01,2015-01-31,90,neighborhood,1,551700,0,"El Paso, TX - Sunnyfields",El Paso,Texas,TX,All Residential,-1,109000.0000,0,NULL,97000.0000,NULL,NULL,82.0166,0,NULL,57.8622,NULL,NULL,1,0.0000,NULL,1,0.0000,NULL,2,NULL,NULL,5,0.6666666667,NULL,NULL,NULL,NULL,37.0000,0,NULL,1.0000,0,NULL,0.0000,0,NULL,NULL,NULL,NULL,0.0000,0,NULL,"El Paso, TX",21340,2025-08-01 14:37:32.7980000 +00:00,9810
2024-01-01,2024-03-31,90,neighborhood,1,142868,0,"Fort Myers, FL - Paseo",Fort Myers,Florida,FL,All Residential,-1,400000.0000,0,0.03896103896,439000.0000,-0.1004098361,0.05275779376,254.0823,0.03917583386,0.007942002697,268.1735,0.04281176368,0.04437001091,13,-0.1333,-0.5357,18,0.6364,-0.4545,37,0.1935,-0.2128,43,0.02380952381,0.6538,NULL,NULL,NULL,81.0000,38,58.0000,0.9715,-0.00457828045,0.007481978163,0.0000,0,-0.03571428571,NULL,NULL,NULL,0.1111,0.0202020202,-0.4646464646,"Cape Coral, FL",15980,2025-08-01 14:37:32.7980000 +00:00,9811
2020-12-01,2021-02-28,90,neighborhood,1,762466,0,"Biloxi, MS - West Biloxi",Biloxi,Mississippi,MS,All Residential,-1,163500.0000,-0.05217391304,0.09,178750.0000,0.007042253521,0.08333333333,113.0893,0,0.1549541887,112.9473,-0.0515954401,0.005895578227,54,-0.1000,0.1489,54,-0.1000,0.1489,48,-0.0588,-0.2836,68,-0.06849315068,-0.2093,NULL,NULL,NULL,73.0000,6,-34.0000,0.9611,-0.01134756652,0.01404019386,0.0926,-0.04074074074,-0.01379038613,NULL,NULL,NULL,0.0185,-0.01481481481,-0.002758077226,"Gulfport, MS",25060,2025-08-01 14:37:32.7980000 +00:00,9812
2025-04-01,2025-06-30,90,neighborhood,1,548300,0,"Portland, OR - Portsmouth",Portland,Oregon,OR,Townhouse,13,332500.0000,0,-0.06338028169,320000.0000,0,-0.07246376812,323.8042,0,-0.1334815871,323.8866,0,-0.05707127275,2,0.0000,0.0000,NULL,NULL,NULL,1,0.0000,-0.8889,1,0,-0.7500,NULL,NULL,NULL,38.0000,0,29.5000,1.0000,0,0.007111205144,0.0000,0,-0.5,NULL,NULL,NULL,NULL,NULL,NULL,"Portland, OR",38900,2025-08-01 14:37:32.7980000 +00:00,9813
2020-12-01,2021-02-28,90,neighborhood,1,34694,0,"Philadelphia, PA - Roxborough",Philadelphia,Pennsylvania,PA,Single Family Residential,6,320000.0000,-0.05510090489,-0.3016912166,417400.0000,0.2459701493,0.2553383459,193.7716,-0.03887417939,0.3268067641,159.3235,-0.1777769158,-0.302399989,5,-0.3750,1.5000,8,0.0000,3.0000,6,-0.3333,0.5000,1,-0.6666666667,-0.6667,NULL,NULL,NULL,32.0000,-1,-88.0000,0.9815,-0.009659110212,0.02197747414,0.0000,-0.125,0,NULL,NULL,NULL,0.6250,-0.125,0.125,"Philadelphia, PA",37964,2025-08-01 14:37:32.7980000 +00:00,9814
2017-01-01,2017-03-31,90,neighborhood,1,351097,0,"Philadelphia, PA - Lower Northwest",Philadelphia,Pennsylvania,PA,Multi-Family (2-4 Unit),4,394000.0000,0,0.268921095,249900.0000,0,-0.2310769231,77.6661,0,-0.4003273388,308.5185,0,NULL,1,0.0000,-0.5000,1,0.0000,-0.5000,1,0.0000,0.0000,1,-0.5,-0.6667,NULL,NULL,NULL,664.0000,0,394.0000,0.9633,0,-0.03554636525,0.0000,0,-0.5,NULL,NULL,NULL,0.0000,0,0,"Philadelphia, PA",37964,2025-08-01 14:37:32.7980000 +00:00,9815
2020-12-01,2021-02-28,90,neighborhood,1,762422,0,"Waterloo, IA - Gates Park",Waterloo,Iowa,IA,Single Family Residential,6,64500.0000,-0.1164383562,0.1025641026,54950.0000,-0.08263772955,NULL,66.5961,-0.01057246003,0.2388985864,64.1507,-0.0522795969,NULL,4,0.3333,0.3333,4,0.3333,0.3333,2,-0.3333,NULL,NULL,NULL,NULL,NULL,NULL,NULL,43.5000,0.5,-9.5000,0.9294,-0.006474643218,-0.1330595234,0.0000,0,-0.3333333333,NULL,NULL,NULL,0.0000,0,0,"Waterloo, IA",47940,2025-08-01 14:37:32.7980000 +00:00,9816
2017-03-01,2017-05-31,90,neighborhood,1,765207,0,"Amarillo, TX - La Paloma Estates",Amarillo,Texas,TX,Single Family Residential,6,295000.0000,0,-0.1932175578,364000.0000,0.1203447215,0.1689145793,133.2873,0,0.05584486226,142.4097,0.06844174772,0.2316772746,5,0.6667,-0.1667,5,0.6667,-0.1667,6,-0.1429,-0.1429,9,0,0.1250,NULL,NULL,NULL,87.0000,37,37.5000,NULL,NULL,NULL,0.0000,0,0,NULL,NULL,NULL,0.0000,0,-0.1666666667,"Amarillo, TX",11100,2025-08-01 14:37:32.7980000 +00:00,9817
2015-01-01,2015-03-31,90,neighborhood,1,134191,0,"Jupiter, FL - North Palm Beach Heights",Jupiter,Florida,FL,Single Family Residential,6,252500.0000,-0.04716981132,-0.009803921569,294450.0000,0.02506527415,0.1825301205,172.4651,0,0.1066511628,179.6486,0.02207794342,0.1373538746,15,-0.1176,0.0000,17,-0.1905,-0.2917,18,0.0000,0.2000,14,0.1666666667,0.0000,NULL,NULL,NULL,46.0000,0,-57.0000,0.9653,-0.004321847035,-0.005450712834,0.1333,0.01568627451,0.1333333333,NULL,NULL,NULL,0.2941,0.05602240896,0.04411764706,"West Palm Beach, FL",48424,2025-08-01 14:37:32.7980000 +00:00,9818
2020-04-01,2020-06-30,90,neighborhood,1,764690,0,"Charleston, WV - East End Historic District",Charleston,West Virginia,WV,Single Family Residential,6,357000.0000,NULL,0.1266965541,414450.5000,NULL,-0.09902065217,69.8904,NULL,-0.04352421328,148.1378,NULL,0.1471982271,1,0.0000,-0.5000,1,NULL,-0.5000,2,NULL,0.0000,4,NULL,-0.5556,NULL,NULL,NULL,1123.0000,NULL,1042.0000,0.8970,NULL,0.01569333673,0.0000,NULL,0,NULL,NULL,NULL,0.0000,NULL,0,"Charleston, WV",16620,2025-08-01 14:37:32.7980000 +00:00,9819
2012-07-01,2012-09-30,90,neighborhood,1,147976,0,"Snellville, GA - Sunrise Estates",Snellville,Georgia,GA,Single Family Residential,6,165000.0000,0,0.6666666667,115000.0000,0,NULL,53.2258,0,-0.03225806452,76.9746,0,NULL,1,0.0000,0.0000,1,0.0000,0.0000,1,0.0000,NULL,1,0,-0.5000,NULL,NULL,NULL,142.0000,0,-221.0000,0.9763,0,-0.01367853915,0.0000,0,0,NULL,NULL,NULL,0.0000,0,0,"Atlanta, GA",12060,2025-08-01 14:37:32.7980000 +00:00,9820
2021-11-01,2022-01-31,90,neighborhood,1,299615,0,"Towson, MD - Ruxton Ridge",Towson,Maryland,MD,All Residential,-1,1300000.0000,0.2264150943,1,NULL,NULL,NULL,213.4647,-0.2523813761,0.02383322043,NULL,NULL,NULL,1,-0.5000,-0.6667,1,-0.5000,-0.5000,NULL,NULL,NULL,NULL,NULL,NULL,NULL,NULL,NULL,303.0000,213.5,279.0000,0.8130,-0.1731217852,-0.1707782314,0.0000,-0.5,0,NULL,NULL,NULL,0.0000,-0.5,-0.5,"Baltimore, MD",12580,2025-08-01 14:37:32.7980000 +00:00,9821
2012-07-01,2012-09-30,90,neighborhood,1,556445,0,"Indian River Shores, FL - John's Island Club",Indian River Shores,Florida,FL,Condo/Co-op,3,1100000.0000,0,NULL,NULL,NULL,NULL,423.0769,0,NULL,NULL,NULL,NULL,1,0.0000,NULL,NULL,NULL,NULL,NULL,NULL,NULL,1,0,NULL,NULL,NULL,NULL,934.0000,0,NULL,0.6286,0,NULL,0.0000,0,NULL,NULL,NULL,NULL,NULL,NULL,NULL,"Sebastian, FL",42680,2025-08-01 14:37:32.7980000 +00:00,9822
2017-08-01,2017-10-31,90,neighborhood,1,547558,0,"San Diego, CA - Rancho Penasquitos Town Center",San Diego,California,CA,Single Family Residential,6,677500.0000,0.003703703704,0.01422155689,729900.0000,0.03546602355,0.08696947133,365.9537,0.04744076687,0.1278472237,396.0391,0.02356971807,0.3004985439,8,0.6000,-0.1111,12,0.7143,1.4000,9,0.5000,0.5000,NULL,NULL,NULL,NULL,NULL,NULL,13.0000,4,4.0000,0.9932,0.003654146453,0.003025894034,0.3750,0.175,0.1527777778,NULL,NULL,NULL,0.5833,0.2976190476,0.1833333333,"San Diego, CA",41740,2025-08-01 14:37:32.7980000 +00:00,9823
2016-06-01,2016-08-31,90,neighborhood,1,551198,0,"Richmond, VA - Jackson Ward Historic District",Richmond,Virginia,VA,Condo/Co-op,3,167500.0000,-0.04285714286,-0.1343669251,NULL,NULL,NULL,196.7535,0.03907630325,0.2932343288,NULL,NULL,NULL,2,-0.3333,-0.3333,1,-0.6667,-0.5000,NULL,NULL,NULL,NULL,NULL,NULL,NULL,NULL,NULL,85.0000,46,-214.0000,0.9997,0.004447386486,0.01336297059,0.5000,0.1666666667,0.5,NULL,NULL,NULL,0.0000,-0.3333333333,0,"Richmond, VA",40060,2025-08-01 14:37:32.7980000 +00:00,9824
2017-11-01,2018-01-31,90,neighborhood,1,85851,0,"Newark, NJ - North Ironbound",Newark,New Jersey,NJ,Single Family Residential,6,269000.0000,-0.03063063063,0.076,242450.0000,-0.0100040833,0.2122560613,138.8889,0,0.2882599581,171.9861,0.105455665,0.5129776044,5,-0.3750,-0.4444,4,-0.3333,-0.5556,12,0.0000,0.0000,13,0,0.1818,NULL,NULL,NULL,65.0000,-16,14.0000,1.0115,0.04232772529,0.08690556399,0.4000,0.15,0.1777777778,NULL,NULL,NULL,0.0000,0,0,"Newark, NJ",35084,2025-08-01 14:37:32.7980000 +00:00,9825
2014-03-01,2014-05-31,90,neighborhood,1,145641,0,"St. Cloud, FL - Pine Lake Estates",St. Cloud,Florida,FL,All Residential,-1,135000.0000,0.1538461538,0.125,131000.0000,-0.2405797101,-0.06361686919,70.9034,0.07323106813,-0.1756302521,79.0546,-0.09723345017,-0.1074475073,7,0.7500,1.3333,8,1.0000,1.6667,8,-0.1111,0.1429,5,-0.5,-0.4444,NULL,NULL,NULL,99.0000,-16,5.0000,0.9519,0.001839864669,-0.01215699802,0.1429,0.1428571429,-0.1904761905,NULL,NULL,NULL,0.1250,0.125,0.125,"Orlando, FL",36740,2025-08-01 14:37:32.7980000 +00:00,9826
2023-05-01,2023-07-31,90,neighborhood,1,497438,0,"Westchase, FL - Westchase Golf Course",Westchase,Florida,FL,All Residential,-1,460000.0000,-0.1998608454,-0.4162436548,567450.0000,0.2445443579,-0.09785373609,263.5135,-0.1228040541,-0.1681756757,275.3040,0.008281779882,-0.07773176003,7,0.0000,-0.3636,8,0.1429,-0.3333,6,0.0000,-0.6471,1,0,-0.8750,NULL,NULL,NULL,6.0000,0,1.0000,0.9875,-0.01405721756,-0.04915757903,0.1429,-0.2857142857,-0.4935064935,NULL,NULL,NULL,0.7500,-0.1071428571,-0.08333333333,"Tampa, FL",45300,2025-08-01 14:37:32.7980000 +00:00,9827
2016-06-01,2016-08-31,90,neighborhood,1,156611,0,"Philadelphia, PA - Holmesburg",Philadelphia,Pennsylvania,PA,Condo/Co-op,3,44750.0000,0.005617977528,0.4720394737,44900.0000,0.1253132832,0.0845410628,63.2062,0.005617977528,0.4025275632,69.0769,0.1253132832,0.0845410628,2,-0.3333,0.0000,2,-0.3333,0.0000,2,1.0000,-0.6667,2,1,-0.5000,NULL,NULL,NULL,93.0000,0,63.0000,0.9749,0.001569146177,0.07953427836,0.0000,0,0,NULL,NULL,NULL,0.0000,0,-0.5,"Philadelphia, PA",37964,2025-08-01 14:37:32.7980000 +00:00,9828
2016-04-01,2016-06-30,90,neighborhood,1,497493,0,"New Port Richey, FL - The Heights",New Port Richey,Florida,FL,Condo/Co-op,3,26269.0000,-0.1387213115,-0.2703055556,37500.0000,0,-0.06015037594,29.7619,-0.2110573043,-0.09803014611,55.8036,0.09523809524,0.6838972431,5,-0.1667,-0.1667,6,-0.2500,-0.2500,5,-0.2857,0.6667,8,-0.2,1.6667,NULL,NULL,NULL,108.0000,36,-0.5000,0.8421,-0.06402828797,-0.008635866515,0.2000,0.03333333333,0.2,NULL,NULL,NULL,0.0000,0,-0.125,"Tampa, FL",45300,2025-08-01 14:37:32.7980000 +00:00,9829
2016-05-01,2016-07-31,90,neighborhood,1,420937,0,"Zephyrhills, FL - Pine Grove",Zephyrhills,Florida,FL,All Residential,-1,57700.0000,0,0.6970588235,NULL,NULL,NULL,50.7320,0,0.1817571443,NULL,NULL,NULL,2,0.0000,-0.3333,1,0.0000,0.0000,NULL,NULL,NULL,NULL,NULL,NULL,NULL,NULL,NULL,196.5000,0,126.5000,0.9145,0,0.02270156339,0.0000,0,0,NULL,NULL,NULL,0.0000,0,0,"Tampa, FL",45300,2025-08-01 14:37:32.7980000 +00:00,9830
2012-04-01,2012-06-30,90,neighborhood,1,137439,0,"Lealman, FL - Arcadian Heights",Lealman,Florida,FL,Single Family Residential,6,69900.0000,-0.6893333333,NULL,62900.0000,-0.08708272859,NULL,57.7664,0,NULL,67.9049,-0.03021159575,NULL,3,2.0000,NULL,3,2.0000,NULL,6,1.0000,NULL,5,0.25,NULL,NULL,NULL,NULL,126.0000,-55,NULL,0.8735,-0.02690676271,NULL,0.0000,0,NULL,NULL,NULL,NULL,0.0000,0,NULL,"Tampa, FL",45300,2025-08-01 14:37:32.7980000 +00:00,9831
2018-09-01,2018-11-30,90,neighborhood,1,497100,0,"Nashville, TN - Southeast Nashville",Nashville,Tennessee,TN,Multi-Family (2-4 Unit),4,229900.0000,0.1643454039,0.178974359,229999.0000,0.0004306220096,0.05990322581,152.0503,0.2224275483,0.4015067863,178.5714,0.5515684947,0.6638896597,1,-0.5000,-0.6667,3,-0.2500,-0.5714,5,0.0000,-0.3750,5,0.6666666667,0.0000,NULL,NULL,NULL,62.0000,27.5,52.0000,1.0000,0,0.04577352472,0.0000,0,-0.3333333333,NULL,NULL,NULL,0.6667,-0.3333333333,0.09523809524,"Nashville, TN",34980,2025-08-01 14:37:32.7980000 +00:00,9832
2014-07-01,2014-09-30,90,neighborhood,1,155034,0,"Oklahoma City, OK - Lakeside",Oklahoma City,Oklahoma,OK,All Residential,-1,93500.0000,-0.01578947368,-0.03856041131,124999.0000,0.1916015253,0.06928143713,81.5451,-0.07038626609,-0.07582954406,90.6344,0.1114644618,-0.008459214502,9,0.0000,0.1250,9,0.0000,0.1250,NULL,NULL,NULL,NULL,NULL,NULL,NULL,NULL,NULL,NULL,NULL,NULL,0.9837,0.008140884548,0.005683467021,0.2222,0.1111111111,0.2222222222,NULL,NULL,NULL,0.0000,0,0,"Oklahoma City, OK",36420,2025-08-01 14:37:32.7980000 +00:00,9833
2023-06-01,2023-08-31,90,neighborhood,1,496836,0,"Princeton, NJ - Downtown Princeton",Princeton,New Jersey,NJ,Townhouse,13,707000.0000,NULL,NULL,599000.0000,NULL,NULL,451.1806,NULL,NULL,382.2591,NULL,NULL,1,0.0000,NULL,1,NULL,NULL,1,NULL,NULL,1,NULL,NULL,NULL,NULL,NULL,27.0000,NULL,NULL,1.1803,NULL,NULL,1.0000,NULL,NULL,NULL,NULL,NULL,1.0000,NULL,NULL,"Trenton, NJ",45940,2025-08-01 14:37:32.7980000 +00:00,9834
2014-10-01,2014-12-31,90,neighborhood,1,179350,0,"Portsmouth, VA - Peachtree",Portsmouth,Virginia,VA,All Residential,-1,110000.0000,0,NULL,72400.0000,-0.3903157895,NULL,72.1785,0,NULL,79.3110,-0.1398162314,NULL,3,0.0000,NULL,NULL,NULL,NULL,4,-0.3333,NULL,8,0.1428571429,NULL,NULL,NULL,NULL,39.0000,0,NULL,0.9657,0,NULL,0.3333,0,NULL,NULL,NULL,NULL,NULL,NULL,NULL,"Virginia Beach, VA",47260,2025-08-01 14:37:32.7980000 +00:00,9835
2013-07-01,2013-09-30,90,neighborhood,1,307853,0,"Chicago Heights, IL - Serena Hills",Chicago Heights,Illinois,IL,All Residential,-1,66000.0000,0,-0.1428571429,99450.0000,1.21,0.7695729537,57.2929,0.008690658758,-0.1406061095,91.6352,1.121863833,1.098040754,6,0.0000,0.2000,3,-0.5714,0.5000,4,3.0000,-0.3333,8,0.6,1.0000,NULL,NULL,NULL,106.0000,31.5,15.0000,0.9032,0.003837744802,-0.06889576384,0.3333,0,-0.2666666667,NULL,NULL,NULL,0.0000,-0.1428571429,-0.5,"Chicago, IL",16984,2025-08-01 14:37:32.7980000 +00:00,9836
2023-11-01,2024-01-31,90,neighborhood,1,477085,0,"St. Augustine Beach, FL - Seagrove St. Augustine Beach",St. Augustine Beach,Florida,FL,Single Family Residential,6,670000.0000,0.01147342995,0.046875,699900.0000,0,-0.1637992832,356.1935,-0.03558167531,0.08193779904,372.0893,0,0.1938786351,3,0.5000,0.0000,2,0.0000,0.0000,1,0.0000,-0.5000,1,-0.5,-0.6667,NULL,NULL,NULL,28.0000,2.5,-34.0000,0.9496,0.002527643657,-0.03109225742,0.0000,0,0,NULL,NULL,NULL,0.5000,0,0,"Jacksonville, FL",27260,2025-08-01 14:37:32.7980000 +00:00,9837
2023-10-01,2023-12-31,90,neighborhood,1,320582,0,"New York, NY - Tompkinsville",New York,New York,NY,Single Family Residential,6,530000.0000,0.02426542776,0.06,709500.0000,0,0.2923497268,421.4003,0.0110106594,0.3274108322,509.8536,0.1251487953,0.3436038371,9,0.1250,2.0000,5,0.0000,0.0000,4,-0.3333,-0.5556,9,0.125,-0.3077,NULL,NULL,NULL,82.0000,7,28.0000,0.9812,-0.004106830159,0.03273225505,0.2222,-0.02777777778,0.2222222222,NULL,NULL,NULL,0.2000,-0.2,0,"New York, NY",35614,2025-08-01 14:37:32.7980000 +00:00,9838
2021-05-01,2021-07-31,90,neighborhood,1,130926,0,"Jacksonville, FL - Southpoint",Jacksonville,Florida,FL,Condo/Co-op,3,190000.0000,-0.01298701299,0.3818181818,193450.0000,0.001034928849,0.1386109476,132.8338,0.05815612416,0.2384797243,136.1717,-0.01259570264,0.1765744556,5,1.5000,0.6667,5,-0.1667,0.6667,6,0.0000,5.0000,3,2,2.0000,NULL,NULL,NULL,19.5000,-6,-102.5000,1.0011,-0.001155001464,0.02802835472,0.4000,-0.1,0.06666666667,NULL,NULL,NULL,1.0000,0.1666666667,0.6666666667,"Jacksonville, FL",27260,2025-08-01 14:37:32.7980000 +00:00,9839
2016-12-01,2017-02-28,90,neighborhood,1,1905,0,"Los Angeles, CA - North Hollywood",Los Angeles,California,CA,Townhouse,13,455000.0000,0.01111111111,0.1090798294,455554.0000,0.07214403389,0.1391697924,355.7784,0.01603696053,0.2084890558,365.3445,0.02922411807,0.1158504186,9,0.0000,-0.3571,8,0.1429,-0.3333,9,0.2857,0.2857,6,0.5,0.0000,NULL,NULL,NULL,39.5000,-0.5,4.5000,1.0047,-0.02785901609,0.01671111518,0.4444,-0.1111111111,0.1587301587,NULL,NULL,NULL,0.5000,-0.07142857143,0.3333333333,"Los Angeles, CA",31084,2025-08-01 14:37:32.7980000 +00:00,9840
2021-04-01,2021-06-30,90,neighborhood,1,87395,0,"Richmond, VA - Oregon Hill",Richmond,Virginia,VA,Condo/Co-op,3,319000.0000,-0.003125,-0.02371843917,334000.0000,0.04710400502,0.128569015,225.8937,0.01125491043,0.1419631654,250.7188,0.07791129538,0.124189588,6,1.0000,0.5000,3,-0.4000,0.0000,4,-0.3333,3.0000,1,0,0.0000,NULL,NULL,NULL,7.0000,4,-31.0000,0.9979,-0.003017404672,0.01392113837,0.5000,-0.1666666667,0.5,NULL,NULL,NULL,1.0000,0,1,"Richmond, VA",40060,2025-08-01 14:37:32.7980000 +00:00,9841
2023-10-01,2023-12-31,90,neighborhood,1,3551,0,"Washington, DC - Takoma","Washington, DC",Columbia,DC,Townhouse,13,527500.0000,0.04455445545,NULL,599900.0000,0,NULL,360.0779,-0.09730961414,NULL,291.2136,-0.09353150927,NULL,2,1.0000,NULL,2,0.0000,NULL,1,-0.6667,NULL,1,-0.5,NULL,NULL,NULL,NULL,101.5000,-1.5,NULL,1.0051,-0.005101020204,NULL,0.5000,-0.5,NULL,NULL,NULL,NULL,0.0000,0,NULL,"Washington, DC",47894,2025-08-01 14:37:32.7980000 +00:00,9842
2018-07-01,2018-09-30,90,neighborhood,1,760648,0,"Wichita, KS - Kellogg School",Wichita,Kansas,KS,All Residential,-1,65000.0000,0.1818181818,2.421052632,54900.0000,-0.3243076923,-0.03514938489,52.2899,0,1.449370813,38.6892,-0.3058827614,-0.2141789993,5,-0.4444,0.0000,5,-0.4444,0.0000,7,0.1667,-0.2222,7,1.333333333,-0.3636,NULL,NULL,NULL,51.0000,-38,-19.0000,0.9927,0.009106696789,0.07318458421,0.2000,0.08888888889,0.2,NULL,NULL,NULL,0.0000,0,0,"Wichita, KS",48620,2025-08-01 14:37:32.7980000 +00:00,9843
2017-07-01,2017-09-30,90,neighborhood,1,389979,0,"Boynton Beach, FL - Renaissance Commons",Boynton Beach,Florida,FL,All Residential,-1,175500.0000,-0.002840909091,-0.03861955629,225000.0000,0.1752446468,0.2103281334,142.4601,0.003696482249,0.006269329967,143.0135,-0.01915997732,-0.02886539011,16,-0.1579,-0.2727,16,-0.2000,-0.2727,19,-0.2692,-0.3448,28,0.03703703704,-0.1250,NULL,NULL,NULL,65.0000,-8,-16.5000,0.9626,0.008471513997,0.002401967287,0.1250,0.01973684211,0.07954545455,NULL,NULL,NULL,0.0000,-0.05,-0.3181818182,"West Palm Beach, FL",48424,2025-08-01 14:37:32.7980000 +00:00,9844
2024-09-01,2024-11-30,90,neighborhood,1,765614,0,"San Diego, CA - Uptown",San Diego,California,CA,Condo/Co-op,3,667000.0000,-0.008178438662,-0.1437740693,749000.0000,0.01974132063,-0.0335483871,719.0660,0.03200003228,0.006692356898,740.4401,-0.004826570811,0.01981177154,30,0.0000,0.5789,36,0.0000,0.6364,35,-0.2391,0.1290,39,-0.025,0.9500,NULL,NULL,NULL,60.0000,-5,40.5000,0.9840,0.0009111708293,-0.01510818378,0.2333,0.03333333333,-0.08245614035,NULL,NULL,NULL,0.1944,-0.05555555556,-0.2146464646,"San Diego, CA",41740,2025-08-01 14:37:32.7980000 +00:00,9845
2020-09-01,2020-11-30,90,neighborhood,1,549748,0,"Edina, MN - Arden Park",Edina,Minnesota,MN,All Residential,-1,1200000.0000,-0.1994663109,-0.1111111111,1100000.0000,-0.1988346686,0.2571428571,299.7275,-0.1306476987,0.02077242992,305.7475,-0.04366980526,-0.007396943164,9,0.1250,-0.1818,9,-0.1000,0.1250,10,-0.2308,0.1111,7,-0.3636363636,-0.1250,NULL,NULL,NULL,31.0000,-37,-74.5000,0.9764,-0.0008763499269,0.01794834464,0.2222,0.09722222222,0.1313131313,NULL,NULL,NULL,0.3333,-0.1666666667,-0.1666666667,"Minneapolis, MN",33460,2025-08-01 14:37:32.7980000 +00:00,9846
2016-08-01,2016-10-31,90,neighborhood,1,478038,0,"Lakeside, FL - Lakeside Estates",Lakeside,Florida,FL,All Residential,-1,176500.0000,0.02765647744,0.1209907907,164900.0000,0,0.06455777921,95.0549,-0.004170735617,0.1149388838,91.1424,-0.004563865285,0.1243011796,6,0.0000,-0.6250,4,-0.3333,-0.8000,6,-0.3333,-0.5714,4,-0.4285714286,-0.6364,NULL,NULL,NULL,55.5000,-10.5,3.0000,0.9979,0.03481914113,0.02514894992,0.3333,0.1666666667,0.2083333333,NULL,NULL,NULL,0.7500,0.08333333333,0.7,"Jacksonville, FL",27260,2025-08-01 14:37:32.7980000 +00:00,9847
2016-07-01,2016-09-30,90,neighborhood,1,554617,0,"New Rochelle, NY - Wykagyl Business District",New Rochelle,New York,NY,Condo/Co-op,3,355000.0000,0,0.2157534247,234500.0000,0.06590909091,-0.4210176756,284.0000,0,0.09992712129,261.0526,-0.009800362976,-0.1943237771,9,0.0000,-0.1000,7,0.0000,0.7500,4,-0.2000,3.0000,11,0.1,1.7500,NULL,NULL,NULL,151.0000,20,43.0000,0.9458,-0.003898605367,-0.01633888569,0.0000,0,-0.2,NULL,NULL,NULL,0.0000,0,0,"New York, NY",35614,2025-08-01 14:37:32.7980000 +00:00,9848
2018-11-01,2019-01-31,90,neighborhood,1,181340,0,"Virginia Beach, VA - Bayfront",Virginia Beach,Virginia,VA,Single Family Residential,6,509250.0000,-0.02535885167,0.160022779,514900.0000,0.09553191489,-0.02830722778,226.6694,-0.03854042928,0.08544525807,216.6306,0,-0.07674277999,31,-0.1622,0.0000,26,-0.2121,0.1304,29,-0.1212,-0.1714,42,0.0243902439,0.0769,NULL,NULL,NULL,82.0000,17.5,6.0000,0.9416,-0.01466041519,-0.03270142901,0.0323,0.005231037489,-0.06451612903,NULL,NULL,NULL,0.0769,-0.01398601399,-0.1839464883,"Virginia Beach, VA",47260,2025-08-01 14:37:32.7980000 +00:00,9849
2021-12-01,2022-02-28,90,neighborhood,1,766656,0,"Canby, OR - Northeast Canby",Canby,Oregon,OR,Single Family Residential,6,617605.0000,0.04678813559,0.4038072508,623425.0000,0.02032215617,0.1121666221,272.5086,-0.02516251485,0.217135155,290.8711,-0.001112786497,0.289321624,22,-0.1852,-0.2667,22,-0.1538,-0.2667,32,0.3913,-0.0588,14,0.75,-0.3636,NULL,NULL,NULL,8.5000,-8.5,2.5000,1.0200,0.003358335022,-0.007340570728,0.5455,-0.04713804714,-0.08787878788,NULL,NULL,NULL,0.4545,0.03146853147,-0.04545454545,"Portland, OR",38900,2025-08-01 14:37:32.7980000 +00:00,9850
2019-09-01,2019-11-30,90,neighborhood,1,764427,0,"New Hope, MN - Hidden Valley",New Hope,Minnesota,MN,Multi-Family (2-4 Unit),4,187500.0000,NULL,-0.0625,NULL,NULL,NULL,130.2083,NULL,0.4095052083,NULL,NULL,NULL,1,0.0000,0.0000,1,NULL,NULL,NULL,NULL,NULL,NULL,NULL,NULL,NULL,NULL,NULL,138.0000,NULL,107.0000,1.0475,NULL,0.09054823448,1.0000,NULL,1,NULL,NULL,NULL,0.0000,NULL,NULL,"Minneapolis, MN",33460,2025-08-01 14:37:32.7980000 +00:00,9851
2017-03-01,2017-05-31,90,neighborhood,1,761653,0,"Lynchburg, VA - Perrymont",Lynchburg,Virginia,VA,Single Family Residential,6,121000.0000,0.05217391304,0.3948126801,118500.0000,0.04451300132,0.2129028296,82.1333,0.1460465116,0.3025772567,82.0109,-0.02114768903,0.06854795472,15,1.1429,0.2500,15,1.1429,0.3636,15,0.2500,0.5000,13,-0.2777777778,0.0000,NULL,NULL,NULL,68.0000,12,-50.5000,0.9874,0.01556940651,0.03161085183,0.2000,-0.08571428571,-0.05,NULL,NULL,NULL,0.0000,0,-0.09090909091,"Lynchburg, VA",31340,2025-08-01 14:37:32.7980000 +00:00,9852
2023-03-01,2023-05-31,90,neighborhood,1,35019,0,"Houston, TX - Meyerland Area",Houston,Texas,TX,Condo/Co-op,3,105000.0000,-0.3312101911,0.3394907384,105000.0000,0,0.07388316151,100.9615,-0.1222133758,0.005258757922,100.9615,0,-0.03350515464,3,2.0000,0.5000,3,0.0000,0.5000,4,0.3333,0.3333,NULL,NULL,NULL,NULL,NULL,NULL,3.0000,0,-6.0000,1.0000,0,-0.006290009783,0.0000,0,-0.5,NULL,NULL,NULL,1.0000,0,0,"Houston, TX",26420,2025-08-01 14:37:32.7980000 +00:00,9853
2024-05-01,2024-07-31,90,neighborhood,1,763021,0,"Sunnyvale, CA - Lakewood Village",Sunnyvale,California,CA,Single Family Residential,6,1650000.0000,0.01226993865,0.1934900542,1393000.0000,-0.003576537911,-0.001433691756,1471.1191,0.03821656051,0.2209737828,1260.6053,-0.02936022804,0.1469215887,9,0.8000,-0.2500,11,0.5714,-0.0833,12,0.2000,0.3333,3,0.5,NULL,NULL,NULL,NULL,11.0000,1,1.5000,1.1161,-0.03381343615,0.07502933653,0.7778,-0.2222222222,-0.05555555556,NULL,NULL,NULL,0.4545,-0.1168831169,0.2045454545,"San Jose, CA",41940,2025-08-01 14:37:32.7980000 +00:00,9854
2012-02-01,2012-04-30,90,neighborhood,1,56513,0,"San Antonio, TX - Stone Oak",San Antonio,Texas,TX,All Residential,-1,244000.0000,0.03829787234,0.08807134894,265000.0000,0.01923076923,0.02139140489,89.7720,0.01428579204,0.05519745565,95.7328,-0.002526319969,0.01718339643,143,0.0833,-0.0069,143,0.0833,-0.0069,251,0.1461,-0.1463,271,-0.007326007326,-0.2029,NULL,NULL,NULL,88.0000,-8.5,4.0000,0.9647,-0.002613214763,-0.00426220917,0.0559,-0.01981351981,-0.04127816628,NULL,NULL,NULL,0.0000,-0.01515151515,0,"San Antonio, TX",41700,2025-08-01 14:37:32.7980000 +00:00,9855
2020-05-01,2020-07-31,90,neighborhood,1,760935,0,"Portland, OR - Sellwood-Moreland",Portland,Oregon,OR,Single Family Residential,6,602500.0000,-0.004132231405,0.09545454545,567700.0000,0.01014324746,0.06112149533,280.5561,0.0008410341916,-0.006887149051,285.4198,0.005332600646,0.06284429722,40,0.1429,-0.0698,50,0.2195,0.2195,49,0.4412,0.0000,20,0.25,-0.2308,NULL,NULL,NULL,16.0000,3,-4.0000,0.9936,0.005483258327,-0.001264782459,0.5750,0.06071428571,0.2261627907,NULL,NULL,NULL,0.5600,0.02341463415,0.07219512195,"Portland, OR",38900,2025-08-01 14:37:32.7980000 +00:00,9856
2015-12-01,2016-02-29,90,neighborhood,1,761020,0,"Bend, OR - Mountain View",Bend,Oregon,OR,Multi-Family (2-4 Unit),4,337050.0000,-0.1955847255,0.1729598051,375000.0000,-0.01947967055,0.2295081967,122.7545,-0.1757519531,0.2015988539,138.4680,0.08527925193,0.1835948844,4,0.3333,1.0000,3,0.5000,0.5000,3,0.5000,0.0000,1,0,-0.5000,NULL,NULL,NULL,51.0000,48,-11.0000,1.0062,-0.0003004023619,0.006192212377,0.5000,0.1666666667,0.5,NULL,NULL,NULL,0.6667,0.1666666667,0.6666666667,"Bend, OR",13460,2025-08-01 14:37:32.7980000 +00:00,9857
2024-11-01,2025-01-31,90,neighborhood,1,761593,0,"Port Orange, FL - Countryside",Port Orange,Florida,FL,All Residential,-1,334950.0000,-0.1520253165,-0.043,474900.0000,0.1728821931,0.3572449271,194.3102,-0.04865714345,-0.09537349079,212.0098,-0.0644703569,-0.06109943978,8,0.1429,-0.2000,9,0.0000,0.2857,5,-0.1667,-0.2857,5,-0.1666666667,0.0000,NULL,NULL,NULL,45.0000,25,-48.0000,0.9728,0.003880889265,0.0007775176166,0.0000,0,-0.1,NULL,NULL,NULL,0.2222,-0.1111111111,0.07936507937,"Deltona, FL",19660,2025-08-01 14:37:32.7980000 +00:00,9858
2025-05-01,2025-07-31,90,neighborhood,1,120985,0,"Lakewood, CO - Glennon Heights",Lakewood,Colorado,CO,Townhouse,13,332500.0000,0,-0.06993006993,329000.0000,-0.01791044776,-0.1226666667,256.7150,0,-0.0891370262,260.8302,0.07859047027,-0.1549100127,4,0.0000,1.0000,4,0.0000,3.0000,2,-0.3333,1.0000,NULL,NULL,NULL,NULL,NULL,NULL,8.0000,0,-34.0000,0.9932,0,0.01987205757,0.0000,0,0,NULL,NULL,NULL,0.7500,0,0.75,"Denver, CO",19740,2025-08-01 14:37:32.7980000 +00:00,9859
2021-12-01,2022-02-28,90,neighborhood,1,92315,0,"Atlanta, GA - Northwest Atlanta",Atlanta,Georgia,GA,Single Family Residential,6,340000.0000,-0.02662467793,0.01949025487,346450.0000,-0.01014002897,0.08605015674,222.6463,-0.002381119126,0.1777535442,219.7278,-0.0169725947,0.1580581667,191,-0.0498,-0.1767,236,0.0000,-0.1259,273,0.0187,0.0623,184,0.1288343558,0.1220,NULL,NULL,NULL,29.5000,3.5,-15.0000,0.9913,0.005185176654,0.003964323133,0.3770,0.0336797687,0.07092886803,NULL,NULL,NULL,0.3432,0.04237288136,-0.1123352166,"Atlanta, GA",12060,2025-08-01 14:37:32.7980000 +00:00,9860
2015-02-01,2015-04-30,90,neighborhood,1,764770,0,"Goshen, IN - Goshen Downtown Historic District",Goshen,Indiana,IN,Single Family Residential,6,190500.0000,0,NULL,NULL,NULL,NULL,44.9344,0,NULL,NULL,NULL,NULL,2,0.0000,NULL,2,0.0000,NULL,NULL,NULL,NULL,2,-0.3333333333,NULL,NULL,NULL,NULL,222.5000,0,NULL,0.9290,0,NULL,0.0000,0,NULL,NULL,NULL,NULL,0.0000,0,NULL,"Elkhart, IN",21140,2025-08-01 14:37:32.7980000 +00:00,9861
2012-08-01,2012-10-31,90,neighborhood,1,349454,0,"Edmond, OK - Chimney Hill",Edmond,Oklahoma,OK,Single Family Residential,6,210000.0000,0.001191895113,0.1666666667,190000.0000,-0.06172839506,-0.1810344828,85.3909,0.03555075872,0.03827628133,90.9091,-0.009605122732,0.009641873278,7,0.1667,-0.2222,7,0.1667,-0.2222,NULL,NULL,NULL,NULL,NULL,NULL,NULL,NULL,NULL,NULL,NULL,NULL,0.9864,-0.008630394334,0.01948827331,0.1429,-0.02380952381,0.1428571429,NULL,NULL,NULL,0.0000,0,0,"Oklahoma City, OK",36420,2025-08-01 14:37:32.7980000 +00:00,9862
2017-03-01,2017-05-31,90,neighborhood,1,547688,0,"Havre de Grace, MD - South Havre de Grace",Havre de Grace,Maryland,MD,Townhouse,13,95500.0000,NULL,NULL,98500.0000,NULL,NULL,117.0343,NULL,NULL,120.7108,NULL,NULL,1,0.0000,NULL,1,NULL,NULL,1,NULL,NULL,NULL,NULL,NULL,NULL,NULL,NULL,15.0000,NULL,NULL,0.9695,NULL,NULL,0.0000,NULL,NULL,NULL,NULL,NULL,0.0000,NULL,NULL,"Baltimore, MD",12580,2025-08-01 14:37:32.7980000 +00:00,9863
2017-05-01,2017-07-31,90,neighborhood,1,18882,0,"Washington, DC - Fort Dupont","Washington, DC",Columbia,DC,Multi-Family (2-4 Unit),4,415000.0000,0.04402515723,NULL,550000.0000,0.2941176471,NULL,155.4828,0.03600391278,NULL,161.7647,0.04415360276,NULL,5,-0.1667,NULL,4,-0.2000,NULL,3,0.0000,NULL,1,0,NULL,NULL,NULL,NULL,150.0000,29,NULL,1.0260,0.004338437621,NULL,0.6000,0.1,NULL,NULL,NULL,NULL,0.2500,0.05,NULL,"Washington, DC",47894,2025-08-01 14:37:32.7980000 +00:00,9864
2012-12-01,2013-02-28,90,neighborhood,1,106877,0,"Omaha, NE - Hanscom Park",Omaha,Nebraska,NE,Multi-Family (2-4 Unit),4,130000.0000,0,0.7541255684,79950.0000,-0.1584210526,0.08923705722,84.8766,0,2.318974022,69.8864,0.1571593645,1.759273594,2,0.0000,1.0000,2,0.0000,1.0000,3,0.5000,2.0000,4,-0.2,1.0000,NULL,NULL,NULL,201.5000,0,180.5000,0.8983,0,-0.1114041134,0.0000,0,-1,NULL,NULL,NULL,0.0000,0,0,"Omaha, NE",36540,2025-08-01 14:37:32.7980000 +00:00,9865
2024-03-01,2024-05-31,90,neighborhood,1,300058,0,"Honeygo, MD - Perry Hall Farms",Honeygo,Maryland,MD,All Residential,-1,315000.0000,-0.04545454545,-0.04819459133,352500.0000,0.08461538462,0.08494921514,202.0572,-0.03176052547,-0.0288295706,219.5534,0.07117331756,0.09923080188,12,0.0909,0.5000,16,0.0667,0.3333,10,-0.0909,-0.2308,2,-0.3333333333,-0.3333,NULL,NULL,NULL,10.5000,2.5,-0.5000,1.0119,-0.004398206718,-0.01463265396,0.4167,-0.2196969697,-0.08333333333,NULL,NULL,NULL,0.6875,-0.04583333333,-0.2291666667,"Baltimore, MD",12580,2025-08-01 14:37:32.7980000 +00:00,9866
2019-09-01,2019-11-30,90,neighborhood,1,165933,0,"El Paso, TX - Borderland",El Paso,Texas,TX,All Residential,-1,199700.0000,0,0.1156424581,197500.0000,0.06756756757,0.1366906475,89.9955,-0.08099840006,0.02835241393,92.3483,-0.05717092437,0.03654469895,3,-0.4000,-0.5714,5,-0.1667,0.0000,6,0.2000,-0.2500,7,0.75,0.0000,NULL,NULL,NULL,55.0000,0,21.0000,0.9740,-0.006252002388,-0.003532891712,0.0000,0,0,NULL,NULL,NULL,0.0000,0,-0.2,"El Paso, TX",21340,2025-08-01 14:37:32.7980000 +00:00,9867
2024-01-01,2024-03-31,90,neighborhood,1,155384,0,"Oklahoma City, OK - Medical Community",Oklahoma City,Oklahoma,OK,All Residential,-1,237500.0000,0.01495726496,0.1886886887,175000.0000,-0.06666666667,-0.2705293872,160.4133,0.6157869462,0.06492202904,84.3506,-0.166686032,-0.4932185886,4,0.3333,-0.3333,7,0.1667,0.1667,5,-0.1667,-0.2857,5,-0.375,0.0000,NULL,NULL,NULL,29.0000,-133,8.0000,0.9387,0.09375640338,-0.013636809,0.0000,0,-0.1666666667,NULL,NULL,NULL,0.4286,0.09523809524,0.09523809524,"Oklahoma City, OK",36420,2025-08-01 14:37:32.7980000 +00:00,9868
2024-06-01,2024-08-31,90,neighborhood,1,55703,0,"Fort Lauderdale, FL - Imperial Point",Fort Lauderdale,Florida,FL,All Residential,-1,365000.0000,-0.05194805195,0.2920353982,379950.0000,-0.2067849687,-0.07667071689,298.2950,-0.0237414667,0.04369265187,328.5254,-0.08773780352,0.001701245664,39,-0.0714,-0.0250,43,-0.0444,0.2647,70,-0.0411,0.2963,124,0.03333333333,0.7222,NULL,NULL,NULL,105.0000,0.5,65.0000,0.9523,-0.004356634942,-0.003912922993,0.0256,0.001831501832,-0.02435897436,NULL,NULL,NULL,0.0930,0.04857881137,-0.2010943912,"Fort Lauderdale, FL",22744,2025-08-01 14:37:32.7980000 +00:00,9869
2024-09-01,2024-11-30,90,neighborhood,1,743178,0,"Westfield, MA - Poverty Plains",Westfield,Massachusetts,MA,All Residential,-1,265000.0000,-0.196969697,-0.2759562842,347000.0000,-0.04931506849,0.02075335716,210.0291,-0.1808244197,-0.08402797217,223.7312,0.1932330827,-0.01874399687,4,-0.3333,0.0000,4,0.0000,-0.3333,4,-0.2000,-0.3333,2,-0.3333333333,0.0000,NULL,NULL,NULL,25.0000,3.5,11.5000,1.0008,-0.02385005587,-0.01182297131,0.2500,-0.4166666667,-0.5,NULL,NULL,NULL,0.7500,0,0.08333333333,"Springfield, MA",44140,2025-08-01 14:37:32.7980000 +00:00,9870
2019-07-01,2019-09-30,90,neighborhood,1,347896,0,"West Allis, WI - President Heights",West Allis,Wisconsin,WI,All Residential,-1,169950.0000,-0.04253521127,0.03,159900.0000,-0.008064516129,-0.03032140691,116.2060,-0.05143449807,0.04514135093,136.0439,0.1252811286,0.2254018161,14,0.0000,0.2727,11,0.0000,-0.2143,12,0.2000,-0.1429,6,1,-0.1429,NULL,NULL,NULL,37.0000,0.5,-6.0000,1.0008,-0.01303898992,-0.007294410307,0.5714,-0.1428571429,-0.06493506494,NULL,NULL,NULL,0.9091,-0.09090909091,0.1948051948,"Milwaukee, WI",33340,2025-08-01 14:37:32.7980000 +00:00,9871
2024-03-01,2024-05-31,90,neighborhood,1,1255,0,"Brookline, MA - High Street Hill",Brookline,Massachusetts,MA,All Residential,-1,741250.0000,-0.08769230769,-0.5186688312,884450.0000,-0.3567636364,-0.3758292167,696.3527,0.01817470665,-0.02691499706,733.9454,0.085035421,-0.143906988,4,3.0000,0.3333,7,0.1667,-0.4167,10,0.4286,0.0000,5,1.5,4.0000,NULL,NULL,NULL,31.0000,8,10.0000,0.9978,0.01295067414,-0.03237559029,0.2500,0.25,-0.4166666667,NULL,NULL,NULL,0.5714,0.07142857143,-0.09523809524,"Boston, MA",14454,2025-08-01 14:37:32.7980000 +00:00,9872
2013-08-01,2013-10-31,90,neighborhood,1,764056,0,"Rockford, IL - Edgebrook",Rockford,Illinois,IL,All Residential,-1,68750.0000,-0.212034384,-0.1959064327,85000.0000,0,-0.02857142857,32.1686,-0.5710852283,-0.5093816998,52.9102,-0.07162470453,-0.2776029705,6,0.5000,5.0000,4,1.0000,1.0000,5,-0.2857,1.5000,4,-0.4285714286,0.3333,NULL,NULL,NULL,59.5000,2,38.5000,0.9618,-0.07944976284,0.03750079581,0.3333,-0.1666666667,0.3333333333,NULL,NULL,NULL,0.0000,-0.5,0,"Rockford, IL",40420,2025-08-01 14:37:32.7980000 +00:00,9873
2015-05-01,2015-07-31,90,neighborhood,1,173127,0,"Garland, TX - Duck Creek",Garland,Texas,TX,Townhouse,13,98500.0000,NULL,0.5511811024,109950.0000,NULL,0.3873817035,62.2630,NULL,0.5511811024,71.3524,NULL,0.2523854726,1,0.0000,0.0000,2,NULL,1.0000,2,NULL,0.0000,1,NULL,-0.5000,NULL,NULL,NULL,34.0000,NULL,-53.0000,0.8963,NULL,-0.06731184785,0.0000,NULL,0,NULL,NULL,NULL,0.5000,NULL,-0.5,"Dallas, TX",19124,2025-08-01 14:37:32.7980000 +00:00,9874
2014-01-01,2014-03-31,90,neighborhood,1,242107,0,"North Las Vegas, NV - College Park",North Las Vegas,Nevada,NV,Single Family Residential,6,76888.0000,0.08292957746,0.2814666667,100750.0000,0.007550377519,0.55,62.4462,0.08208955224,0.3477964399,68.2898,0.0190819116,0.216570844,11,-0.1538,-0.2667,16,0.1429,-0.3600,18,0.2857,-0.3793,25,-0.1071428571,-0.4186,NULL,NULL,NULL,111.0000,15,46.0000,1.0184,-0.008235153837,-0.005319464286,0.2727,-0.1888111888,-0.2606060606,NULL,NULL,NULL,0.1875,-0.02678571429,-0.3325,"Las Vegas, NV",29820,2025-08-01 14:37:32.7980000 +00:00,9875
2023-10-01,2023-12-31,90,neighborhood,1,125031,0,"Albany, NY - South End",Albany,New York,NY,All Residential,-1,129250.0000,-0.1552287582,NULL,151500.0000,0.04482758621,NULL,75.2019,-0.2213328417,NULL,84.5702,0.3531225296,NULL,6,0.0000,NULL,12,0.2000,NULL,10,-0.0909,NULL,8,-0.4285714286,NULL,NULL,NULL,NULL,29.5000,15,NULL,1.0457,-0.00383109754,NULL,0.5000,0,NULL,NULL,NULL,NULL,0.2500,-0.15,NULL,"Albany, NY",10580,2025-08-01 14:37:32.7980000 +00:00,9876
2020-12-01,2021-02-28,90,neighborhood,1,392885,0,"Miami, FL - Little San Juan",Miami,Florida,FL,Single Family Residential,6,425000.0000,0,0.07594936709,450000.0000,0.02505694761,0.06019554718,471.3983,0,0.2419851177,652.1739,0.7232841438,1.123505995,3,0.0000,0.5000,3,0.0000,0.0000,5,0.6667,1.5000,8,0.3333333333,0.6000,NULL,NULL,NULL,196.0000,0,55.0000,0.9821,-1.110223025E-16,0.00684176114,0.3333,0,-0.1666666667,NULL,NULL,NULL,0.0000,-0.3333333333,0,"Miami, FL",33124,2025-08-01 14:37:32.7980000 +00:00,9877
2017-09-01,2017-11-30,90,neighborhood,1,178408,0,"Orem, UT - Orem Park",Orem,Utah,UT,Single Family Residential,6,312750.0000,-0.07987643425,0.2770518579,309900.0000,0,0.107972828,110.7198,-0.03371796453,0.04179225084,115.9561,-0.02557922394,-0.03155743649,8,0.1429,-0.4667,11,0.0000,-0.3889,9,-0.1818,-0.1000,8,0,0.3333,NULL,NULL,NULL,42.0000,29,-0.5000,0.9914,0.002470832921,0.001570041672,0.3750,0.08928571429,0.175,NULL,NULL,NULL,0.5455,0,0.2121212121,"Provo, UT",39340,2025-08-01 14:37:32.7980000 +00:00,9878
2013-05-01,2013-07-31,90,neighborhood,1,764867,0,"Lufkin, TX - Inwood Terrace",Lufkin,Texas,TX,All Residential,-1,103700.0000,0.03803803804,0.04221105528,153700.0000,0.4297674419,0.01855533466,67.0077,0.06854659397,-0.03989982269,74.3100,0.1849938941,-0.09065642109,4,-0.2000,0.3333,4,-0.2000,0.3333,2,-0.3333,0.0000,3,0.5,0.5000,NULL,NULL,NULL,45.0000,-10,-40.0000,NULL,NULL,NULL,0.0000,0,0,NULL,NULL,NULL,0.0000,0,0,"Lufkin, TX",31260,2025-08-01 14:37:32.7980000 +00:00,9879
2012-08-01,2012-10-31,90,neighborhood,1,71181,0,"Palm River-Clair Mel, FL - Clair Mel City",Palm River-Clair Mel,Florida,FL,Single Family Residential,6,42500.0000,0.02918028817,0.03658536585,44900.0000,-0.08367346939,0.02277904328,36.1395,0.1322033821,0.03472968135,34.6088,-0.06507572969,-0.007317073171,15,0.2500,0.0000,15,0.2500,0.0714,22,0.2222,0.0000,20,-0.04761904762,-0.2308,NULL,NULL,NULL,48.0000,-4.5,-42.0000,0.9846,-0.007786724392,0.03527557079,0.2667,0.1,0.06666666667,NULL,NULL,NULL,0.0000,0,-0.07142857143,"Tampa, FL",45300,2025-08-01 14:37:32.7980000 +00:00,9880
2018-12-01,2019-02-28,90,neighborhood,1,765137,0,"Homestead, FL - Malibu Bay",Homestead,Florida,FL,Condo/Co-op,3,131250.0000,0.009615384615,0.009615384615,144950.0000,0.0003450655625,0.0511240029,133.4474,0.0119760479,0.1456935994,133.7896,-0.02884516681,0.0350967889,7,-0.3636,-0.1250,9,0.0000,-0.1818,12,-0.2000,-0.3333,21,0.05,0.1667,NULL,NULL,NULL,133.0000,10,100.5000,0.9636,-0.01272645479,0.02652077232,0.0000,0,0,NULL,NULL,NULL,0.3333,0.1111111111,0.1515151515,"Miami, FL",33124,2025-08-01 14:37:32.7980000 +00:00,9881
2022-04-01,2022-06-30,90,neighborhood,1,506046,0,"Homewood, IL - Riegel Manor",Homewood,Illinois,IL,Single Family Residential,6,262500.0000,0.06060606061,-0.009433962264,279900.0000,0,-0.05102559756,160.4170,-0.1236603186,-0.04128726228,155.2288,0.2742473161,-0.08073596493,4,0.0000,0.3333,6,0.5000,5.0000,7,0.4000,2.5000,4,0.3333333333,3.0000,NULL,NULL,NULL,65.0000,0,61.0000,1.0307,0.005795569461,0.00143692007,0.7500,0,-0.25,NULL,NULL,NULL,0.6667,-0.08333333333,-0.3333333333,"Chicago, IL",16984,2025-08-01 14:37:32.7980000 +00:00,9882
2018-10-01,2018-12-31,90,neighborhood,1,120171,0,"Manchester, NH - Youngsville",Manchester,New Hampshire,NH,Single Family Residential,6,245000.0000,-0.02494159599,0.05361389566,214500.0000,-0.1241322989,-0.03573836817,178.9216,0,0.4084165742,163.5149,0.1646917506,-0.008647141927,7,-0.2222,-0.3636,4,-0.4286,-0.7143,4,-0.5556,-0.5000,3,-0.25,-0.8333,NULL,NULL,NULL,38.0000,-1,-40.0000,0.9980,0.000634080485,0.02185221592,0.5714,0.01587301587,0.4805194805,NULL,NULL,NULL,0.7500,0.03571428571,0.3928571429,"Manchester, NH",31700,2025-08-01 14:37:32.7980000 +00:00,9883
2014-06-01,2014-08-31,90,neighborhood,1,555391,0,"Aurora, CO - Murphy Creek",Aurora,Colorado,CO,All Residential,-1,272500.0000,-0.02678571429,0.0196445276,287226.5000,0.03505045045,0.0659732789,96.1556,0.01421019563,-0.001452251234,98.4767,-0.004087072297,4.506372288E-05,46,0.0222,0.0952,48,0.1429,0.2308,52,-0.0714,0.2381,18,-0.3076923077,-0.0526,NULL,NULL,NULL,17.0000,3,2.0000,0.9998,-0.01432877363,0.005362852421,0.3043,-0.02898550725,-0.05279503106,NULL,NULL,NULL,0.5417,-0.02976190476,0.08012820513,"Denver, CO",19740,2025-08-01 14:37:32.7980000 +00:00,9884
2019-04-01,2019-06-30,90,neighborhood,1,125014,0,"New Rochelle, NY - Downtown New Rochelle",New Rochelle,New York,NY,Condo/Co-op,3,300750.0000,-0.132034632,NULL,465000.0000,1.480006613,NULL,245.3255,0.03132897603,NULL,271.1370,0.08437490619,NULL,4,0.3333,NULL,3,0.5000,NULL,5,0.2500,NULL,4,0,NULL,NULL,NULL,NULL,283.0000,-87,NULL,0.9495,0.006190697984,NULL,0.0000,0,NULL,NULL,NULL,NULL,0.0000,0,NULL,"New York, NY",35614,2025-08-01 14:37:32.7980000 +00:00,9885
2023-02-01,2023-04-30,90,neighborhood,1,292338,0,"Bakersfield, CA - Eastridge Estates",Bakersfield,California,CA,Single Family Residential,6,375000.0000,-0.06308557152,-0.1830065359,459450.0000,0.04420454545,0.02213570634,216.6497,0.187045436,0.03005902655,220.3904,-0.01625726956,0.04123841973,5,-0.1667,0.0000,4,0.0000,0.0000,4,0.3333,0.0000,3,2,2.0000,NULL,NULL,NULL,35.0000,-24,25.0000,0.9906,0.009196889171,-0.01401212212,0.2000,0.03333333333,-0.2,NULL,NULL,NULL,0.7500,0.25,0.25,"Bakersfield, CA",12540,2025-08-01 14:37:32.7980000 +00:00,9886
2016-04-01,2016-06-30,90,neighborhood,1,762844,0,"Coralville, IA - Lincoln North",Coralville,Iowa,IA,Condo/Co-op,3,177000.0000,-0.1531100478,0.5803571429,250000.0000,0,0.269357705,125.3541,0.1935630346,0.726368755,132.1353,0,0.1146117834,1,0.0000,-0.5000,1,0.0000,-0.5000,1,0.0000,-0.5000,2,-0.3333333333,1.0000,NULL,NULL,NULL,117.0000,-212,-308.0000,1.0000,0,0.02677122769,0.0000,0,0,NULL,NULL,NULL,0.0000,0,0,"Iowa City, IA",26980,2025-08-01 14:37:32.7980000 +00:00,9887
2019-02-01,2019-04-30,90,neighborhood,1,172447,0,"El Paso, TX - Pershing-Government Hill",El Paso,Texas,TX,All Residential,-1,112000.0000,0.08474576271,-0.1140992683,125000.0000,0.08695652174,0.0008006405124,65.6814,-0.2161088318,-0.2604940014,80.1187,0.07420746741,-0.02752481326,5,0.2500,0.2500,8,0.1429,0.6000,9,0.2857,0.8000,10,0.25,1.0000,NULL,NULL,NULL,21.0000,1,5.0000,0.9746,-0.001683980186,-0.1239589345,0.4000,0.15,-0.1,NULL,NULL,NULL,0.0000,-0.1428571429,0,"El Paso, TX",21340,2025-08-01 14:37:32.7980000 +00:00,9888
2023-07-01,2023-09-30,90,neighborhood,1,766250,0,"Gretna, LA - Timberlane Country Club",Gretna,Louisiana,LA,All Residential,-1,379500.0000,0.15,-0.2010526316,425900.0000,0.03248484848,-0.07312295974,147.1432,0.1231931282,0.2272925406,157.3328,0.01350679385,0.06244415196,4,0.3333,0.0000,4,-0.2000,0.0000,5,-0.1667,-0.1667,9,0,0.8000,NULL,NULL,NULL,93.0000,36,63.5000,0.9840,0.0268074318,0.09404922333,0.2500,0.25,0,NULL,NULL,NULL,0.2500,0.05,0.25,"New Orleans, LA",35380,2025-08-01 14:37:32.7980000 +00:00,9889
2012-02-01,2012-04-30,90,neighborhood,1,87593,0,"Jacksonville, FL - Hillcrest",Jacksonville,Florida,FL,Multi-Family (2-4 Unit),4,56000.0000,0.5135135135,NULL,115000.0000,0,NULL,24.2623,0.07246376812,NULL,43.7595,0,NULL,2,-0.3333,NULL,2,-0.3333,NULL,1,0.0000,NULL,4,0,NULL,NULL,NULL,NULL,256.5000,155.5,NULL,0.8188,-0.06038647343,NULL,0.0000,0,NULL,NULL,NULL,NULL,0.0000,0,NULL,"Jacksonville, FL",27260,2025-08-01 14:37:32.7980000 +00:00,9890
2016-04-01,2016-06-30,90,neighborhood,1,178197,0,"Louisville, KY - Limerick",Louisville,Kentucky,KY,Multi-Family (2-4 Unit),4,129500.0000,0,NULL,NULL,NULL,NULL,43.0805,0,NULL,NULL,NULL,NULL,3,0.0000,NULL,1,-0.6667,NULL,NULL,NULL,NULL,1,0,NULL,NULL,NULL,NULL,86.0000,0,NULL,0.9511,0,NULL,0.0000,0,NULL,NULL,NULL,NULL,0.0000,0,NULL,"Louisville, KY",31140,2025-08-01 14:37:32.7980000 +00:00,9891
2019-12-01,2020-02-29,90,neighborhood,1,394799,0,"Delray Beach, FL - Merritt Park",Delray Beach,Florida,FL,Single Family Residential,6,358000.0000,0,NULL,535000.0000,0.2104072398,NULL,358.0000,0,NULL,307.1183,0.2273192034,NULL,1,0.0000,NULL,NULL,NULL,NULL,1,-0.5000,NULL,2,-0.3333333333,NULL,NULL,NULL,NULL,12.0000,0,NULL,0.9299,0,NULL,0.0000,0,NULL,NULL,NULL,NULL,NULL,NULL,NULL,"West Palm Beach, FL",48424,2025-08-01 14:37:32.7980000 +00:00,9892
2019-11-01,2020-01-31,90,neighborhood,1,114837,0,"Huntington Beach, CA - Garfield",Huntington Beach,California,CA,Condo/Co-op,3,650000.0000,0,NULL,157000.0000,0,NULL,325.0000,0,NULL,279.8574,0,NULL,1,0.0000,NULL,NULL,NULL,NULL,1,0.0000,NULL,1,0,NULL,NULL,NULL,NULL,165.0000,0,NULL,1.0000,0,NULL,0.0000,0,NULL,NULL,NULL,NULL,NULL,NULL,NULL,"Anaheim, CA",11244,2025-08-01 14:37:32.7980000 +00:00,9893
2017-12-01,2018-02-28,90,neighborhood,1,144210,0,"Tampa, FL - Temple Crest",Tampa,Florida,FL,Multi-Family (2-4 Unit),4,96000.0000,0,NULL,103000.0000,0.07291666667,NULL,60.9137,0,NULL,65.3553,0.08636173768,NULL,3,0.0000,NULL,4,0.3333,NULL,4,1.0000,NULL,2,1,NULL,NULL,NULL,NULL,22.0000,0,NULL,0.9623,0,NULL,0.0000,0,NULL,NULL,NULL,NULL,0.7500,0.08333333333,NULL,"Tampa, FL",45300,2025-08-01 14:37:32.7980000 +00:00,9894
2018-08-01,2018-10-31,90,neighborhood,1,549918,0,"East Greenwich, RI - Downtown East Greenwich",East Greenwich,Rhode Island,RI,Condo/Co-op,3,304500.0000,0.456937799,0.1301196368,322400.0000,-0.07196315486,0.1117241379,186.4329,0.04277549106,-0.1059589826,216.3122,0,-0.0593076883,2,1.0000,-0.5000,2,0.0000,-0.6000,4,0.0000,-0.2000,4,-0.2,-0.4286,NULL,NULL,NULL,84.5000,-25.5,-30.0000,0.9752,0.02478399272,0.008629938475,0.0000,0,0,NULL,NULL,NULL,0.0000,-0.5,0,"Providence, RI",39300,2025-08-01 14:37:32.7980000 +00:00,9895
2016-04-01,2016-06-30,90,neighborhood,1,760015,0,"Madison, MS - Cypress Lake",Madison,Mississippi,MS,All Residential,-1,309900.0000,-0.05047874378,0.1320547945,384900.0000,0,0.02095490716,121.9298,0.03423424359,0.05124440265,121.8182,-0.02581283422,-0.009390609391,9,-0.1000,0.1250,9,-0.1000,0.1250,9,0.2857,-0.4000,12,0,-0.4000,NULL,NULL,NULL,126.0000,25.5,39.0000,0.9751,0.0007883538701,0.0002849982315,0.1111,0.01111111111,0.1111111111,NULL,NULL,NULL,0.0000,0,0,"Jackson, MS",27140,2025-08-01 14:37:32.7980000 +00:00,9896
2023-04-01,2023-06-30,90,neighborhood,1,169149,0,"Garland, TX - Northeast Garland",Garland,Texas,TX,Single Family Residential,6,335000.0000,0.007518796992,-0.0110701107,310000.0000,-0.05198776758,-0.1140325807,203.5429,0,-0.02973339164,198.1732,0.01268880244,0.03423951324,58,-0.1714,-0.1714,70,0.0769,-0.2045,77,0.1000,-0.2376,45,0.2162162162,0.1842,NULL,NULL,NULL,17.5000,-2.5,3.5000,0.9930,-0.0001880246324,-0.07038096045,0.4138,-0.0004926108374,-0.3433497537,NULL,NULL,NULL,0.6571,0.02637362637,-0.1042207792,"Dallas, TX",19124,2025-08-01 14:37:32.7980000 +00:00,9897
2023-03-01,2023-05-31,90,neighborhood,1,496926,0,"Milpitas, CA - Northeastern Milpitas",Milpitas,California,CA,Multi-Family (2-4 Unit),4,1410000.0000,0,NULL,NULL,NULL,NULL,762.9870,0,NULL,NULL,NULL,NULL,1,0.0000,NULL,1,0.0000,NULL,NULL,NULL,NULL,NULL,NULL,NULL,NULL,NULL,NULL,10.0000,0,NULL,1.0217,0,NULL,1.0000,0,NULL,NULL,NULL,NULL,0.0000,0,NULL,"San Jose, CA",41940,2025-08-01 14:37:32.7980000 +00:00,9898
2017-03-01,2017-05-31,90,neighborhood,1,56494,0,"San Antonio, TX - University Park",San Antonio,Texas,TX,Multi-Family (2-4 Unit),4,120000.0000,NULL,NULL,NULL,NULL,NULL,68.7285,NULL,NULL,NULL,NULL,NULL,1,0.0000,NULL,1,NULL,NULL,NULL,NULL,NULL,NULL,NULL,NULL,NULL,NULL,NULL,145.0000,NULL,NULL,0.8889,NULL,NULL,0.0000,NULL,NULL,NULL,NULL,NULL,0.0000,NULL,NULL,"San Antonio, TX",41700,2025-08-01 14:37:32.7980000 +00:00,9899
2013-12-01,2014-02-28,90,neighborhood,1,60445,0,"Lexington, MA - Follen Heights",Lexington,Massachusetts,MA,Condo/Co-op,3,442500.0000,-0.1237623762,0.3806552262,474900.0000,0.05556790398,0.1728821931,302.0478,0.005065225388,0.05861244019,313.8672,0.02203932495,-0.05495058763,1,-0.7500,-0.8000,3,2.0000,0.0000,2,1.0000,-0.5000,3,2,-0.4000,NULL,NULL,NULL,54.0000,-33,-72.0000,0.9836,0.008532195171,0.004334455028,0.0000,0,0,NULL,NULL,NULL,0.3333,0.3333333333,0,"Boston, MA",14454,2025-08-01 14:37:32.7980000 +00:00,9900
2015-01-01,2015-03-31,90,neighborhood,1,347689,0,"Metairie, LA - Metairie Lakefront",Metairie,Louisiana,LA,Single Family Residential,6,420000.0000,-0.06666666667,-0.1616766467,480000.0000,-0.01990811639,0.2834224599,133.9986,0.09044241814,-0.05743035777,136.5874,-0.001352872152,0.02007768126,4,1.0000,0.0000,4,1.0000,0.0000,3,-0.2500,-0.2500,5,-0.2857142857,-0.5000,NULL,NULL,NULL,130.5000,-129.5,-10.5000,0.9391,0.04061544506,0.03419628862,0.0000,0,0,NULL,NULL,NULL,0.0000,0,0,"New Orleans, LA",35380,2025-08-01 14:37:32.7980000 +00:00,9901
2025-05-01,2025-07-31,90,neighborhood,1,760802,0,"Dallas, TX - Winnetka Heights",Dallas,Texas,TX,Single Family Residential,6,275000.0000,0,0.08438485804,284000.0000,-0.05175292154,0.03272727273,201.1202,0.08042422358,-0.08633983125,218.4615,0.06339425085,0.0189832313,15,-0.1176,0.1538,14,-0.3000,0.2727,19,0.1875,-0.2963,22,0.2222222222,-0.0833,NULL,NULL,NULL,50.0000,0,35.0000,0.9746,0.009418032805,0.006347998158,0.0667,-0.1098039216,-0.1641025641,NULL,NULL,NULL,0.0714,-0.07857142857,-0.5649350649,"Dallas, TX",19124,2025-08-01 14:37:32.7980000 +00:00,9902
2025-05-01,2025-07-31,90,neighborhood,1,178748,0,"South Jordan, UT - Daybreak",South Jordan,Utah,UT,Condo/Co-op,3,350000.0000,-0.125,-0.1012967005,366700.0000,-0.04355764215,0.03295774648,270.1644,0.009364395719,-0.1289177847,308.0947,-0.0139425667,0.004890230614,5,0.6667,-0.5833,7,0.1667,-0.4167,10,1.0000,-0.4118,9,0.5,-0.3571,NULL,NULL,NULL,83.0000,0,12.0000,0.9706,0.01495217577,-0.02559484073,0.0000,0,-0.08333333333,NULL,NULL,NULL,0.4286,0.09523809524,0.1785714286,"Salt Lake City, UT",41620,2025-08-01 14:37:32.7980000 +00:00,9903
2018-10-01,2018-12-31,90,neighborhood,1,766987,0,"Port Hueneme, CA - Surfside",Port Hueneme,California,CA,Townhouse,13,424900.0000,0,0.1181578947,575000.0000,0.3774104683,NULL,336.3413,0.02915394042,0.1037304089,342.4658,3.77372731E-05,NULL,3,0.0000,2.0000,3,0.0000,2.0000,1,-0.5000,NULL,1,0,NULL,NULL,NULL,NULL,57.0000,27,-8.0000,0.9967,0.00329218107,0.009686682954,0.0000,0,0,NULL,NULL,NULL,0.0000,0,0,"Oxnard, CA",37100,2025-08-01 14:37:32.7980000 +00:00,9904
2018-05-01,2018-07-31,90,neighborhood,1,19621,0,"Washington, DC - North Cleveland Park","Washington, DC",Columbia,DC,Townhouse,13,1205230.0000,0,0.07561802767,979900.0000,-0.06587225929,-0.08804094928,532.3454,0,0.1941868992,395.3990,-0.1466317242,-0.09464891253,1,0.0000,-0.9167,3,2.0000,-0.7000,3,2.0000,-0.6250,NULL,NULL,NULL,NULL,NULL,NULL,9.0000,0,3.0000,1.1489,0,0.09424113018,1.0000,0,0.25,NULL,NULL,NULL,1.0000,0,0.6,"Washington, DC",47894,2025-08-01 14:37:32.7980000 +00:00,9905
2014-08-01,2014-10-31,90,neighborhood,1,548450,0,"Dallas, TX - North Oak Cliff",Dallas,Texas,TX,Multi-Family (2-4 Unit),4,56000.0000,-0.6339869281,-0.6888888889,75250.0000,0.1488549618,-0.6457990115,45.3074,-0.5342601787,-0.4402735408,59.8389,0.09399509804,-0.4096534485,1,-0.5000,-0.5000,1,0.0000,-0.5000,2,-0.3333,0.0000,1,-0.6666666667,-0.6667,NULL,NULL,NULL,15.0000,-43,-22.0000,1.0000,0.01737451737,0.05302968866,0.0000,0,0,NULL,NULL,NULL,0.0000,-1,-0.5,"Dallas, TX",19124,2025-08-01 14:37:32.7980000 +00:00,9906
2021-11-01,2022-01-31,90,neighborhood,1,156272,0,"East Honolulu, HI - Kalani Iki",East Honolulu,Hawaii,HI,Single Family Residential,6,1327000.0000,0.1058333333,0.450273224,1212500.0000,0.07777777778,0.06126914661,666.4992,0.03653501019,0.01283200327,623.8954,-0.08824788967,-0.1824391638,11,0.0000,1.2000,10,-0.1667,1.0000,6,-0.1429,2.0000,3,-0.25,0.0000,NULL,NULL,NULL,34.0000,0,-11.0000,1.0797,0.04339225177,0.1033959368,0.8182,0.1818181818,0.6181818182,NULL,NULL,NULL,0.3000,0.05,0.3,"Honolulu, HI",46520,2025-08-01 14:37:32.7980000 +00:00,9907
2018-04-01,2018-06-30,90,neighborhood,1,374104,0,"Asheville, NC - Shiloh",Asheville,North Carolina,NC,Condo/Co-op,3,137000.0000,0,0.07450980392,NULL,NULL,NULL,131.8576,0,0.03934778916,NULL,NULL,NULL,1,0.0000,-0.6667,NULL,NULL,NULL,NULL,NULL,NULL,NULL,NULL,NULL,NULL,NULL,NULL,62.0000,0,20.0000,0.9614,0,-0.03400318912,0.0000,0,0,NULL,NULL,NULL,NULL,NULL,NULL,"Asheville, NC",11700,2025-08-01 14:37:32.7980000 +00:00,9908
2015-11-01,2016-01-31,90,neighborhood,1,547218,0,"Los Angeles, CA - Beverly Grove",Los Angeles,California,CA,Multi-Family (2-4 Unit),4,1806000.0000,0.02120441052,0.1182662539,1875000.0000,0.1061946903,0.1370527592,488.6694,-0.03914887869,0.1389173621,446.8541,-0.06783516769,-0.0805481382,7,0.7500,6.0000,8,1.0000,1.6667,3,-0.4000,-0.5000,2,-0.3333333333,-0.3333,NULL,NULL,NULL,71.0000,37,56.0000,0.9841,-0.01773864984,-0.02843143802,0.2857,-0.2142857143,-0.7142857143,NULL,NULL,NULL,0.1250,-0.125,-0.5416666667,"Los Angeles, CA",31084,2025-08-01 14:37:32.7980000 +00:00,9909
2024-01-01,2024-03-31,90,neighborhood,1,69065,0,"Tampa, FL - Hunters Green",Tampa,Florida,FL,Townhouse,13,360000.0000,0.01408450704,-0.1377245509,NULL,NULL,NULL,163.4934,-0.07208482228,-0.002248887462,NULL,NULL,NULL,3,-0.2500,0.5000,NULL,NULL,NULL,NULL,NULL,NULL,NULL,NULL,NULL,NULL,NULL,NULL,108.0000,15.5,94.0000,0.9865,0.01090409414,-0.007373009403,0.3333,0.08333333333,0.3333333333,NULL,NULL,NULL,NULL,NULL,NULL,"Tampa, FL",45300,2025-08-01 14:37:32.7980000 +00:00,9910
2024-09-01,2024-11-30,90,neighborhood,1,551020,0,"Sheboygan, WI - South Central",Sheboygan,Wisconsin,WI,All Residential,-1,189950.0000,-0.0002631578947,-0.1165116279,189500.0000,-0.07538424006,-0.1666666667,160.9855,-0.03408719102,-0.1127911977,158.3627,0.05079685159,0.0983484991,4,-0.2000,-0.2000,3,-0.4000,0.5000,5,0.2500,1.5000,4,1,3.0000,NULL,NULL,NULL,45.5000,7.5,2.5000,0.9701,-0.02821729024,-0.06436128948,0.2500,-0.15,-0.35,NULL,NULL,NULL,0.6667,0.06666666667,-0.3333333333,"Sheboygan, WI",43100,2025-08-01 14:37:32.7980000 +00:00,9911
2022-11-01,2023-01-31,90,neighborhood,1,35693,0,"Fort Worth, TX - Historic Southside",Fort Worth,Texas,TX,Single Family Residential,6,240000.0000,0.04347826087,0.03225806452,255450.0000,-0.04647256439,-0.04682835821,178.8212,-0.02203605901,0.1424258891,182.0483,-7.306181614E-05,-0.00649621982,10,0.0000,-0.1667,12,0.0909,-0.2000,20,0.0526,0.3333,19,-0.09523809524,1.7143,NULL,NULL,NULL,65.0000,3,46.0000,1.0017,-0.02170471683,0.002740829765,0.3000,0,0.1333333333,NULL,NULL,NULL,0.3333,0.06060606061,-0.5333333333,"Fort Worth, TX",23104,2025-08-01 14:37:32.7980000 +00:00,9912
2023-02-01,2023-04-30,90,neighborhood,1,51427,0,"Houston, TX - Independence Heights",Houston,Texas,TX,Single Family Residential,6,379900.0000,-0.005484364979,0.1725308642,382445.0000,0.08498113422,0.06264240067,221.0658,-0.0119764556,0.06247624528,224.1766,0.02068846362,-0.01670133022,50,0.1364,-0.2308,69,0.1695,-0.0548,134,0.2642,0.4409,142,0.04411764706,0.9722,NULL,NULL,NULL,52.0000,-29,-3.0000,0.9909,0.0008669880849,0.009660206469,0.1800,-0.02454545455,-0.02,NULL,NULL,NULL,0.2464,0.009088676001,-0.109787572,"Houston, TX",26420,2025-08-01 14:37:32.7980000 +00:00,9913
2014-09-01,2014-11-30,90,neighborhood,1,284473,0,"Pleasanton, CA - Golden Eagle",Pleasanton,California,CA,Single Family Residential,6,1850000.0000,0.9473684211,0.8974358974,2899900.0000,0,0.6128476085,355.7692,-0.05515182186,-0.09032544379,413.4445,0,-0.08021237043,1,0.0000,-0.6667,1,-0.5000,0.0000,1,0.0000,0.0000,2,0,1.0000,NULL,NULL,NULL,134.0000,83,99.0000,0.9747,0.02470927128,-0.002467157546,0.0000,0,0,NULL,NULL,NULL,0.0000,0,0,"Oakland, CA",36084,2025-08-01 14:37:32.7980000 +00:00,9914
2020-04-01,2020-06-30,90,neighborhood,1,477,0,"Baltimore, MD - Cheswolde",Baltimore,Maryland,MD,Townhouse,13,315000.0000,0,NULL,NULL,NULL,NULL,101.3514,0,NULL,NULL,NULL,NULL,1,0.0000,NULL,1,0.0000,NULL,NULL,NULL,NULL,NULL,NULL,NULL,NULL,NULL,NULL,11.0000,0,NULL,0.9265,0,NULL,0.0000,0,NULL,NULL,NULL,NULL,0.0000,-1,NULL,"Baltimore, MD",12580,2025-08-01 14:37:32.7980000 +00:00,9915
2020-07-01,2020-09-30,90,neighborhood,1,988,0,"Washington, DC - Foggy Bottom / George Washington University / West End","Washington, DC",Columbia,DC,All Residential,-1,507000.0000,0.04536082474,0.005453644026,584450.0000,-0.04967479675,-0.004344122658,641.5328,0.02066449713,0.09060568603,662.8971,-0.03272265825,-0.003661615863,66,0.2000,-0.1316,72,-0.0886,-0.0400,124,0.0420,0.5122,128,0.1428571429,0.7067,NULL,NULL,NULL,34.5000,3.5,0.5000,0.9855,-0.003919220569,0.004476796847,0.2424,0.006060606061,0.09768740032,NULL,NULL,NULL,0.3750,-0.1060126582,-0.05166666667,"Washington, DC",47894,2025-08-01 14:37:32.7980000 +00:00,9916
2016-11-01,2017-01-31,90,neighborhood,1,348242,0,"Oakmont, PA - Lower Oakmont",Oakmont,Pennsylvania,PA,Condo/Co-op,3,112500.0000,0.02272727273,NULL,NULL,NULL,NULL,102.2464,0.08381226054,NULL,NULL,NULL,NULL,2,1.0000,NULL,1,-0.5000,NULL,NULL,NULL,NULL,NULL,NULL,NULL,NULL,NULL,NULL,275.5000,88.5,NULL,0.9209,-0.03561267865,NULL,0.0000,0,NULL,NULL,NULL,NULL,0.0000,0,NULL,"Pittsburgh, PA",38300,2025-08-01 14:37:32.7980000 +00:00,9917
2019-04-01,2019-06-30,90,neighborhood,1,606886,0,"Anchorage, AK - Airport Heights",Anchorage,Alaska,AK,Multi-Family (2-4 Unit),4,414500.0000,-0.005398920216,0.5351851852,417500.0000,-0.1210526316,0.3087774295,133.7983,0.1085474962,-0.2566762947,165.4369,0.001812437001,0.240517566,4,1.0000,3.0000,4,1.0000,3.0000,4,-0.2000,3.0000,3,-0.25,0.0000,NULL,NULL,NULL,42.5000,-23.5,-11.5000,0.9874,-0.007821722833,0.005553643264,0.2500,-0.25,0.25,NULL,NULL,NULL,0.0000,0,0,"Anchorage, AK",11260,2025-08-01 14:37:32.7980000 +00:00,9918
2012-01-01,2012-03-31,90,neighborhood,1,118735,0,"Oakland, CA - Lynn",Oakland,California,CA,Single Family Residential,6,235000.0000,0,0.3055555556,239000.0000,0.1075069509,0.2925905895,213.6364,0,0.4659275684,217.2727,0.2012020051,0.2937603306,1,0.0000,-0.6667,3,0.0000,-0.6250,3,0.5000,-0.4000,3,0.5,-0.5000,NULL,NULL,NULL,8.0000,0,-98.0000,0.9833,0,0.03547638327,0.0000,0,0,NULL,NULL,NULL,0.3333,0,0.2083333333,"Oakland, CA",36084,2025-08-01 14:37:32.7980000 +00:00,9919
2023-01-01,2023-03-31,90,neighborhood,1,377082,0,"Mooresville, NC - Oak Tree",Mooresville,North Carolina,NC,All Residential,-1,380000.0000,0.1014492754,-0.1162790698,420000.0000,0.1351351351,0.05,224.3126,-0.04945076526,0.005668113845,180.3905,-0.116428104,-0.2022870269,3,-0.2500,0.0000,NULL,NULL,NULL,3,0.5000,0.0000,NULL,NULL,NULL,NULL,NULL,NULL,86.0000,35,66.0000,0.9845,0.004465671831,-0.05801450566,0.0000,0,-0.6666666667,NULL,NULL,NULL,0.4000,0.15,-0.6,"Charlotte, NC",16740,2025-08-01 14:37:32.7980000 +00:00,9920
2012-07-01,2012-09-30,90,neighborhood,1,351498,0,"Kamaili, HI - Iliililoa Ahupua'a",Kamaili,Hawaii,HI,Single Family Residential,6,440000.0000,0,NULL,NULL,NULL,NULL,293.3333,0,NULL,NULL,NULL,NULL,1,0.0000,NULL,1,0.0000,NULL,NULL,NULL,NULL,NULL,NULL,NULL,NULL,NULL,NULL,187.0000,0,NULL,0.6769,0,NULL,0.0000,0,NULL,NULL,NULL,NULL,0.0000,0,NULL,"Hilo, HI",25900,2025-08-01 14:37:32.7980000 +00:00,9921
2015-01-01,2015-03-31,90,neighborhood,1,116756,0,"Yucaipa, CA - Dunlap Acres",Yucaipa,California,CA,All Residential,-1,308500.0000,-0.004838709677,0.01983471074,365000.0000,0.1300309598,0.3778784447,155.8326,0,0.1101388058,165.0696,-0.0001893884459,0.06179501063,28,0.2174,0.1200,37,0.1212,0.6087,41,0.1389,0.6400,30,-0.1428571429,1.3077,NULL,NULL,NULL,63.5000,3.5,31.0000,0.9945,-0.003712849097,0.001977667766,0.1786,0.04813664596,-0.2214285714,NULL,NULL,NULL,0.2432,0.000819000819,-0.06110458284,"Riverside, CA",40140,2025-08-01 14:37:32.7980000 +00:00,9922
2018-07-01,2018-09-30,90,neighborhood,1,517820,0,"Titusville, FL - Osbans South-d",Titusville,Florida,FL,Single Family Residential,6,44000.0000,0,NULL,106250.0000,0.25,NULL,56.1224,0,NULL,92.7121,0.1670822943,NULL,1,0.0000,NULL,1,0.0000,NULL,2,-0.3333,NULL,2,0,NULL,NULL,NULL,NULL,34.0000,0,NULL,1.0000,0,NULL,0.0000,0,NULL,NULL,NULL,NULL,0.0000,0,NULL,"Palm Bay, FL",37340,2025-08-01 14:37:32.7980000 +00:00,9923
2015-04-01,2015-06-30,90,neighborhood,1,182207,0,"Baltimore, MD - McElderry Park",Baltimore,Maryland,MD,All Residential,-1,20000.0000,-0.2248062016,-0.2660550459,31450.0000,-0.1014285714,-0.05979073244,31.8321,0,-0.2099457696,34.5238,-0.03333333333,-0.1470588235,14,-0.1250,-0.1250,19,-0.0500,-0.1364,35,0.0294,0.1290,37,0.05714285714,0.0278,NULL,NULL,NULL,54.0000,-4,-15.0000,0.9320,0.009928530236,-0.02383455791,0.2857,0.09821428571,0.1607142857,NULL,NULL,NULL,0.2105,0.01052631579,0.2105263158,"Baltimore, MD",12580,2025-08-01 14:37:32.7980000 +00:00,9924
2013-04-01,2013-06-30,90,neighborhood,1,123054,0,"Denver, CO - Whittier",Denver,Colorado,CO,All Residential,-1,320000.0000,0.02893890675,0.0756302521,315000.0000,-0.01393019252,0.1332973556,179.8946,-0.02443640446,0.2048419382,187.1658,0.009273752906,0.2084403272,47,-0.0208,0.3056,59,0.1569,0.4390,67,0.1167,0.1964,16,-0.05882352941,-0.2727,NULL,NULL,NULL,5.5000,-1.5,-7.5000,0.9963,-0.0009656576538,0.005078625696,0.3617,0.02836879433,0.08392434988,NULL,NULL,NULL,0.8475,0.06314390163,0.2864820174,"Denver, CO",19740,2025-08-01 14:37:32.7980000 +00:00,9925
2015-10-01,2015-12-31,90,neighborhood,1,556163,0,"Napa, CA - Browns Village Central",Napa,California,CA,Multi-Family (2-4 Unit),4,2925000.0000,0,NULL,NULL,NULL,NULL,727.2501,0,NULL,NULL,NULL,NULL,1,0.0000,NULL,NULL,NULL,NULL,NULL,NULL,NULL,NULL,NULL,NULL,NULL,NULL,NULL,111.0000,0,NULL,0.9770,0,NULL,0.0000,0,NULL,NULL,NULL,NULL,NULL,NULL,NULL,"Napa, CA",34900,2025-08-01 14:37:32.7980000 +00:00,9926
2020-12-01,2021-02-28,90,neighborhood,1,125113,0,"Buffalo, NY - Elmwood Village",Buffalo,New York,NY,Condo/Co-op,3,195827.5000,0.11265625,0.06572789116,290000.0000,0.03571428571,0.6361071932,254.1237,-0.1100166843,0.1469122097,212.6063,-0.1746320625,0.03190662507,4,-0.3333,1.0000,2,-0.3333,-0.6000,10,1.0000,1.5000,13,0.8571428571,0.8571,NULL,NULL,NULL,13.0000,-85,-25.0000,0.9577,-0.02861526334,-0.02507478649,0.2500,-0.08333333333,0.25,NULL,NULL,NULL,0.5000,0.1666666667,0.1,"Buffalo, NY",15380,2025-08-01 14:37:32.7980000 +00:00,9927
2024-12-01,2025-02-28,90,neighborhood,1,116538,0,"Chico, CA - Meriam Park",Chico,California,CA,All Residential,-1,532000.0000,NULL,-0.0747826087,540500.0000,NULL,0.04042348412,312.3899,NULL,0.006926871726,316.4573,NULL,0.01059213992,1,0.0000,-0.5000,2,NULL,-0.5000,2,NULL,-0.3333,NULL,NULL,NULL,NULL,NULL,NULL,20.0000,NULL,-29.0000,0.9815,NULL,-0.0664985774,0.0000,NULL,-0.5,NULL,NULL,NULL,1.0000,NULL,0.25,"Chico, CA",17020,2025-08-01 14:37:32.7980000 +00:00,9928
2019-01-01,2019-03-31,90,neighborhood,1,189807,0,"Crystal, MN - Valley Place",Crystal,Minnesota,MN,Townhouse,13,204776.0000,0,0.8121769912,NULL,NULL,NULL,139.6835,0,0.07791155272,NULL,NULL,NULL,1,0.0000,0.0000,NULL,NULL,NULL,NULL,NULL,NULL,NULL,NULL,NULL,NULL,NULL,NULL,17.0000,0,-71.0000,0.9751,0,-0.007484886128,0.0000,0,0,NULL,NULL,NULL,NULL,NULL,NULL,"Minneapolis, MN",33460,2025-08-01 14:37:32.7980000 +00:00,9929
2018-11-01,2019-01-31,90,neighborhood,1,31879,0,"New York, NY - Douglaston",New York,New York,NY,Condo/Co-op,3,288500.0000,-0.07234726688,-0.07974481659,303500.0000,-0.03326707948,-0.09402985075,416.9946,-0.003005971846,0.153389401,426.5173,0,0.03474619329,22,0.2222,-0.1538,19,0.0556,0.2667,13,-0.0714,-0.2353,16,0.06666666667,0.2308,NULL,NULL,NULL,39.5000,1.5,-56.0000,0.9570,0.0008292733683,-0.008838185525,0.0455,-0.0101010101,-0.03146853147,NULL,NULL,NULL,0.0000,-0.05555555556,0,"New York, NY",35614,2025-08-01 14:37:32.7980000 +00:00,9930
2024-01-01,2024-03-31,90,neighborhood,1,551405,0,"Huntsville, AL - Lake Forest",Huntsville,Alabama,AL,All Residential,-1,395000.0000,-0.07925407925,-0.04819277108,415000.0000,0,-0.02912621359,166.2269,-0.01035103546,-0.01725314198,168.4257,5.092916341E-05,-0.01487782253,13,0.0833,0.1818,14,0.0000,0.0769,19,0.1176,0.9000,11,-0.08333333333,0.2222,NULL,NULL,NULL,39.0000,4,-62.0000,0.9949,-0.006605089485,0.005850005972,0.2308,-0.01923076923,0.1398601399,NULL,NULL,NULL,0.4286,-0.07142857143,0.04395604396,"Huntsville, AL",26620,2025-08-01 14:37:32.7980000 +00:00,9931
2014-06-01,2014-08-31,90,neighborhood,1,56045,0,"Wilmington, DE - West Center City",Wilmington,Delaware,DE,Townhouse,13,20000.0000,-0.1111111111,-0.7183098592,71500.0000,-0.1328077623,1.273449921,12.6984,-0.1190053286,-0.7056919183,52.0000,-0.08605851979,0.9177469826,3,-0.2500,-0.5714,3,0.0000,-0.5714,9,0.1250,0.2857,17,0.1333333333,0.0625,NULL,NULL,NULL,29.0000,-8,-128.0000,0.9611,0.1330926114,0.09507765526,0.0000,0,0,NULL,NULL,NULL,0.0000,0,-0.1428571429,"Wilmington, DE",48864,2025-08-01 14:37:32.7980000 +00:00,9932
2016-06-01,2016-08-31,90,neighborhood,1,764328,0,"Arlington Heights, PA - Blue Mountain Lake",Arlington Heights,Pennsylvania,PA,Townhouse,13,95000.0000,NULL,-0.02564102564,NULL,NULL,NULL,62.9556,NULL,0.6019778763,NULL,NULL,NULL,2,0.0000,1.0000,1,NULL,0.0000,NULL,NULL,NULL,3,NULL,2.0000,NULL,NULL,NULL,200.0000,NULL,53.0000,0.8165,NULL,-0.183515775,0.0000,NULL,0,NULL,NULL,NULL,0.0000,NULL,0,"East Stroudsburg, PA",20700,2025-08-01 14:37:32.7980000 +00:00,9933
2022-02-01,2022-04-30,90,neighborhood,1,127247,0,"Durham, NC - Leigh Village",Durham,North Carolina,NC,Townhouse,13,409500.0000,0,0.3514851485,395000.0000,0,NULL,262.3318,0,0.3774585979,253.0429,0,NULL,1,0.0000,0.0000,1,0.0000,0.0000,1,0.0000,NULL,NULL,NULL,NULL,NULL,NULL,NULL,18.0000,0,-10.0000,1.0367,0,0.02637208183,1.0000,0,0,NULL,NULL,NULL,1.0000,0,0,"Durham, NC",20500,2025-08-01 14:37:32.7980000 +00:00,9934
2025-03-01,2025-05-31,90,neighborhood,1,497695,0,"Las Vegas, NV - Pioneer Park",Las Vegas,Nevada,NV,Townhouse,13,300000.0000,-0.0438247012,-0.09090909091,330000.0000,0.04761904762,0.01538461538,261.3240,-0.001506860179,0.02969473192,260.5303,0.01161935579,0.01147058824,3,-0.5000,-0.4000,5,-0.1667,0.0000,7,0.0000,1.3333,6,0.5,5.0000,NULL,NULL,NULL,46.0000,22,-30.0000,0.9892,-0.000266207549,0.006625827246,0.0000,0,-0.4,NULL,NULL,NULL,0.0000,-0.3333333333,-0.2,"Las Vegas, NV",29820,2025-08-01 14:37:32.7980000 +00:00,9935
2019-07-01,2019-09-30,90,neighborhood,1,344941,0,"Frisco, TX - Northridge",Frisco,Texas,TX,Single Family Residential,6,342000.0000,-0.001459854015,-0.09762532982,354500.0000,0.0365497076,-0.05441451054,137.9032,0.06707886334,0.1069027387,116.9410,-0.111203736,-0.06417970569,6,0.0000,-0.1429,4,-0.3333,-0.4286,2,-0.6667,-0.7143,1,0,-0.8000,NULL,NULL,NULL,54.0000,19.5,22.0000,0.9956,0.0009217243335,0.002148413512,0.1667,0,0.02380952381,NULL,NULL,NULL,0.2500,-0.4166666667,0.1071428571,"Dallas, TX",19124,2025-08-01 14:37:32.7980000 +00:00,9936
2025-01-01,2025-03-31,90,neighborhood,1,186617,0,"Detroit, MI - Rosa Parks",Detroit,Michigan,MI,Multi-Family (2-4 Unit),4,110774.0000,0.1660421053,0.5824857143,120000.0000,0.4545454545,-0.1994663109,45.5526,0.1028517509,0.5529923117,45.0839,0.3828416536,-0.2891857394,12,-0.3684,-0.2941,16,-0.1111,-0.2727,20,-0.1667,-0.3103,17,-0.1052631579,-0.2917,NULL,NULL,NULL,59.0000,-8.5,-4.5000,0.9107,-0.01555799188,0.003079275525,0.0833,0.03070175439,-0.1519607843,NULL,NULL,NULL,0.3125,-0.02083333333,-0.005681818182,"Detroit, MI",19804,2025-08-01 14:37:32.7980000 +00:00,9937
2018-09-01,2018-11-30,90,neighborhood,1,2070,0,"San Diego, CA - Pacific Beach",San Diego,California,CA,Townhouse,13,805000.0000,0.02547770701,0.3879310345,849000.0000,0.0679245283,0.1395973154,552.4918,-0.0109049389,0.03984770886,591.4543,0.03084317111,0.1807289776,8,-0.2727,-0.2727,11,-0.0833,0.8333,11,-0.2667,0.1000,6,-0.3333333333,0.0000,NULL,NULL,NULL,27.5000,8.5,8.5000,0.9885,0.00215283128,0.006654829559,0.1250,-0.1477272727,-0.1477272727,NULL,NULL,NULL,0.2727,0.02272727273,-0.2272727273,"San Diego, CA",41740,2025-08-01 14:37:32.7980000 +00:00,9938
2022-04-01,2022-06-30,90,neighborhood,1,549761,0,"Edina, MN - Morningside",Edina,Minnesota,MN,All Residential,-1,850000.0000,-0.06077348066,0.1333333333,579500.0000,0.02611775122,-0.2517753389,295.2814,-0.0706614248,0.01009312643,284.3578,-0.01715140088,-0.06653502211,9,0.5000,-0.4375,8,-0.1111,-0.5556,11,0.0000,-0.3125,5,0.25,0.6667,NULL,NULL,NULL,8.5000,-4.5,-11.5000,1.0273,0.02107259887,0.03426122182,0.4444,0.1111111111,0.1319444444,NULL,NULL,NULL,0.7500,-0.02777777778,0.08333333333,"Minneapolis, MN",33460,2025-08-01 14:37:32.7980000 +00:00,9939
2016-12-01,2017-02-28,90,neighborhood,1,761352,0,"Lower Grand Lagoon, FL - Silver Sands",Lower Grand Lagoon,Florida,FL,Single Family Residential,6,355000.0000,0,NULL,NULL,NULL,NULL,190.7910,0,NULL,NULL,NULL,NULL,2,0.0000,NULL,2,0.0000,NULL,NULL,NULL,NULL,2,0,NULL,NULL,NULL,NULL,183.5000,0,NULL,0.9614,0,NULL,0.5000,0,NULL,NULL,NULL,NULL,0.0000,0,NULL,"Panama City, FL",37460,2025-08-01 14:37:32.7980000 +00:00,9940
2020-10-01,2020-12-31,90,neighborhood,1,125219,0,"Niagara Falls, NY - East Side",Niagara Falls,New York,NY,All Residential,-1,62500.0000,-0.07407407407,0.4880952381,59900.0000,0,0.04173913043,26.4818,-0.0101702509,0.1001207324,27.2273,-0.0007771423366,0.1180003179,12,0.7143,-0.2500,17,-0.0556,-0.0556,15,-0.3182,-0.2105,8,-0.2,0.3333,NULL,NULL,NULL,23.0000,-5,-3.5000,1.0367,0.07709448883,0.1156913489,0.2500,0.1071428571,0.125,NULL,NULL,NULL,0.7059,0.03921568627,0.09477124183,"Buffalo, NY",15380,2025-08-01 14:37:32.7980000 +00:00,9941
2016-05-01,2016-07-31,90,neighborhood,1,556167,0,"Gainesville, GA - Bradford-Ridgewood",Gainesville,Georgia,GA,All Residential,-1,139700.0000,-0.1733727811,-0.01758087201,189000.0000,0.181988743,0.0650887574,86.2069,-0.208045977,0.01325482703,103.6737,0,-0.1914971126,5,-0.2857,0.2500,7,-0.1250,0.0000,9,-0.2500,-0.1000,11,-0.08333333333,-0.1538,NULL,NULL,NULL,35.0000,-10,-93.5000,1.0168,0.02772394997,0.05278265597,0.2000,0.05714285714,0.2,NULL,NULL,NULL,0.2857,-0.2142857143,0.1428571429,"Gainesville, GA",23580,2025-08-01 14:37:32.7980000 +00:00,9942
2023-10-01,2023-12-31,90,neighborhood,1,181603,0,"Alexandria, VA - Del Ray",Alexandria,Virginia,VA,Single Family Residential,6,1125000.0000,0.1255633445,0.2328767123,1100000.0000,-0.06382978723,-0.08333333333,614.1689,0.004067522137,0.06865478863,565.0522,-0.03345017827,0.04199424433,11,-0.0833,0.1000,10,-0.3333,0.4286,5,-0.5833,-0.3750,1,-0.75,-0.8000,NULL,NULL,NULL,17.5000,-5.5,-18.5000,1.0078,0.002898467948,0.02489880067,0.4545,0.03787878788,0.2545454545,NULL,NULL,NULL,0.6000,0,0.4571428571,"Washington, DC",47894,2025-08-01 14:37:32.7980000 +00:00,9943
2016-08-01,2016-10-31,90,neighborhood,1,116376,0,"Chula Vista, CA - Rosebank",Chula Vista,California,CA,All Residential,-1,492500.0000,-0.05288461538,-0.1165919283,489000.0000,0.01452282158,-0.6237014236,277.7329,-0.002284857386,0.03464349867,310.7477,0.08260186336,0.1304025593,4,0.0000,1.0000,2,-0.3333,-0.3333,5,0.2500,1.5000,2,-0.3333333333,0.0000,NULL,NULL,NULL,66.0000,0,41.5000,0.9723,-0.001171309311,0.01493380248,0.2500,0,0.25,NULL,NULL,NULL,0.5000,0.1666666667,0.5,"San Diego, CA",41740,2025-08-01 14:37:32.7980000 +00:00,9944
2020-02-01,2020-04-30,90,neighborhood,1,347705,0,"Kenner, LA - Chateau Estates Lakefront",Kenner,Louisiana,LA,Single Family Residential,6,293000.0000,-0.08580343214,0.04642857143,315000.0000,0,-0.015625,144.8877,-0.004954414987,-0.0282177245,135.9517,-0.06167539868,-0.03727789441,3,0.5000,2.0000,4,3.0000,NULL,3,0.0000,0.0000,NULL,NULL,NULL,NULL,NULL,NULL,5.0000,-10,-66.0000,0.9798,-0.02961814533,-0.02021375661,0.3333,-0.1666666667,0.3333333333,NULL,NULL,NULL,0.2500,0.25,NULL,"New Orleans, LA",35380,2025-08-01 14:37:32.7980000 +00:00,9945
2017-05-01,2017-07-31,90,neighborhood,1,384267,0,"Winston-Salem, NC - Caroline Village",Winston-Salem,North Carolina,NC,Townhouse,13,93500.0000,0,-0.06030150754,NULL,NULL,NULL,69.9850,0,-0.06452171035,NULL,NULL,NULL,1,0.0000,0.0000,NULL,NULL,NULL,NULL,NULL,NULL,1,0,NULL,NULL,NULL,NULL,218.0000,0,139.0000,0.9894,0,-0.005582010582,0.0000,0,0,NULL,NULL,NULL,NULL,NULL,NULL,"Winston-Salem, NC",49180,2025-08-01 14:37:32.7980000 +00:00,9946
2012-01-01,2012-03-31,90,neighborhood,1,497276,0,"Chelmsford, MA - Robert's Ranches",Chelmsford,Massachusetts,MA,Single Family Residential,6,252450.0000,0.3286842105,-0.3608860759,314900.0000,0.05884330868,-0.07368594453,191.1598,0.1952520071,-0.06812899563,222.3870,0.08318105582,-0.07867509484,2,1.0000,0.0000,4,0.3333,1.0000,5,0.2500,1.5000,4,0.3333333333,3.0000,NULL,NULL,NULL,62.5000,9.5,-12.0000,1.0003,-0.0002632964718,0.04260851436,0.5000,-0.5,0.5,NULL,NULL,NULL,1.0000,0,0.5,"Boston, MA",14454,2025-08-01 14:37:32.7980000 +00:00,9947
2017-02-01,2017-04-30,90,neighborhood,1,202430,0,"Canton, GA - Haynes Crossing",Canton,Georgia,GA,All Residential,-1,315000.0000,0,0.2379642366,332500.0000,0.06485188151,0.1178349302,116.9699,0,0.2538170161,104.8126,0.2412042985,0.0869568565,1,0.0000,-0.5000,5,0.6667,0.2500,4,1.0000,0.0000,3,0.5,-0.5714,NULL,NULL,NULL,122.0000,0,-267.5000,0.9406,0,-0.04924479987,0.0000,0,0,NULL,NULL,NULL,0.4000,0.4,0.4,"Atlanta, GA",12060,2025-08-01 14:37:32.7980000 +00:00,9948
2019-07-01,2019-09-30,90,neighborhood,1,761246,0,"Midland, TX - Western Hills",Midland,Texas,TX,Single Family Residential,6,175000.0000,0,NULL,294900.0000,0,NULL,144.0329,0,NULL,164.7486,0,NULL,1,0.0000,NULL,NULL,NULL,NULL,1,0.0000,NULL,1,0,NULL,NULL,NULL,NULL,NULL,NULL,NULL,NULL,NULL,NULL,0.0000,0,NULL,NULL,NULL,NULL,NULL,NULL,NULL,"Midland, TX",33260,2025-08-01 14:37:32.7980000 +00:00,9949
2014-09-01,2014-11-30,90,neighborhood,1,605845,0,"Anchorage, AK - Old Seward-Oceanview",Anchorage,Alaska,AK,Single Family Residential,6,318450.0000,-0.05644444444,0.0356097561,340000.0000,0.01492537313,0.1297557734,158.9547,-0.04339120317,0.03620735917,177.8091,0.04488996332,0.07054900225,22,-0.0833,-0.1538,22,-0.0833,-0.1538,17,-0.3200,0.2143,24,-0.1724137931,0.1429,NULL,NULL,NULL,78.0000,7.5,-11.5000,0.9845,-0.004884776228,-0.009267008333,0.0455,-0.1212121212,-0.2237762238,NULL,NULL,NULL,0.0000,0,0,"Anchorage, AK",11260,2025-08-01 14:37:32.7980000 +00:00,9950
2018-07-01,2018-09-30,90,neighborhood,1,148639,0,"Atlanta, GA - Arlington Estates",Atlanta,Georgia,GA,All Residential,-1,93950.0000,NULL,NULL,159900.0000,NULL,NULL,76.0216,NULL,NULL,93.0421,NULL,NULL,2,0.0000,NULL,3,NULL,NULL,5,NULL,NULL,3,NULL,NULL,NULL,NULL,NULL,21.0000,NULL,NULL,1.0713,NULL,NULL,0.5000,NULL,NULL,NULL,NULL,NULL,0.6667,NULL,NULL,"Atlanta, GA",12060,2025-08-01 14:37:32.7980000 +00:00,9951
2023-03-01,2023-05-31,90,neighborhood,1,237124,0,"Centennial, CO - Piney Creek Ranches",Centennial,Colorado,CO,All Residential,-1,1875000.0000,0.2605042017,1.173913043,NULL,NULL,NULL,263.5455,-0.02401079494,-0.1749881202,NULL,NULL,NULL,3,-0.2500,2.0000,1,-0.7500,-0.5000,NULL,NULL,NULL,2,0,0.0000,NULL,NULL,NULL,83.0000,26,79.0000,0.9905,-0.009956709957,0.03107685788,0.0000,-0.25,0,NULL,NULL,NULL,0.0000,-0.25,-0.5,"Denver, CO",19740,2025-08-01 14:37:32.7980000 +00:00,9952
2022-06-01,2022-08-31,90,neighborhood,1,549435,0,"Coral Springs, FL - Country Club Village",Coral Springs,Florida,FL,Condo/Co-op,3,179500.0000,-0.05026455026,0.4593495935,197000.0000,-0.08372093023,0.2981878089,161.7111,0.06951793063,0.3352293578,162.6852,0.02151162791,0.07068860451,4,-0.2000,-0.3333,5,0.2500,0.0000,6,1.0000,0.5000,5,1.5,0.0000,NULL,NULL,NULL,63.5000,19.5,-61.5000,0.9980,0.02181889418,0.04913991646,0.2500,0.05,0.25,NULL,NULL,NULL,0.6000,0.35,0.4,"Fort Lauderdale, FL",22744,2025-08-01 14:37:32.7980000 +00:00,9953
2020-07-01,2020-09-30,90,neighborhood,1,548207,0,"West Sacramento, CA - Northwest Village",West Sacramento,California,CA,Single Family Residential,6,462500.0000,0.02436323367,0.1011904762,460000.0000,0.01098901099,0.1358024691,249.0204,-0.006181323992,0.08177209921,243.0719,0.002397132106,0.05550904147,32,0.0667,-0.2558,42,0.2353,0.2353,39,0.0833,0.0541,3,-0.75,-0.8000,NULL,NULL,NULL,6.5000,-1,-0.5000,1.0206,0.0074388219,0.01704201453,0.7813,0.2145833333,0.269622093,NULL,NULL,NULL,0.7619,0.02661064426,0.2324929972,"Sacramento, CA",40900,2025-08-01 14:37:32.7980000 +00:00,9954
2017-09-01,2017-11-30,90,neighborhood,1,54960,0,"Houston, TX - Glenbrook Valley Historic District",Houston,Texas,TX,All Residential,-1,170000.0000,0.09677419355,0.09748224661,200000.0000,-0.06933457422,-0.146939646,95.7769,0.09017911529,0.03876849072,90.6456,0.01563678497,-0.1160792666,10,0.1111,2.3333,9,0.0000,-0.1818,14,-0.0667,0.1667,11,0.1,-0.1538,NULL,NULL,NULL,49.5000,23.5,-22.5000,0.9604,-0.009038644492,-0.02872358552,0.1000,-0.2333333333,-0.2333333333,NULL,NULL,NULL,0.3333,0.2222222222,0.1515151515,"Houston, TX",26420,2025-08-01 14:37:32.7980000 +00:00,9955
2013-02-01,2013-04-30,90,neighborhood,1,113032,0,"Rancho Cucamonga, CA - Caryn",Rancho Cucamonga,California,CA,Single Family Residential,6,349000.0000,0.04179104478,0.2531418312,358000.0000,-0.005417419086,0.2387543253,224.4291,-0.01723667145,0.2121188665,213.7524,-0.08430023797,0.1430797775,6,0.2000,-0.5714,11,0.5714,-0.5600,8,0.3333,-0.4286,3,0,-0.6250,NULL,NULL,NULL,17.0000,5,-44.0000,0.9971,0.00271742533,-0.005404733697,0.6667,0.2666666667,0.02380952381,NULL,NULL,NULL,0.4545,0.02597402597,0.2545454545,"Riverside, CA",40140,2025-08-01 14:37:32.7980000 +00:00,9956
2024-05-01,2024-07-31,90,neighborhood,1,556238,0,"Fremont, CA - Downtown Fremont",Fremont,California,CA,All Residential,-1,1030000.0000,-0.2642857143,-0.07207207207,899998.0000,-0.04610704822,-0.1627925581,874.7296,0.03780416013,0.1357398639,811.5401,-0.0262935713,0.0818018613,2,1.0000,0.0000,2,1.0000,-0.3333,3,0.5000,0.0000,2,1,1.0000,NULL,NULL,NULL,31.5000,25.5,13.5000,1.0635,-0.1041686871,0.01710004492,0.5000,-0.5,0,NULL,NULL,NULL,0.0000,0,0,"Oakland, CA",36084,2025-08-01 14:37:32.7980000 +00:00,9957
2017-04-01,2017-06-30,90,neighborhood,1,145583,0,"East Lake, FL - Tarpon Woods",East Lake,Florida,FL,Single Family Residential,6,349000.0000,-0.08638743455,-0.06933333333,343950.0000,0,-0.01700485853,137.2621,-0.08566252823,0.01966115875,141.0654,0.02515540681,-0.09748698353,9,0.5000,0.8000,12,0.0000,2.0000,14,0.4000,3.6667,6,0.5,0.5000,NULL,NULL,NULL,26.0000,-25,-64.0000,0.9601,-0.007971486611,-0.01655835255,0.0000,0,0,NULL,NULL,NULL,0.2500,-0.08333333333,0.25,"Tampa, FL",45300,2025-08-01 14:37:32.7980000 +00:00,9958
2018-11-01,2019-01-31,90,neighborhood,1,118155,0,"Lancaster, CA - Linda Verde",Lancaster,California,CA,All Residential,-1,240000.0000,0,0.09090909091,241449.5000,0,0.04978043478,163.6649,0.00684191372,-0.0164447261,188.4418,0.03586436744,0.13728489,16,0.0667,0.7778,11,-0.2667,-0.2143,14,0.0000,1.0000,10,0.4285714286,1.0000,NULL,NULL,NULL,59.0000,8,7.0000,0.9868,0.004557588363,-0.01962599591,0.3125,-0.02083333333,-0.2430555556,NULL,NULL,NULL,0.4545,0.1878787879,0.2402597403,"Los Angeles, CA",31084,2025-08-01 14:37:32.7980000 +00:00,9959
2019-09-01,2019-11-30,90,neighborhood,1,762988,0,"Evans, CO - Arrowhead",Evans,Colorado,CO,Single Family Residential,6,539000.0000,-0.009191176471,0.3475,NULL,NULL,NULL,209.8910,0.1225092007,0.4041705607,NULL,NULL,NULL,1,-0.5000,0.0000,1,-0.5000,-0.5000,NULL,NULL,NULL,2,-0.5,1.0000,NULL,NULL,NULL,42.0000,-22.5,-14.0000,0.9910,-0.004504504505,-0.01529831719,0.0000,0,-1,NULL,NULL,NULL,0.0000,-0.5,-1,"Greeley, CO",24540,2025-08-01 14:37:32.7980000 +00:00,9960
2022-04-01,2022-06-30,90,neighborhood,1,2323,0,"Seattle, WA - Roosevelt",Seattle,Washington,WA,Condo/Co-op,3,895000.0000,0.1893687708,1.796875,451950.0000,-0.3151753921,0.1831151832,993.3407,0.09831264817,1.340559101,742.2519,-0.1275360998,0.1877058447,1,-0.5000,0.0000,3,2.0000,0.5000,4,1.0000,1.0000,1,0,NULL,NULL,NULL,NULL,14.0000,-44,-36.0000,1.0000,0.00406504065,0.01538461538,0.0000,0,0,NULL,NULL,NULL,1.0000,0,0.5,"Seattle, WA",42644,2025-08-01 14:37:32.7980000 +00:00,9961
2012-07-01,2012-09-30,90,neighborhood,1,109315,0,"Santa Maria, CA - Orchard Park",Santa Maria,California,CA,All Residential,-1,153000.0000,0.009900990099,0.275,NULL,NULL,NULL,143.7970,0.009900990099,0.4559445489,NULL,NULL,NULL,1,-0.5000,0.0000,1,-0.5000,0.0000,NULL,NULL,NULL,NULL,NULL,NULL,NULL,NULL,NULL,497.0000,225.5,475.0000,1.0552,0.03089746517,0.01078599082,1.0000,0.5,0,NULL,NULL,NULL,0.0000,0,0,"Santa Maria, CA",42200,2025-08-01 14:37:32.7980000 +00:00,9962
2015-03-01,2015-05-31,90,neighborhood,1,117005,0,"Fontana, CA - California Landings",Fontana,California,CA,Single Family Residential,6,375000.0000,-0.02597402597,0.05633802817,426000.0000,0.03272727273,0.09370988447,193.4985,0.1535986364,-0.04360496414,164.7479,-0.03019627019,-0.05802140774,9,0.2857,0.5000,13,0.0000,0.4444,16,0.1429,0.0000,7,-0.3,0.1667,NULL,NULL,NULL,51.0000,0,39.5000,0.9963,-0.002905640943,-0.004984182943,0.2222,-0.06349206349,-0.2777777778,NULL,NULL,NULL,0.0769,0,-0.4786324786,"Riverside, CA",40140,2025-08-01 14:37:32.7980000 +00:00,9963
2021-07-01,2021-09-30,90,neighborhood,1,122090,0,"Aurora, CO - Cross Creek",Aurora,Colorado,CO,Single Family Residential,6,557000.0000,0.06095238095,0.2108695652,544900.0000,0.01386175458,0.2055976547,162.7982,0.04039809717,0.3760398866,155.3346,0.001063864875,0.06601705869,7,0.0000,-0.3636,7,-0.1250,-0.4167,7,-0.1250,0.1667,1,0,NULL,NULL,NULL,NULL,17.5000,7.5,-68.5000,1.0534,0.02495349451,0.06414954056,0.7143,0.1428571429,0.4415584416,NULL,NULL,NULL,0.7143,0.08928571429,0.2976190476,"Denver, CO",19740,2025-08-01 14:37:32.7980000 +00:00,9964
2017-02-01,2017-04-30,90,neighborhood,1,535472,0,"Harrisburg, PA - Fox Ridge Historic District",Harrisburg,Pennsylvania,PA,All Residential,-1,76250.0000,-0.1285714286,NULL,79900.0000,0,NULL,64.2200,-0.1082589286,NULL,52.0833,0,NULL,2,1.0000,NULL,2,1.0000,NULL,3,0.0000,NULL,3,0,NULL,NULL,NULL,NULL,83.5000,-59.5,NULL,1.0564,0.02696078431,NULL,1.0000,0,NULL,NULL,NULL,NULL,0.0000,0,NULL,"Harrisburg, PA",25420,2025-08-01 14:37:32.7980000 +00:00,9965
2018-10-01,2018-12-31,90,neighborhood,1,178832,0,"New Orleans, LA - Irish Channel",New Orleans,Louisiana,LA,Condo/Co-op,3,292000.0000,0,-0.0347107438,397000.0000,-0.005012531328,-0.09567198178,212.7870,0,-0.1463269487,274.0204,0.03495941218,0.1249209653,3,0.0000,-0.2500,3,0.0000,-0.4000,8,0.1429,0.3333,15,0,-0.2857,NULL,NULL,NULL,496.0000,0,376.0000,0.9673,0,-0.03397154697,0.0000,0,-0.25,NULL,NULL,NULL,0.0000,0,-0.2,"New Orleans, LA",35380,2025-08-01 14:37:32.7980000 +00:00,9966
2022-07-01,2022-09-30,90,neighborhood,1,760537,0,"Fort Wayne, IN - Southeast Waynedale",Fort Wayne,Indiana,IN,All Residential,-1,155000.0000,0.02649006623,0.2916666667,145900.0000,0,0.04288777698,85.2668,0.01628240006,-0.130010093,99.6011,0.2728853524,-0.2481863945,5,-0.1667,1.5000,4,0.0000,1.0000,5,0.6667,4.0000,1,NULL,0.0000,NULL,NULL,NULL,4.0000,-0.5,-25.0000,1.0396,0.03999240942,0.05878442417,0.4000,0.06666666667,0.4,NULL,NULL,NULL,1.0000,0.25,1,"Fort Wayne, IN",23060,2025-08-01 14:37:32.7980000 +00:00,9967
2022-06-01,2022-08-31,90,neighborhood,1,198398,0,"Boardman, OH - Southwestern Place",Boardman,Ohio,OH,Condo/Co-op,3,199900.0000,0.1136490251,0.5556420233,NULL,NULL,NULL,109.4743,-0.07860927722,0.08122681737,NULL,NULL,NULL,1,-0.7500,-0.5000,NULL,NULL,NULL,NULL,NULL,NULL,NULL,NULL,NULL,NULL,NULL,NULL,70.0000,-9,36.5000,1.0000,0.02343258526,0.04754145226,0.0000,0,0,NULL,NULL,NULL,NULL,NULL,NULL,"Youngstown, OH",49660,2025-08-01 14:37:32.7980000 +00:00,9968
2019-08-01,2019-10-31,90,neighborhood,1,96503,0,"Kansas City, MO - Bridlespur",Kansas City,Missouri,MO,Single Family Residential,6,238750.0000,0.06111111111,0.1390744275,242450.0000,0.06571428571,0.1545238095,99.8621,-0.1368072531,0.004045279835,101.8061,-0.006825215143,-0.09387175845,6,-0.2500,-0.5714,NULL,NULL,NULL,10,-0.0909,-0.2857,NULL,NULL,NULL,NULL,NULL,NULL,18.0000,-5.5,-5.0000,NULL,NULL,NULL,NULL,NULL,NULL,NULL,NULL,NULL,0.5556,-0.06944444444,-0.1503267974,"Kansas City, MO",28140,2025-08-01 14:37:32.7980000 +00:00,9969
2024-10-01,2024-12-31,90,neighborhood,1,155968,0,"Salem, OR - Sunnyslope",Salem,Oregon,OR,All Residential,-1,429900.0000,0,-0.06339869281,439500.0000,0.0223307746,0.0223307746,281.2635,-0.02039933239,0.02185947269,275.6461,-0.01776511978,-0.02453050383,27,-0.0690,0.0800,24,-0.2000,-0.0400,20,-0.2000,-0.2000,27,-0.1818181818,0.2857,NULL,NULL,NULL,73.0000,9,22.0000,0.9957,-0.003191914843,0.003365396647,0.3333,-0.1149425287,0.1333333333,NULL,NULL,NULL,0.3333,0.1333333333,0.05333333333,"Salem, OR",41420,2025-08-01 14:37:32.7980000 +00:00,9970
2016-05-01,2016-07-31,90,neighborhood,1,58942,0,"Brookline, MA - Coolidge Corner",Brookline,Massachusetts,MA,Condo/Co-op,3,824000.0000,-0.05828571429,0.1671388102,719000.0000,-0.01371742112,0.1063240499,653.9120,0.00207225411,0.08810956224,619.9461,-0.05272237197,0.0547348556,80,0.2698,-0.1398,79,0.0000,-0.1319,81,-0.1099,-0.0581,26,0,0.6250,NULL,NULL,NULL,7.0000,0,-1.0000,1.0428,0.001220518153,-0.01405339724,0.6750,-0.03928571429,-0.07768817204,NULL,NULL,NULL,0.6456,-0.1265822785,-0.07970510502,"Boston, MA",14454,2025-08-01 14:37:32.7980000 +00:00,9971
2013-06-01,2013-08-31,90,neighborhood,1,764536,0,"North Highlands, CA - Oakdale",North Highlands,California,CA,Single Family Residential,6,135000.0000,0.05058365759,0.2134831461,140000.0000,0,0.1359026369,132.0281,0.1715296721,0.4301292602,128.1022,-0.04424621443,0.3148166852,26,0.2381,-0.1333,29,0.1154,-0.2162,26,0.1304,0.0000,9,-0.1818181818,0.0000,NULL,NULL,NULL,14.5000,-7.5,-19.5000,1.0079,0.003756657343,-0.02521565526,0.4615,0.03296703297,-0.07179487179,NULL,NULL,NULL,0.5862,-0.02917771883,0.2078285182,"Sacramento, CA",40900,2025-08-01 14:37:32.7980000 +00:00,9972
2020-06-01,2020-08-31,90,neighborhood,1,79091,0,"Englewood, NJ - Englewood South",Englewood,New Jersey,NJ,Condo/Co-op,3,446250.0000,0,0.02586206897,402500.0000,-0.04166666667,0.2205217465,306.8571,0,-0.03601019427,422.1854,0.1478995878,0.122363729,2,0.0000,-0.6000,3,2.0000,-0.2500,6,0.2000,1.0000,7,0.4,1.3333,NULL,NULL,NULL,192.5000,0,59.5000,0.9757,0,0.002297754619,0.0000,0,-0.2,NULL,NULL,NULL,0.0000,0,-0.25,"New York, NY",35614,2025-08-01 14:37:32.7980000 +00:00,9973
2021-07-01,2021-09-30,90,neighborhood,1,551806,0,"Lexington, KY - Rosemill",Lexington,Kentucky,KY,All Residential,-1,236250.0000,-0.1346153846,0.1117647059,254700.0000,0.02084168337,-0.0976085031,167.1052,0.03034642538,0.09798252477,174.3252,0.006109384176,0.2200685098,10,0.1111,0.2500,7,-0.3000,0.1667,8,-0.1111,0.3333,3,0.5,0.5000,NULL,NULL,NULL,13.0000,3,-17.0000,0.9920,-0.01109486684,0.01114106062,0.4000,-0.1555555556,0.025,NULL,NULL,NULL,0.7143,-0.08571428571,0.380952381,"Lexington, KY",30460,2025-08-01 14:37:32.7980000 +00:00,9974
2023-07-01,2023-09-30,90,neighborhood,1,761079,0,"Springfield, OH - Ridgewood",Springfield,Ohio,OH,Single Family Residential,6,226250.0000,0,0.02840909091,221500.0000,0.03990610329,-0.07612095933,125.2581,0.002096335621,0.01572908832,141.1572,0.2054152831,0.1305051409,8,0.0000,-0.3846,7,-0.2222,-0.4167,8,-0.1111,-0.4286,3,-0.25,-0.5714,NULL,NULL,NULL,34.0000,10.5,11.0000,1.0210,-0.005785438068,0.01817119243,0.7500,0,0.3653846154,NULL,NULL,NULL,0.5714,0.01587301587,0.1547619048,"Springfield, OH",44220,2025-08-01 14:37:32.7980000 +00:00,9975
2024-07-01,2024-09-30,90,neighborhood,1,548107,0,"Kings Beach, CA - Kingswood Estates",Kings Beach,California,CA,All Residential,-1,795000.0000,-0.192893401,0.2407335154,644900.0000,-0.1779477374,0.08386554622,517.8754,-0.05453627172,0.0330890083,458.6313,-0.09084115404,-0.1708534324,9,0.1250,1.2500,7,-0.2222,0.4000,9,-0.1000,0.0000,12,0.3333333333,0.3333,NULL,NULL,NULL,40.0000,0.5,-40.5000,0.9815,-0.002529137424,0.02363200243,0.2222,-0.02777777778,0.2222222222,NULL,NULL,NULL,0.1429,-0.1904761905,-0.05714285714,"Sacramento, CA",40900,2025-08-01 14:37:32.7980000 +00:00,9976
2025-03-01,2025-05-31,90,neighborhood,1,42139,0,"San Rafael, CA - Peacock Gap",San Rafael,California,CA,Condo/Co-op,3,1178000.0000,0,0.04711111111,1351000.0000,0.1400843882,NULL,744.6271,0,0.4243888187,629.5433,-0.1595463643,NULL,1,0.0000,0.0000,1,0.0000,0.0000,1,0.0000,NULL,1,NULL,NULL,NULL,NULL,NULL,36.0000,0,-62.0000,0.9941,0,0.05581092542,0.0000,0,0,NULL,NULL,NULL,0.0000,0,0,"San Rafael, CA",42034,2025-08-01 14:37:32.7980000 +00:00,9977
2020-02-01,2020-04-30,90,neighborhood,1,760577,0,"South Bend, IN - Western Avenue",South Bend,Indiana,IN,Single Family Residential,6,27500.0000,0.1982570806,0.6176470588,72495.0000,0.03712446352,2.62475,20.2020,0.01471224578,0.3041526375,39.3775,0.08161331174,0.4223305485,3,-0.2500,-0.4000,3,-0.2500,-0.4000,2,-0.3333,-0.6000,3,0.5,-0.6667,NULL,NULL,NULL,62.0000,11.5,46.0000,0.8659,-0.0335368802,-0.007865559058,0.0000,0,0,NULL,NULL,NULL,0.0000,0,-0.4,"South Bend, IN",43780,2025-08-01 14:37:32.7980000 +00:00,9978
2020-12-01,2021-02-28,90,neighborhood,1,697208,0,"Myrtle Grove, FL - Heritage Lakes",Myrtle Grove,Florida,FL,Single Family Residential,6,272000.0000,0,0.36,242450.0000,-0.0100040833,-0.1763207066,116.7568,0,0.4594594595,98.4340,-0.01329705436,-0.121281855,3,0.0000,2.0000,3,0.0000,2.0000,2,-0.6000,0.0000,5,0,0.0000,NULL,NULL,NULL,47.0000,0,-204.0000,0.9843,0,0.03193277311,0.0000,0,0,NULL,NULL,NULL,0.0000,0,0,"Pensacola, FL",37860,2025-08-01 14:37:32.7980000 +00:00,9979
2014-04-01,2014-06-30,90,neighborhood,1,106798,0,"Omaha, NE - Central Omaha",Omaha,Nebraska,NE,All Residential,-1,175000.0000,0.1456628478,-0.005681818182,189950.0000,-0.07341463415,-0.05025,96.9499,0.08388979081,0.1246187364,96.2056,-0.01911238652,-0.01312847163,116,0.2083,0.0642,114,0.2000,0.0556,151,0.0414,0.0863,85,0.1038961039,-0.1237,NULL,NULL,NULL,23.5000,-9.5,-6.5000,0.9705,0.004154730201,-0.001308561965,0.2069,0.02981321839,0.0601075609,NULL,NULL,NULL,0.0000,0,0,"Omaha, NE",36540,2025-08-01 14:37:32.7980000 +00:00,9980
2016-06-01,2016-08-31,90,neighborhood,1,349364,0,"Woods Cross, UT - Mills Park Neighborhood",Woods Cross,Utah,UT,Single Family Residential,6,262900.0000,-0.03787740165,-0.009419743783,269990.0000,0.03862281208,0.04444874275,137.4498,0.001770841345,0.1100313901,140.7909,-0.00528787762,0.1808425146,18,0.0000,0.8000,21,0.0500,1.1000,21,0.1667,1.1000,3,-0.25,-0.2500,NULL,NULL,NULL,7.5000,-0.5,-1.5000,1.0013,-0.0005924590124,0.003905668213,0.4444,0.05555555556,0.04444444444,NULL,NULL,NULL,0.7143,0.01428571429,0.7142857143,"Ogden, UT",36260,2025-08-01 14:37:32.7980000 +00:00,9981
2024-06-01,2024-08-31,90,neighborhood,1,111043,0,"West Covina, CA - Galaxie",West Covina,California,CA,Single Family Residential,6,875000.0000,0.05421686747,0.06837606838,963940.0000,0.102275586,0.2700131752,551.6338,-0.02301007308,0.1228936643,524.9748,-0.04945621241,-0.08399453736,4,0.3333,-0.3333,2,-0.5000,-0.3333,2,-0.5000,-0.3333,NULL,NULL,NULL,NULL,NULL,NULL,19.5000,-6.5,-25.5000,1.0123,0.003679106939,-0.03887261839,0.7500,0.08333333333,0.08333333333,NULL,NULL,NULL,1.0000,0.25,0.6666666667,"Los Angeles, CA",31084,2025-08-01 14:37:32.7980000 +00:00,9982
2013-02-01,2013-04-30,90,neighborhood,1,697607,0,"Pensacola, FL - Inverness",Pensacola,Florida,FL,All Residential,-1,301000.0000,0.06172839506,-0.059375,306500.0000,0.02542656407,-0.1114654298,111.7336,0.1233761979,-0.1623473913,122.8525,0.002401124524,0.09657308284,4,1.0000,3.0000,4,1.0000,3.0000,5,0.0000,4.0000,8,0,1.6667,NULL,NULL,NULL,221.0000,101.5,174.0000,0.9623,0.01558229206,-0.03772254422,0.0000,0,0,NULL,NULL,NULL,0.0000,0,0,"Pensacola, FL",37860,2025-08-01 14:37:32.7980000 +00:00,9983
2021-04-01,2021-06-30,90,neighborhood,1,107919,0,"Enterprise, NV - Southern Highlands",Enterprise,Nevada,NV,Townhouse,13,360000.0000,0,0.2,348000.0000,0,0.1756756757,164.3836,0,0.05242028874,182.6479,0,0.05145979267,1,0.0000,-0.5000,2,0.0000,0.0000,3,0.0000,2.0000,1,-0.5,0.0000,NULL,NULL,NULL,14.0000,0,-50.5000,1.0345,0,0.05868746893,1.0000,0,1,NULL,NULL,NULL,1.0000,0,1,"Las Vegas, NV",29820,2025-08-01 14:37:32.7980000 +00:00,9984
2022-11-01,2023-01-31,90,neighborhood,1,351322,0,"Barberton, OH - East Downtown Barberton",Barberton,Ohio,OH,Multi-Family (2-4 Unit),4,95000.0000,0,NULL,NULL,NULL,NULL,59.3750,0,NULL,NULL,NULL,NULL,1,0.0000,NULL,NULL,NULL,NULL,NULL,NULL,NULL,NULL,NULL,NULL,NULL,NULL,NULL,36.0000,0,NULL,0.9510,0,NULL,0.0000,0,NULL,NULL,NULL,NULL,NULL,NULL,NULL,"Akron, OH",10420,2025-08-01 14:37:32.7980000 +00:00,9985
2019-12-01,2020-02-29,90,neighborhood,1,740,0,"Riverside, CA - Downtown Riverside",Riverside,California,CA,Multi-Family (2-4 Unit),4,338000.0000,0,-0.4739299611,470000.0000,0.175,-0.4777197466,324.6878,0,-0.2715480588,261.1534,0.2927094668,-0.01331075234,1,0.0000,-0.5000,3,2.0000,0.0000,5,4.0000,4.0000,5,0.6666666667,4.0000,NULL,NULL,NULL,83.0000,0,-14.0000,0.9797,0,0.05709494207,0.0000,0,0,NULL,NULL,NULL,0.6667,0.6666666667,0.6666666667,"Riverside, CA",40140,2025-08-01 14:37:32.7980000 +00:00,9986
2021-08-01,2021-10-31,90,neighborhood,1,35693,0,"Fort Worth, TX - Historic Southside",Fort Worth,Texas,TX,Single Family Residential,6,188000.0000,-0.01052631579,0.4461538462,230000.0000,0.1589821114,0.7692307692,145.3136,0.002453497661,0.6275127374,156.6667,0.02281627408,0.2278982972,10,0.1111,0.4286,14,0.0769,-0.1250,7,-0.4167,-0.3636,9,-0.25,-0.1000,NULL,NULL,NULL,40.0000,10,4.0000,0.9779,-0.04186856554,0.01129357825,0.4000,-0.1555555556,-0.02857142857,NULL,NULL,NULL,0.4286,-0.1098901099,-0.008928571429,"Fort Worth, TX",23104,2025-08-01 14:37:32.7980000 +00:00,9987
2024-02-01,2024-04-30,90,neighborhood,1,131651,0,"Miami Gardens, FL - Walden",Miami Gardens,Florida,FL,Single Family Residential,6,661000.0000,0,NULL,NULL,NULL,NULL,245.1780,0,NULL,NULL,NULL,NULL,1,0.0000,NULL,NULL,NULL,NULL,NULL,NULL,NULL,NULL,NULL,NULL,NULL,NULL,NULL,74.0000,0,NULL,0.9511,0,NULL,0.0000,0,NULL,NULL,NULL,NULL,NULL,NULL,NULL,"Miami, FL",33124,2025-08-01 14:37:32.7980000 +00:00,9988
2019-10-01,2019-12-31,90,neighborhood,1,180626,0,"Virginia Beach, VA - Level Green",Virginia Beach,Virginia,VA,Condo/Co-op,3,250000.0000,0.3679890561,0.4409221902,213450.0000,-0.1462,0.487456446,141.3228,0.1151542973,0.07095144052,156.9775,0.08899314677,0.3198336641,3,0.5000,-0.2500,3,0.5000,0.5000,4,0.3333,1.0000,1,NULL,0.0000,NULL,NULL,NULL,14.0000,-13.5,-45.5000,0.8881,0.05791096313,-0.109242989,0.3333,0.3333333333,0.08333333333,NULL,NULL,NULL,0.6667,0.1666666667,0.6666666667,"Virginia Beach, VA",47260,2025-08-01 14:37:32.7980000 +00:00,9989
2015-10-01,2015-12-31,90,neighborhood,1,497101,0,"Franklin, TN - West Harpeth",Franklin,Tennessee,TN,Townhouse,13,175000.0000,0.005747126437,NULL,199900.0000,0.1111790505,NULL,158.8022,0.008010489865,NULL,141.9744,-0.1303129875,NULL,1,-0.5000,NULL,2,1.0000,NULL,1,0.0000,NULL,1,NULL,NULL,NULL,NULL,NULL,77.0000,16.5,NULL,0.9728,0.01881645903,NULL,0.0000,0,NULL,NULL,NULL,NULL,0.5000,0.5,NULL,"Nashville, TN",34980,2025-08-01 14:37:32.7980000 +00:00,9990
2018-04-01,2018-06-30,90,neighborhood,1,548054,0,"Rockford, IL - Park Village",Rockford,Illinois,IL,All Residential,-1,12000.0000,0,NULL,35900.0000,1.393333333,NULL,NULL,NULL,NULL,38.8108,NULL,NULL,2,0.0000,NULL,2,0.0000,NULL,1,-0.5000,NULL,1,NULL,NULL,NULL,NULL,NULL,18.0000,0,NULL,0.8000,0,NULL,0.0000,0,NULL,NULL,NULL,NULL,0.0000,0,NULL,"Rockford, IL",40420,2025-08-01 14:37:32.7980000 +00:00,9991
2019-05-01,2019-07-31,90,neighborhood,1,550054,0,"Barrington, RI - Peck Corner",Barrington,Rhode Island,RI,All Residential,-1,326000.0000,0.09030100334,-0.199017199,354450.0000,0.01300371535,-0.1803676726,188.1687,0,-0.138481565,219.0748,0.02180623035,-0.008601738829,3,2.0000,-0.4000,5,0.6667,0.6667,6,1.0000,0.5000,4,1,1.0000,NULL,NULL,NULL,52.0000,0,22.0000,1.0010,0.001025641026,-0.1334790597,0.3333,0.3333333333,-0.06666666667,NULL,NULL,NULL,0.6000,0.2666666667,-0.4,"Providence, RI",39300,2025-08-01 14:37:32.7980000 +00:00,9992
2017-09-01,2017-11-30,90,neighborhood,1,551642,0,"Marco Island, FL - Isles of Capri",Marco Island,Florida,FL,All Residential,-1,712500.0000,0,0.3941884356,337000.0000,-0.4373956594,-0.6306849315,569.4444,0,0.957595992,303.7211,-0.2054409555,-0.2618874817,2,0.0000,0.0000,3,2.0000,0.5000,8,0.3333,1.0000,16,0.06666666667,-0.1111,NULL,NULL,NULL,38.0000,0,-116.0000,0.9219,0,0.04214309966,0.0000,0,0,NULL,NULL,NULL,0.0000,0,-0.5,"Naples, FL",34940,2025-08-01 14:37:32.7980000 +00:00,9993
2014-04-01,2014-06-30,90,neighborhood,1,92888,0,"Blue Springs, MO - Brookwood Village",Blue Springs,Missouri,MO,Condo/Co-op,3,38600.0000,NULL,NULL,NULL,NULL,NULL,26.8056,NULL,NULL,NULL,NULL,NULL,1,0.0000,NULL,NULL,NULL,NULL,NULL,NULL,NULL,NULL,NULL,NULL,NULL,NULL,NULL,104.0000,NULL,NULL,NULL,NULL,NULL,NULL,NULL,NULL,NULL,NULL,NULL,0.0000,NULL,NULL,"Kansas City, MO",28140,2025-08-01 14:37:32.7980000 +00:00,9994
2021-12-01,2022-02-28,90,neighborhood,1,767055,0,"Marion, IN - Emily Flynn",Marion,Indiana,IN,Single Family Residential,6,32500.0000,0.7567567568,-0.362745098,72000.0000,1,NULL,18.0756,0.6281367773,-0.6583349691,45.0000,1.2475,NULL,3,0.5000,2.0000,3,0.5000,2.0000,1,0.0000,NULL,1,NULL,-0.5000,NULL,NULL,NULL,892.0000,-609,821.0000,0.9514,0.04861111111,0.02242714026,0.0000,0,0,NULL,NULL,NULL,0.0000,0,0,"Marion, IN",31980,2025-08-01 14:37:32.7980000 +00:00,9995
2012-12-01,2013-02-28,90,neighborhood,1,548331,0,"Scottsdale, AZ - Central Scottsdale",Scottsdale,Arizona,AZ,Condo/Co-op,3,158000.0000,0.08965517241,0.2252811167,175000.0000,0,0.2967765839,139.3939,0.02388826037,0.2209837423,158.3353,0.01906040553,0.2924120497,51,-0.0192,-0.0192,72,0.1429,-0.1529,94,0.0805,0.1325,96,0.1428571429,0.2308,NULL,NULL,NULL,40.0000,2.5,-17.0000,0.9681,0.002824112356,-0.00431543136,0.0392,-0.05693815988,-0.1723227753,NULL,NULL,NULL,0.3333,0.06349206349,-0.07843137255,"Phoenix, AZ",38060,2025-08-01 14:37:32.7980000 +00:00,9996
2014-01-01,2014-03-31,90,neighborhood,1,172204,0,"Garland, TX - Creekside Village",Garland,Texas,TX,All Residential,-1,200000.0000,0.1204481793,0.09589041096,209450.0000,0.08861746362,0.05251256281,73.5835,-0.07470602902,-0.08393560938,95.9246,0.005709991723,0.09517965699,1,-0.5000,0.0000,4,3.0000,3.0000,4,1.0000,3.0000,5,0.6666666667,NULL,NULL,NULL,NULL,116.0000,47.5,53.0000,0.9569,0.002711323764,0.03985237191,0.0000,0,0,NULL,NULL,NULL,0.7500,0.75,0.75,"Dallas, TX",19124,2025-08-01 14:37:32.7980000 +00:00,9997
2025-02-01,2025-04-30,90,neighborhood,1,2142,0,"Oakland, CA - Piedmont Pines",Oakland,California,CA,All Residential,-1,1510000.0000,0.02826012938,-0.01307189542,1199500.0000,0.002507312996,-0.07374517375,639.7370,-0.0003173789534,-0.05040403124,504.0245,0,-0.09205748641,18,0.2857,0.0588,19,0.1176,0.0556,32,0.2308,0.8824,15,0.25,4.0000,NULL,NULL,NULL,14.0000,0.5,1.0000,1.2234,-0.03149577115,0.03095721749,0.7778,-0.07936507937,-0.1045751634,NULL,NULL,NULL,0.6316,0.04334365325,0.07602339181,"Oakland, CA",36084,2025-08-01 14:37:32.7980000 +00:00,9998
2024-05-01,2024-07-31,90,neighborhood,1,556476,0,"Ashwaubenon, WI - Smith Park",Ashwaubenon,Wisconsin,WI,Single Family Residential,6,300000.0000,0,0.09090909091,315000.0000,0,0.1891279728,172.1911,0,0.04827095291,161.4292,0,0.05608448481,5,0.0000,-0.1667,5,-0.2857,-0.3750,5,0.0000,-0.4444,1,-0.5,-0.8333,NULL,NULL,NULL,35.0000,0,-5.5000,1.0337,0.01154918002,-0.0708426189,0.8000,0.2,-0.2,NULL,NULL,NULL,1.0000,0.1428571429,0.25,"Green Bay, WI",24580,2025-08-01 14:37:32.7980000 +00:00,9999
2013-12-01,2014-02-28,90,neighborhood,1,162831,0,"Overland Park, KS - South Lake",Overland Park,Kansas,KS,Single Family Residential,6,89000.0000,0,-0.4654654655,139900.0000,-0.0512037979,0.08871595331,52.6005,0,-0.3637396262,67.0340,-0.1583711866,-0.2855493435,1,0.0000,0.0000,NULL,NULL,NULL,1,-0.5000,-0.8750,NULL,NULL,NULL,NULL,NULL,NULL,144.0000,0,95.0000,NULL,NULL,NULL,NULL,NULL,NULL,NULL,NULL,NULL,0.0000,0,0,"Kansas City, MO",28140,2025-08-01 14:37:32.7980000 +00:00,10000
2024-06-01,2024-08-31,90,neighborhood,1,707870,0,"Fayetteville, AR - Fayetteville Country Club",Fayetteville,Arkansas,AR,Single Family Residential,6,650000.0000,-0.03703703704,0.2782694199,499500.0000,-0.1309264898,-0.2598903541,227.8250,0.01987730446,0.0700308349,222.2717,0.06450637728,-0.0126734574,3,-0.2500,0.5000,6,0.5000,0.5000,5,0.2500,1.5000,NULL,NULL,NULL,NULL,NULL,NULL,16.0000,-10,-18.5000,0.9961,0.01091772938,0.005463634603,0.3333,0.08333333333,0.3333333333,NULL,NULL,NULL,0.5000,0,0,"Fayetteville, AR",22220,2025-08-01 14:37:32.7980000 +00:00,10001
2014-11-01,2015-01-31,90,neighborhood,1,766428,0,"Stillwater, MN - Downtown Stillwater",Stillwater,Minnesota,MN,All Residential,-1,192250.0000,-0.1956066946,-0.4732876712,274900.0000,0.7920469361,-0.2353268428,184.0033,-0.003844081565,0.03639478236,181.9505,0.3327494394,0.07615667187,6,-0.3333,-0.1429,8,0.3333,0.1429,7,0.1667,0.7500,17,0.2142857143,0.7000,NULL,NULL,NULL,43.5000,-5.5,-72.5000,0.9713,0.008564542905,0.0327616107,0.1667,0.1666666667,0.1666666667,NULL,NULL,NULL,0.1250,-0.04166666667,-0.01785714286,"Minneapolis, MN",33460,2025-08-01 14:37:32.7980000 +00:00,10002
2025-04-01,2025-06-30,90,neighborhood,1,555112,0,"Saratoga Springs, NY - North Broadway",Saratoga Springs,New York,NY,Single Family Residential,6,3724500.0000,0.8631815908,NULL,4324500.0000,-0.01097770154,NULL,670.2841,0.1222816127,NULL,1442.9622,0.7587160709,NULL,2,1.0000,NULL,2,-0.3333,NULL,2,-0.5000,NULL,3,0,NULL,NULL,NULL,NULL,31.0000,27,NULL,0.9739,-0.02608695652,NULL,0.0000,0,NULL,NULL,NULL,NULL,0.0000,-0.3333333333,NULL,"Albany, NY",10580,2025-08-01 14:37:32.7980000 +00:00,10003
2015-03-01,2015-05-31,90,neighborhood,1,182029,0,"Baltimore, MD - Kenilworth Park",Baltimore,Maryland,MD,All Residential,-1,34900.0000,0,-0.5152777778,49950.0000,0.4734513274,-0.4954545455,30.0481,0,-0.5158366343,45.7669,0.2692698413,-0.4655900581,7,0.0000,2.5000,8,0.1429,0.3333,4,-0.2000,-0.2000,8,0.3333333333,0.3333,NULL,NULL,NULL,42.0000,0,-38.0000,0.9013,0.0003174603175,0.01045129822,0.1429,0,0.1428571429,NULL,NULL,NULL,0.1250,-0.01785714286,-0.2083333333,"Baltimore, MD",12580,2025-08-01 14:37:32.7980000 +00:00,10004
2025-02-01,2025-04-30,90,neighborhood,1,47922,0,"Levittown, PA - Quincy Hollow",Levittown,Pennsylvania,PA,Single Family Residential,6,416500.0000,0,0.08888888889,399900.0000,0,0,321.5686,-0.0156062425,0.07189542484,312.9412,0,0.0390625,3,2.0000,-0.2500,3,0.0000,-0.2500,3,0.0000,-0.4000,NULL,NULL,NULL,NULL,NULL,NULL,6.0000,0,-20.0000,1.0230,-0.02082099472,0.01453439769,0.6667,-0.3333333333,0.1666666667,NULL,NULL,NULL,0.6667,0,-0.08333333333,"Montgomery County, PA",33874,2025-08-01 14:37:32.7980000 +00:00,10005
2021-01-01,2021-03-31,90,neighborhood,1,65013,0,"Taunton, MA - East Taunton",Taunton,Massachusetts,MA,Single Family Residential,6,367500.0000,-0.03416557162,0.2164846077,382400.0000,0.09257142857,0.1591391331,241.2955,0.06074528738,0.2455331489,257.5825,0.01440329242,0.09310568034,6,-0.4000,0.0000,10,0.6667,4.0000,12,1.0000,3.0000,4,1,3.0000,NULL,NULL,NULL,15.5000,-4.5,-3.5000,1.0136,0.009451637766,-0.0288079034,0.6667,0.06666666667,0,NULL,NULL,NULL,1.0000,0,0,"Providence, RI",39300,2025-08-01 14:37:32.7980000 +00:00,10006
2014-01-01,2014-03-31,90,neighborhood,1,719592,0,"Walla Walla, WA - Spring Grove",Walla Walla,Washington,WA,Single Family Residential,6,175500.0000,-0.04619565217,0.8092783505,309500.0000,0,NULL,91.3124,0.4927588933,-0.3184519332,160.3991,0,NULL,2,1.0000,1.0000,2,1.0000,1.0000,2,0.0000,NULL,1,-0.5,-0.5000,NULL,NULL,NULL,72.5000,-36.5,-39.5000,0.9796,0.008594713588,-0.0002270129122,0.0000,0,0,NULL,NULL,NULL,0.0000,0,0,"Walla Walla, WA",47460,2025-08-01 14:37:32.7980000 +00:00,10007
2015-05-01,2015-07-31,90,neighborhood,1,698396,0,"Pensacola, FL - West Side Sunshine",Pensacola,Florida,FL,All Residential,-1,13000.0000,NULL,NULL,22499.5000,NULL,NULL,9.8039,NULL,NULL,31.1799,NULL,NULL,1,0.0000,NULL,1,NULL,NULL,4,NULL,NULL,3,NULL,NULL,NULL,NULL,NULL,84.0000,NULL,NULL,1.0000,NULL,NULL,0.0000,NULL,NULL,NULL,NULL,NULL,0.0000,NULL,NULL,"Pensacola, FL",37860,2025-08-01 14:37:32.7980000 +00:00,10008
2020-10-01,2020-12-31,90,neighborhood,1,548491,0,"Euless, TX - Villages of Bear Creek",Euless,Texas,TX,All Residential,-1,360000.0000,-0.1529411765,0.1612903226,342495.0000,-0.06163182553,-0.2594718714,160.8352,0.008773503216,0.1243573718,163.5279,-0.001603498542,-0.04915603395,12,0.3333,0.0909,12,0.0909,1.0000,8,-0.1111,1.0000,2,-0.5,NULL,NULL,NULL,NULL,21.0000,2,-9.0000,0.9834,-0.009052499397,0.01284181938,0.0833,-0.1388888889,-0.007575757576,NULL,NULL,NULL,0.6667,-0.06060606061,0.3333333333,"Fort Worth, TX",23104,2025-08-01 14:37:32.7980000 +00:00,10009
2015-03-01,2015-05-31,90,neighborhood,1,467128,0,"Eau Claire, WI - Third Ward",Eau Claire,Wisconsin,WI,All Residential,-1,199950.0000,0.03067010309,NULL,179900.0000,-0.05265929437,NULL,99.8330,0.02044689327,NULL,89.1667,0.125804301,NULL,6,-0.1429,NULL,8,0.0000,NULL,13,0.0833,NULL,15,0.25,NULL,NULL,NULL,NULL,44.0000,-36,NULL,0.9899,0.02315094698,NULL,0.1667,0.1666666667,NULL,NULL,NULL,NULL,0.1250,0,NULL,"Eau Claire, WI",20740,2025-08-01 14:37:32.7980000 +00:00,10010
2016-08-01,2016-10-31,90,neighborhood,1,398134,0,"Fort Pierce, FL - Downtown Fort Pierce",Fort Pierce,Florida,FL,All Residential,-1,320000.0000,NULL,8.014084507,139500.0000,NULL,-0.7181818182,163.4321,NULL,6.11735171,135.3981,NULL,-0.4633310563,1,0.0000,0.0000,1,NULL,-0.5000,2,NULL,-0.6000,7,NULL,0.1667,NULL,NULL,NULL,1170.0000,NULL,1120.0000,0.8000,NULL,-0.2,0.0000,NULL,0,NULL,NULL,NULL,0.0000,NULL,0,"Port St. Lucie, FL",38940,2025-08-01 14:37:32.7980000 +00:00,10011
2020-07-01,2020-09-30,90,neighborhood,1,103782,0,"Tanque Verde, AZ - Fetzer Ranch",Tanque Verde,Arizona,AZ,All Residential,-1,1370000.0000,0,NULL,1749000.0000,0,NULL,297.6320,0,NULL,264.5191,-0.1240422907,NULL,1,0.0000,NULL,NULL,NULL,NULL,1,-0.6667,NULL,2,0,NULL,NULL,NULL,NULL,20.0000,0,NULL,0.9856,0,NULL,0.0000,0,NULL,NULL,NULL,NULL,NULL,NULL,NULL,"Tucson, AZ",46060,2025-08-01 14:37:32.7980000 +00:00,10012
2023-02-01,2023-04-30,90,neighborhood,1,497628,0,"Honolulu, HI - Punchbowl",Honolulu,Hawaii,HI,Condo/Co-op,3,350000.0000,0,-0.3006993007,665000.0000,0.33,0.03100775194,716.7300,0,0.107412557,574.2131,-0.1145633431,0.0738337427,2,0.0000,-0.6000,3,0.5000,-0.4000,4,-0.2000,-0.5000,4,0,0.0000,NULL,NULL,NULL,51.5000,0,36.5000,0.9756,0,-0.05133232992,0.0000,0,-0.8,NULL,NULL,NULL,0.0000,0,-0.2,"Honolulu, HI",46520,2025-08-01 14:37:32.7980000 +00:00,10013
2024-03-01,2024-05-31,90,neighborhood,1,551089,0,"Newark, NJ - Montrose Park",Newark,New Jersey,NJ,All Residential,-1,1225000.0000,-0.02,0.1045987376,932000.0000,-0.01894736842,0.04777965149,441.8518,0.005721344564,0.2404469265,369.3551,-0.08310242776,0.2325271636,8,0.6000,-0.3333,14,0.4000,0.2727,14,0.5556,0.1667,2,0,-0.6667,NULL,NULL,NULL,13.0000,4,-20.0000,1.0923,-0.02911384969,0.009163979947,0.7500,-0.05,0.25,NULL,NULL,NULL,0.6429,0.04285714286,0.1883116883,"Newark, NJ",35084,2025-08-01 14:37:32.7980000 +00:00,10014
2020-09-01,2020-11-30,90,neighborhood,1,151933,0,"Columbus, OH - Cranbrook",Columbus,Ohio,OH,Single Family Residential,6,274950.0000,0.01833333333,0.122244898,289950.0000,0.0359056806,0.1959166839,202.8086,0.0256101988,0.2837270642,199.5855,-0.01351856558,0.2480539538,6,-0.4545,-0.5714,7,0.0000,-0.3636,6,0.2000,-0.4000,2,0,-0.5000,NULL,NULL,NULL,31.0000,-2,-6.0000,1.0058,-0.0004515638273,0.0125121151,0.3333,-0.0303030303,-0.02380952381,NULL,NULL,NULL,1.0000,0.1428571429,0.1818181818,"Columbus, OH",18140,2025-08-01 14:37:32.7980000 +00:00,10015
2016-04-01,2016-06-30,90,neighborhood,1,480549,0,"Claremont, NH - South End",Claremont,New Hampshire,NH,Single Family Residential,6,142000.0000,0.02898550725,0.5865921788,112000.0000,-0.1942446043,-0.2774193548,69.2568,0.01951342576,0.4891819151,68.9873,0,-0.0929277256,15,0.3636,0.5000,20,0.1111,0.5385,15,-0.2105,-0.2105,27,-0.15625,-0.3250,NULL,NULL,NULL,154.0000,-38,-16.5000,0.9727,0.006348541967,0.06051026761,0.2000,0.01818181818,0,NULL,NULL,NULL,0.1000,-0.01111111111,0.1,"Lebanon, NH",30100,2025-08-01 14:37:32.7980000 +00:00,10016
2023-06-01,2023-08-31,90,neighborhood,1,555258,0,"Concord, NH - Penacook",Concord,New Hampshire,NH,Townhouse,13,280000.0000,0.02752293578,0.1666666667,279000.0000,0.03333333333,0.1505154639,261.6822,0.04499339572,0.224943603,242.9907,0,0.2409476201,9,0.1250,-0.1818,7,-0.4167,-0.3000,7,-0.2222,-0.3000,NULL,NULL,NULL,NULL,NULL,NULL,8.5000,2.5,2.5000,1.0431,0.001487680373,-0.01566437309,0.8889,-0.1111111111,0.1616161616,NULL,NULL,NULL,1.0000,0.08333333333,0.1,"Concord, NH",18180,2025-08-01 14:37:32.7980000 +00:00,10017
2019-06-01,2019-08-31,90,neighborhood,1,306314,0,"Frankfort, IL - Cardinal Lake",Frankfort,Illinois,IL,Single Family Residential,6,429500.0000,0,0.03493975904,447450.0000,0,0.2463788301,130.1796,0.04719528039,0.0778240032,136.4474,0,0.05737250087,5,0.0000,0.6667,2,-0.5000,NULL,4,0.0000,3.0000,2,-0.3333333333,-0.3333,NULL,NULL,NULL,50.0000,-65,7.0000,0.9676,0.007975442024,-0.007599105162,0.0000,0,0,NULL,NULL,NULL,0.5000,0.25,NULL,"Chicago, IL",16984,2025-08-01 14:37:32.7980000 +00:00,10018
2015-12-01,2016-02-29,90,neighborhood,1,351915,0,"Los Angeles, CA - The Venice del Rey",Los Angeles,California,CA,All Residential,-1,1000500.0000,-0.16625,0.2826923077,972000.0000,-0.06985645933,0.2672750978,990.7178,0.1401510417,0.608121609,947.0937,0.1273738076,0.252009755,2,-0.3333,-0.3333,1,-0.5000,-0.5000,6,0.5000,2.0000,4,1,3.0000,NULL,NULL,NULL,10.5000,-0.5,-22.5000,1.1554,0.07339235664,0.2234343901,1.0000,0.3333333333,1,NULL,NULL,NULL,1.0000,0,0.5,"Los Angeles, CA",31084,2025-08-01 14:37:32.7980000 +00:00,10019
2022-09-01,2022-11-30,90,neighborhood,1,496120,0,"Tumwater, WA - Tumwater Hill",Tumwater,Washington,WA,Condo/Co-op,3,465000.0000,0,0.1481481481,NULL,NULL,NULL,266.6284,0,0.1468314645,NULL,NULL,NULL,1,0.0000,0.0000,NULL,NULL,NULL,NULL,NULL,NULL,1,0,NULL,NULL,NULL,NULL,5.0000,0,0.0000,1.0109,0,-0.05520045321,1.0000,0,0,NULL,NULL,NULL,NULL,NULL,NULL,"Olympia, WA",36500,2025-08-01 14:37:32.7980000 +00:00,10020
2022-06-01,2022-08-31,90,neighborhood,1,179930,0,"Chesapeake, VA - Ahoy Acres",Chesapeake,Virginia,VA,Single Family Residential,6,269000.0000,0.05697445972,0.1955555556,260000.0000,0,0.2380952381,196.5602,-0.02568354389,0.2324603794,162.5000,-0.09485929347,-0.01726190476,3,0.5000,-0.4000,4,0.0000,0.3333,3,-0.2500,0.0000,NULL,NULL,NULL,NULL,NULL,NULL,25.0000,2,17.0000,1.0237,0.006351981352,-0.005665838015,0.6667,0.1666666667,-0.3333333333,NULL,NULL,NULL,1.0000,0,0,"Virginia Beach, VA",47260,2025-08-01 14:37:32.7980000 +00:00,10021
2025-04-01,2025-06-30,90,neighborhood,1,84333,0,"Spotswood, NJ - Gillilandtown",Spotswood,New Jersey,NJ,Single Family Residential,6,457500.0000,0.05172413793,-0.1711956522,437500.0000,-0.2647058824,-0.146091539,338.9831,0.005782652044,0.02131697805,326.9917,0.03042255155,0.01797671944,24,0.2632,-0.1724,28,0.0000,-0.2222,26,-0.0370,-0.2778,20,0.1764705882,-0.0909,NULL,NULL,NULL,52.5000,-5.5,-3.5000,1.0530,0.02167106402,-0.02112357037,0.9167,0.1271929825,-0.04885057471,NULL,NULL,NULL,0.4286,-0.03571428571,-0.07142857143,"New Brunswick, NJ",35154,2025-08-01 14:37:32.7980000 +00:00,10022
2019-06-01,2019-08-31,90,neighborhood,1,767461,0,"Cupertino, CA - North Blaney",Cupertino,California,CA,Single Family Residential,6,2460000.0000,0.2118226601,0.1941747573,2224000.0000,-0.09224489796,0.03489995347,941.8730,-0.0517914438,-0.235352914,951.5858,-0.04131221099,-0.1674870651,3,0.5000,-0.4000,1,-0.6667,-0.8333,2,-0.6000,-0.5000,1,0,-0.5000,NULL,NULL,NULL,8.0000,-10,-2.0000,1.0440,0.01370961529,-0.05523848202,0.6667,0.1666666667,-0.1333333333,NULL,NULL,NULL,1.0000,0,0.6666666667,"San Jose, CA",41940,2025-08-01 14:37:32.7980000 +00:00,10023
2014-08-01,2014-10-31,90,neighborhood,1,87544,0,"Bethlehem, PA - Elm Street District",Bethlehem,Pennsylvania,PA,All Residential,-1,111000.0000,0.009090909091,0.1808510638,120000.0000,-0.05063291139,0.06951871658,61.9789,-0.03080702701,0.07099593734,74.5419,-0.0008359860712,0.08970697185,12,-0.4000,-0.0769,13,-0.3500,0.0000,33,0.1786,0.6500,41,0.1081081081,0.2424,NULL,NULL,NULL,107.0000,8,51.0000,0.9427,-0.005328141326,0.001564596541,0.2500,0.05,0.01923076923,NULL,NULL,NULL,0.0769,0.07692307692,0.07692307692,"Allentown, PA",10900,2025-08-01 14:37:32.7980000 +00:00,10024
2020-06-01,2020-08-31,90,neighborhood,1,77682,0,"Newark, NJ - Upper Clinton Hill",Newark,New Jersey,NJ,Single Family Residential,6,285000.0000,0.0775047259,0.1875,305000.0000,0.04469943483,0.8351383875,102.6155,0.04760015748,1.473578975,95.7723,0.05204650638,0.4041807899,13,0.0833,0.0000,15,0.0000,-0.1176,20,0.1111,-0.2308,19,0.05555555556,-0.3214,NULL,NULL,NULL,80.5000,-0.5,-14.5000,1.0165,-0.009942397519,0.05986966641,0.4615,-0.2051282051,0.1538461538,NULL,NULL,NULL,0.1333,0,0.1333333333,"Newark, NJ",35084,2025-08-01 14:37:32.7980000 +00:00,10025
2018-02-01,2018-04-30,90,neighborhood,1,178960,0,"Portland, ME - Nasons Corner",Portland,Maine,ME,All Residential,-1,289000.0000,0.1555008236,0.229787234,259900.0000,-0.0816254417,0.0400160064,207.0783,-0.02632415494,0.4010831815,200.4841,0,0.2072315592,10,2.3333,0.1111,16,0.2308,0.7778,11,-0.1538,0.2222,NULL,NULL,NULL,NULL,NULL,NULL,21.0000,-2,2.0000,1.0177,0.02174032043,0.02141191789,0.5000,0.1666666667,0.2777777778,NULL,NULL,NULL,0.5625,-0.1298076923,0.2291666667,"Portland, ME",38860,2025-08-01 14:37:32.7980000 +00:00,10026
2022-05-01,2022-07-31,90,neighborhood,1,764424,0,"New Hope, MN - Lions Park",New Hope,Minnesota,MN,All Residential,-1,335000.0000,0,0.08064516129,262500.0000,-0.1247082361,-0.07894736842,169.8113,0,-0.06175880276,149.2794,-0.09998069871,-0.1905515627,3,0.0000,-0.5000,1,-0.6667,-0.8750,2,-0.3333,-0.7500,1,0,0.0000,NULL,NULL,NULL,12.0000,0,4.0000,1.0920,0,0.006269503182,1.0000,0,0.1666666667,NULL,NULL,NULL,0.0000,-0.3333333333,-1,"Minneapolis, MN",33460,2025-08-01 14:37:32.7980000 +00:00,10027
2021-02-01,2021-04-30,90,neighborhood,1,537318,0,"Somers Point, NJ - Patcong",Somers Point,New Jersey,NJ,Single Family Residential,6,305000.0000,-0.06153846154,0.525,259495.0000,-0.03887181007,0.01802667713,184.7733,0.06974006708,0.5206841299,187.3518,-0.03690624567,0.4783476483,6,1.0000,5.0000,4,-0.3333,3.0000,4,-0.2000,0.3333,2,-0.3333333333,-0.6667,NULL,NULL,NULL,65.5000,2.5,-56.5000,0.9928,-0.02739211153,0.08327366547,0.1667,-0.1666666667,0.1666666667,NULL,NULL,NULL,0.0000,-0.1666666667,0,"Atlantic City, NJ",12100,2025-08-01 14:37:32.7980000 +00:00,10028
2022-09-01,2022-11-30,90,neighborhood,1,19291,0,"Washington, DC - Lamond Riggs","Washington, DC",Columbia,DC,All Residential,-1,599500.0000,0.05175438596,0.0008347245409,612000.0000,0.06561173427,0.02017002834,400.5892,-0.01465343454,0.02113598628,414.3024,-0.0572319618,0.06789968176,4,0.0000,-0.7333,7,1.3333,-0.5000,8,0.6000,-0.4667,11,0.2222222222,0.2222,NULL,NULL,NULL,35.5000,0,10.0000,0.9611,-0.02432378761,-0.05331231469,0.0000,-0.25,-0.4666666667,NULL,NULL,NULL,0.4286,0.4285714286,-0.2142857143,"Washington, DC",47894,2025-08-01 14:37:32.7980000 +00:00,10029
2017-01-01,2017-03-31,90,neighborhood,1,351,0,"Sacramento, CA - Campus Commons",Sacramento,California,CA,Condo/Co-op,3,383750.0000,0.1188046647,0.1681887367,372000.0000,0.01917808219,-0.007867715695,244.5183,-0.005964077779,0.3248447449,220.4427,0.00782663112,-0.03710641572,4,-0.5556,-0.4286,5,0.2500,-0.5833,12,1.4000,0.0909,8,1,1.0000,NULL,NULL,NULL,14.0000,7,-25.0000,0.9932,0.004413967597,0.01927392165,0.2500,0.02777777778,0.1071428571,NULL,NULL,NULL,0.6000,0.35,0.1,"Sacramento, CA",40900,2025-08-01 14:37:32.7980000 +00:00,10030
2018-09-01,2018-11-30,90,neighborhood,1,216312,0,"Orangetree, FL - Orange Blossom Ranch",Orangetree,Florida,FL,Single Family Residential,6,346545.0000,0.03975457178,0.18497179,351443.0000,0,0.1125134536,148.6149,0.002175687954,0.04010195587,150.6038,-0.008493247556,-0.04364888637,14,0.1667,6.0000,11,-0.1538,10.0000,14,-0.2222,3.6667,17,0,1.8333,NULL,NULL,NULL,55.0000,1,-203.0000,0.9936,0.01603459143,0.03496325975,0.1429,0.1428571429,0.1428571429,NULL,NULL,NULL,0.1818,0.02797202797,0.1818181818,"Naples, FL",34940,2025-08-01 14:37:32.7980000 +00:00,10031
2017-06-01,2017-08-31,90,neighborhood,1,59041,0,"Santa Rosa, CA - Skyhawk Commmunity",Santa Rosa,California,CA,Single Family Residential,6,885000.0000,-0.04117009751,0.04424778761,875000.0000,-0.001711351968,0.05548854041,352.0481,0.007150454106,0.01306593104,347.1749,-0.001820254645,-0.02279640378,14,0.4000,0.7500,8,-0.2727,0.3333,9,-0.1000,0.8000,3,-0.4,-0.2500,NULL,NULL,NULL,41.0000,6,-0.5000,1.0084,0.004039127017,0.0183338115,0.3571,-0.04285714286,-0.1428571429,NULL,NULL,NULL,0.6250,0.07954545455,0.4583333333,"Santa Rosa, CA",42220,2025-08-01 14:37:32.7980000 +00:00,10032
2014-05-01,2014-07-31,90,neighborhood,1,159541,0,"Charleston, SC - Hickory Hall",Charleston,South Carolina,SC,All Residential,-1,279500.0000,-0.1892675852,-0.001785714286,259000.0000,0.05714285714,0.03859649123,133.4766,0.4243279669,0.3457301474,121.2121,0,-0.03547827778,1,-0.5000,-0.6667,1,-0.5000,-0.6667,7,0.4000,-0.1250,8,0.1428571429,0.1429,NULL,NULL,NULL,225.0000,46.5,101.0000,0.9655,0.02717328728,-0.001485430857,0.0000,0,0,NULL,NULL,NULL,0.0000,0,0,"Charleston, SC",16700,2025-08-01 14:37:32.7980000 +00:00,10033
2020-08-01,2020-10-31,90,neighborhood,1,164410,0,"Irving, TX - Revere Place Nha",Irving,Texas,TX,Single Family Residential,6,192000.0000,0,0.536,NULL,NULL,NULL,141.0727,0,0.6703012491,NULL,NULL,NULL,1,0.0000,0.0000,NULL,NULL,NULL,NULL,NULL,NULL,NULL,NULL,NULL,NULL,NULL,NULL,7.0000,0,NULL,1.0111,0,0.01105845182,1.0000,0,1,NULL,NULL,NULL,NULL,NULL,NULL,"Dallas, TX",19124,2025-08-01 14:37:32.7980000 +00:00,10034
2015-10-01,2015-12-31,90,neighborhood,1,57171,0,"New Bedford, MA - Rockdale North",New Bedford,Massachusetts,MA,All Residential,-1,182500.0000,0.1060606061,0.07416127134,179900.0000,0.04320092781,-0.04002134472,116.8606,0.1010629193,-0.1118592772,117.9671,-0.05164622759,-0.1424012467,22,-0.0435,-0.0435,17,-0.2273,-0.1905,12,-0.3684,-0.5000,23,-0.08,-0.5000,NULL,NULL,NULL,65.5000,11.5,-54.5000,0.9298,-0.009845075956,-0.03558810224,0.1364,0.005928853755,0.04940711462,NULL,NULL,NULL,0.0000,-0.09090909091,-0.1428571429,"Providence, RI",39300,2025-08-01 14:37:32.7980000 +00:00,10035
2014-02-01,2014-04-30,90,neighborhood,1,118676,0,"Hercules, CA - The Birds",Hercules,California,CA,All Residential,-1,482500.0000,0.01047120419,0.6245791246,447500.0000,-0.0376344086,0.1776315789,225.8444,0,0.04709663201,223.1162,0.019161053,-0.05410493769,4,0.0000,0.3333,6,0.0000,0.5000,6,0.2000,0.2000,1,0,-0.6667,NULL,NULL,NULL,9.0000,0,-179.0000,1.0127,-0.07617122879,-0.04409488461,0.7500,0,0.08333333333,NULL,NULL,NULL,0.8333,0,0.3333333333,"Oakland, CA",36084,2025-08-01 14:37:32.7980000 +00:00,10036
2018-06-01,2018-08-31,90,neighborhood,1,549524,0,"West Palm Beach, FL - Northwood Legacy",West Palm Beach,Florida,FL,Multi-Family (2-4 Unit),4,175000.0000,NULL,0.6666666667,205000.0000,NULL,-0.1359325606,127.5510,NULL,0.5897429269,170.8333,NULL,0.1876803552,1,0.0000,-0.5000,1,NULL,-0.8000,1,NULL,-0.5000,3,NULL,0.0000,NULL,NULL,NULL,114.0000,NULL,-165.5000,0.8974,NULL,0.0882001851,0.0000,NULL,0,NULL,NULL,NULL,0.0000,NULL,0,"West Palm Beach, FL",48424,2025-08-01 14:37:32.7980000 +00:00,10037
2019-12-01,2020-02-29,90,neighborhood,1,62565,0,"Camarillo, CA - Mission Oaks",Camarillo,California,CA,Single Family Residential,6,605000.0000,0,0.04400345125,624450.0000,0.007339893531,-0.0189316575,427.0095,0.01082258473,0.165472568,417.8721,-0.05326892085,0.1346952834,36,0.1613,0.5000,28,0.0370,0.1200,28,0.2174,0.5556,16,0,-0.0588,NULL,NULL,NULL,40.0000,-16,8.0000,0.9925,0.001835367038,0.008688123484,0.2222,0.09318996416,0.09722222222,NULL,NULL,NULL,0.4643,0.09391534392,0.3042857143,"Oxnard, CA",37100,2025-08-01 14:37:32.7980000 +00:00,10038
2017-11-01,2018-01-31,90,neighborhood,1,100,0,"Brookline, MA - Aspinwall Hill",Brookline,Massachusetts,MA,Condo/Co-op,3,999000.0000,0.009192847762,0.2295384615,749500.0000,-0.0006666666667,-0.4176379176,636.5916,0,-0.01342298256,700.3411,-0.04498941441,0.02499569026,9,0.0000,0.5000,5,-0.3750,-0.3750,6,-0.3333,-0.5000,2,0,-0.3333,NULL,NULL,NULL,7.0000,0,0.0000,1.0197,-0.01341856482,0.008619816128,0.4444,-0.1111111111,-0.2222222222,NULL,NULL,NULL,0.6000,-0.15,-0.025,"Boston, MA",14454,2025-08-01 14:37:32.7980000 +00:00,10039
2024-05-01,2024-07-31,90,neighborhood,1,110494,0,"San Diego, CA - Webster",San Diego,California,CA,All Residential,-1,740000.0000,0.01718213058,0.02777777778,749800.0000,0,0.2292810886,560.6754,0.004746573291,-0.07526963543,567.8131,-0.02621423444,0.08266418076,10,-0.1667,-0.0909,11,0.1000,0.5714,13,-0.1333,0.3000,6,0.2,0.5000,NULL,NULL,NULL,13.0000,-3,3.0000,1.0079,-0.003021760827,-0.02925355383,0.7000,0.2,0.06363636364,NULL,NULL,NULL,0.5455,0.04545454545,-0.02597402597,"San Diego, CA",41740,2025-08-01 14:37:32.7980000 +00:00,10040
2023-05-01,2023-07-31,90,neighborhood,1,759932,0,"St. George, UT - Bloomington Hills South",St. George,Utah,UT,All Residential,-1,559000.0000,0,0.2021505376,582400.0000,-0.01271401933,0.2524731183,263.9733,0,-0.1441300258,182.0548,-0.03415018499,-0.3798759284,2,0.0000,-0.5000,4,0.0000,-0.2000,4,-0.2000,-0.4286,3,0.5,0.0000,NULL,NULL,NULL,29.5000,0,-8.0000,0.9899,0,0.0008078206072,0.0000,0,-0.25,NULL,NULL,NULL,0.0000,0,0,"St. George, UT",41100,2025-08-01 14:37:32.7980000 +00:00,10041
2022-05-01,2022-07-31,90,neighborhood,1,32437,0,"Chicago, IL - Ashburn",Chicago,Illinois,IL,Condo/Co-op,3,108500.0000,-0.01363636364,0.2764705882,100000.0000,-0.09090909091,0.0111223458,115.3611,-0.05182648402,0.02603529412,100.2506,-0.04523212794,-0.05423937201,3,0.0000,0.0000,3,-0.4000,-0.6667,4,0.3333,-0.3333,3,0,0.0000,NULL,NULL,NULL,121.0000,-16,56.0000,0.9447,-0.004545454545,-0.06605701348,0.0000,0,-0.3333333333,NULL,NULL,NULL,0.6667,0.4666666667,0.2222222222,"Chicago, IL",16984,2025-08-01 14:37:32.7980000 +00:00,10042
2024-06-01,2024-08-31,90,neighborhood,1,156595,0,"Pittsburgh, PA - Lincoln-Lemington-Belmar",Pittsburgh,Pennsylvania,PA,Single Family Residential,6,50000.0000,0,-0.5098039216,79900.0000,-0.1805128205,1.282857143,37.8788,0.1544477028,-0.5810302896,47.7897,-0.3011971304,0.8810169248,5,-0.2857,0.2500,9,0.0000,0.5000,13,-0.0714,0.0833,14,0.2727272727,-0.0667,NULL,NULL,NULL,81.0000,0,25.0000,0.7961,-0.08305839211,-0.4590112155,0.0000,-0.2857142857,-0.75,NULL,NULL,NULL,0.3333,-0.1111111111,-0.1666666667,"Pittsburgh, PA",38300,2025-08-01 14:37:32.7980000 +00:00,10043
2022-05-01,2022-07-31,90,neighborhood,1,86113,0,"Jersey City, NJ - McGinley Square",Jersey City,New Jersey,NJ,Multi-Family (2-4 Unit),4,950000.0000,0.2582781457,0.3970588235,695000.0000,0.07013626915,-0.1026468689,351.7316,-0.01862540751,-0.06657779512,352.0030,0.08958629165,0.2197829143,2,-0.5000,-0.6000,1,-0.6667,-0.8000,12,0.5000,1.0000,12,0.7142857143,2.0000,NULL,NULL,NULL,20.5000,-4,-96.5000,0.9623,-0.06275309778,0.00274345561,0.0000,-0.5,0,NULL,NULL,NULL,0.0000,0,0,"New York, NY",35614,2025-08-01 14:37:32.7980000 +00:00,10044
2018-12-01,2019-02-28,90,neighborhood,1,761058,0,"Tallahassee, FL - Royal Oaks",Tallahassee,Florida,FL,All Residential,-1,290500.0000,0,0.1482213439,279000.0000,NULL,0.1204819277,144.0258,0,0.2443827467,131.0579,NULL,-0.003576977374,1,0.0000,-0.6667,1,0.0000,-0.6667,3,NULL,0.0000,4,3,1.0000,NULL,NULL,NULL,70.0000,0,22.0000,0.9687,0,-0.003143941252,0.0000,0,-0.3333333333,NULL,NULL,NULL,0.0000,0,-0.3333333333,"Tallahassee, FL",45220,2025-08-01 14:37:32.7980000 +00:00,10045
2014-01-01,2014-03-31,90,neighborhood,1,347114,0,"Marietta, GA - Polk",Marietta,Georgia,GA,Single Family Residential,6,297000.0000,-0.1134328358,1.175824176,275000.0000,0.8644067797,0.3756878439,163.1624,0.184997564,0.8431975226,144.3249,0,-0.1743157308,4,3.0000,3.0000,5,0.6667,1.5000,3,2.0000,-0.6667,2,0,-0.7500,NULL,NULL,NULL,101.5000,28.5,-22.5000,0.9801,0.02019150078,0.1585548148,0.0000,0,0,NULL,NULL,NULL,0.4000,0.06666666667,-0.1,"Atlanta, GA",12060,2025-08-01 14:37:32.7980000 +00:00,10046
2015-08-01,2015-10-31,90,neighborhood,1,349037,0,"Waterbury, CT - New Pac",Waterbury,Connecticut,CT,Single Family Residential,6,45000.0000,0,NULL,76950.0000,0.05555555556,NULL,42.6136,0,NULL,63.8617,0.1106376092,NULL,1,0.0000,NULL,1,0.0000,NULL,4,-0.4286,NULL,9,-0.1,NULL,NULL,NULL,NULL,319.0000,0,NULL,0.7513,0,NULL,0.0000,0,NULL,NULL,NULL,NULL,0.0000,0,NULL,"New Haven, CT",35300,2025-08-01 14:37:32.7980000 +00:00,10047
2012-06-01,2012-08-31,90,neighborhood,1,496628,0,"Los Angeles, CA - Harvard Park",Los Angeles,California,CA,Multi-Family (2-4 Unit),4,209000.0000,-0.1803921569,0.1531034483,244000.0000,-0.05791505792,0.2848867825,135.6132,-0.09015866209,0.1118582522,136.5758,-0.07199388846,0.1379600648,11,0.2222,0.8333,11,-0.2667,0.0000,8,-0.2727,-0.1111,4,1,-0.7333,NULL,NULL,NULL,46.0000,12,13.0000,0.9662,0.01594092555,-0.02714163438,0.0000,0,-0.3333333333,NULL,NULL,NULL,0.2727,-0.1272727273,0.09090909091,"Los Angeles, CA",31084,2025-08-01 14:37:32.7980000 +00:00,10048
2023-02-01,2023-04-30,90,neighborhood,1,764344,0,"Moreno Valley, CA - Bethune",Moreno Valley,California,CA,Single Family Residential,6,520000.0000,-0.004784688995,0.04,509950.0000,-0.01932692308,0.06239583333,294.8104,0.03452149391,-0.08581296821,315.3300,0.02542885683,-0.01394458639,14,0.4000,-0.3636,15,0.0000,-0.4000,8,-0.2727,-0.6522,3,-0.5,-0.6250,NULL,NULL,NULL,44.0000,-44,14.5000,0.9892,0.01125029179,-0.05250255358,0.5000,0.1,-0.2727272727,NULL,NULL,NULL,0.5333,0.1333333333,-0.1066666667,"Riverside, CA",40140,2025-08-01 14:37:32.7980000 +00:00,10049
2017-08-01,2017-10-31,90,neighborhood,1,150495,0,"Canton, OH - Vassar Park",Canton,Ohio,OH,All Residential,-1,80000.0000,0.3344453711,0.1678832117,84900.0000,0.1335113485,0.658203125,40.8139,0.06044357108,0.1646518793,25.2829,-0.4225710388,-0.2499375423,8,0.0000,0.0000,9,0.0000,-0.1000,1,-0.8889,-0.7500,8,-0.1111111111,0.3333,NULL,NULL,NULL,150.0000,70,56.5000,0.9600,-0.00419954883,0.04241139028,0.2500,0,0.125,NULL,NULL,NULL,0.0000,-0.1111111111,0,"Canton, OH",15940,2025-08-01 14:37:32.7980000 +00:00,10050
2013-11-01,2014-01-31,90,neighborhood,1,364627,0,"Houston, TX - Kings Crossing",Houston,Texas,TX,Townhouse,13,88500.0000,0,-0.6272114575,NULL,NULL,NULL,84.9328,0,-0.0798348067,NULL,NULL,NULL,1,0.0000,0.0000,NULL,NULL,NULL,NULL,NULL,NULL,NULL,NULL,NULL,NULL,NULL,NULL,125.0000,0,3.0000,0.9326,0,-0.05701840115,0.0000,0,0,NULL,NULL,NULL,NULL,NULL,NULL,"Houston, TX",26420,2025-08-01 14:37:32.7980000 +00:00,10051
2014-02-01,2014-04-30,90,neighborhood,1,351755,0,"Memphis, TN - Richbriar",Memphis,Tennessee,TN,Single Family Residential,6,215000.0000,0.01654846336,0.1212516297,289900.0000,0,0.4502251126,94.5455,0.02694918741,0.03536678972,111.5000,0,0.2271135568,3,0.5000,0.5000,3,0.5000,0.5000,1,0.0000,-0.6667,NULL,NULL,NULL,NULL,NULL,NULL,NULL,NULL,NULL,0.9133,0.0003946973063,-0.03877323902,0.0000,0,0,NULL,NULL,NULL,0.0000,0,0,"Memphis, TN",32820,2025-08-01 14:37:32.7980000 +00:00,10052
2025-01-01,2025-03-31,90,neighborhood,1,323,0,"Baltimore, MD - Butchers Hill",Baltimore,Maryland,MD,Townhouse,13,259900.0000,-0.05490909091,-0.009904761905,367000.0000,0.1292307692,0.165449349,222.0077,0.04975818697,0.08298939333,202.3740,0.008937198068,-0.02683526073,7,0.1667,-0.2222,13,0.8571,0.0833,14,0.5556,0.2727,9,0,0.8000,NULL,NULL,NULL,12.0000,-65,6.0000,0.9929,-0.01407963904,-0.06635029248,0.1429,-0.02380952381,-0.5238095238,NULL,NULL,NULL,0.6154,0.1868131868,-0.1346153846,"Baltimore, MD",12580,2025-08-01 14:37:32.7980000 +00:00,10053
2022-10-01,2022-12-31,90,neighborhood,1,764445,0,"Maplewood, MN - Beaver Lake",Maplewood,Minnesota,MN,Condo/Co-op,3,120000.0000,NULL,-0.1028037383,124500.0000,NULL,-0.004,134.0782,NULL,-0.1026732675,139.1061,NULL,-0.007338547486,1,0.0000,-0.7500,1,NULL,-0.7500,1,NULL,-0.6667,1,NULL,NULL,NULL,NULL,NULL,38.0000,NULL,6.0000,0.9639,NULL,-0.0138225475,0.0000,NULL,-0.25,NULL,NULL,NULL,0.0000,NULL,-0.25,"Minneapolis, MN",33460,2025-08-01 14:37:32.7980000 +00:00,10054
2024-08-01,2024-10-31,90,neighborhood,1,766659,0,"St. Francis, WI - Library Acres",St. Francis,Wisconsin,WI,All Residential,-1,286500.0000,-0.04738154613,0.04371584699,269900.0000,0.1016326531,0.08198035678,225.0000,-0.1008645533,0.2036181973,190.4762,-0.207135778,-0.04275908854,3,0.5000,-0.5000,4,1.0000,-0.3333,5,1.5000,-0.1667,4,1,0.3333,NULL,NULL,NULL,60.0000,-11.5,16.0000,0.9693,-0.007152537389,-0.07063727,0.0000,0,-0.6666666667,NULL,NULL,NULL,0.5000,0.5,-0.1666666667,"Milwaukee, WI",33340,2025-08-01 14:37:32.7980000 +00:00,10055
2017-02-01,2017-04-30,90,neighborhood,1,547728,0,"Swansen, VA - The Grange at Willowsford",Swansen,Virginia,VA,Single Family Residential,6,900000.0000,0,0.1421392268,852566.5000,-0.05800158332,0.04290117982,165.3036,0.03919920781,-0.1538876625,178.4541,0.09387326831,-0.02661082723,5,0.0000,1.5000,4,0.0000,0.3333,14,0.4000,-0.1250,8,0.6,-0.5556,NULL,NULL,NULL,188.5000,1.5,133.5000,0.9828,0.004628445168,0.001146139536,0.2000,0,0.2,NULL,NULL,NULL,0.0000,0,-0.3333333333,"Washington, DC",47894,2025-08-01 14:37:32.7980000 +00:00,10056
2023-06-01,2023-08-31,90,neighborhood,1,153288,0,"Cleveland, OH - South Collinwood",Cleveland,Ohio,OH,Multi-Family (2-4 Unit),4,69000.0000,0.03759398496,0.007299270073,75000.0000,0,-0.1176470588,34.6939,0.003301692117,-0.1910850206,41.0900,0.08613275245,-0.01210670548,15,-0.0625,0.8750,25,-0.0741,0.9231,25,-0.1071,0.7857,21,-0.04545454545,0.3125,NULL,NULL,NULL,36.0000,-7,-5.0000,0.9153,-0.002250714958,-0.01132560757,0.1333,0.008333333333,0.008333333333,NULL,NULL,NULL,0.5600,0.004444444444,0.09846153846,"Cleveland, OH",17460,2025-08-01 14:37:32.7980000 +00:00,10057
2015-06-01,2015-08-31,90,neighborhood,1,550933,0,"Madison, WI - Summit Woods",Madison,Wisconsin,WI,All Residential,-1,169900.0000,-0.08162162162,NULL,222900.0000,-0.1665731913,NULL,107.1248,-0.1308452506,NULL,142.6434,0.1091376956,NULL,3,-0.4000,NULL,3,-0.2500,NULL,2,-0.5000,NULL,4,0.3333333333,NULL,NULL,NULL,NULL,37.0000,-20,NULL,0.9549,0.002317162005,NULL,0.0000,0,NULL,NULL,NULL,NULL,0.0000,-0.25,NULL,"Madison, WI",31540,2025-08-01 14:37:32.7980000 +00:00,10058
2019-10-01,2019-12-31,90,neighborhood,1,350757,0,"Chandler, AZ - Cooper Greens",Chandler,Arizona,AZ,Single Family Residential,6,392450.0000,0.01935064935,0.08938237335,392450.0000,-0.006455696203,0.0902903181,182.5999,0.03157066463,-0.0105900457,180.4368,-0.006455696203,-0.03520171229,2,-0.3333,0.0000,1,-0.5000,-0.5000,2,-0.3333,0.0000,1,0,0.0000,NULL,NULL,NULL,40.0000,-12,24.5000,0.9937,0.003881023913,-2.667646675E-05,0.0000,0,0,NULL,NULL,NULL,0.0000,-0.5,-1,"Phoenix, AZ",38060,2025-08-01 14:37:32.7980000 +00:00,10059
2022-11-01,2023-01-31,90,neighborhood,1,151057,0,"Columbus, OH - Leawood",Columbus,Ohio,OH,Single Family Residential,6,160000.0000,0.1034482759,-0.03759398496,172500.0000,0.1507671781,0.3279445727,111.5385,-0.1849112426,-0.01070335976,139.5548,0.1578106715,0.3285615018,7,-0.2222,-0.6500,6,0.5000,-0.6000,8,0.6000,-0.5000,4,0.3333333333,0.0000,NULL,NULL,NULL,40.0000,5,9.5000,0.9496,-0.02877093719,-0.1089552626,0.2857,-0.2698412698,-0.3142857143,NULL,NULL,NULL,0.3333,-0.1666666667,-0.4,"Columbus, OH",18140,2025-08-01 14:37:32.7980000 +00:00,10060
2019-12-01,2020-02-29,90,neighborhood,1,112290,0,"La Verne, CA - Foothill Corridor",La Verne,California,CA,Single Family Residential,6,730000.0000,-0.003412969283,0.2026359143,760000.0000,0.03754337034,0.1103805976,324.2170,-0.003681263272,-0.05164183772,350.7153,-0.02302050198,0.06242429732,5,-0.5000,0.0000,6,-0.1429,-0.1429,7,0.7500,-0.3000,9,0.8,0.2857,NULL,NULL,NULL,59.0000,4,-19.0000,0.9727,-0.00828151065,-0.02372814449,0.0000,-0.1,-0.4,NULL,NULL,NULL,0.3333,0.3333333333,0.1904761905,"Los Angeles, CA",31084,2025-08-01 14:37:32.7980000 +00:00,10061
2015-10-01,2015-12-31,90,neighborhood,1,181204,0,"Chesapeake, VA - Warrington Hall",Chesapeake,Virginia,VA,Townhouse,13,250199.0000,0.001196478591,-0.1514363236,265740.0000,0.02247018084,NULL,150.0901,0,0.1784248213,159.1257,0.02247018084,NULL,11,-0.2143,10.0000,7,0.0000,6.0000,5,0.0000,NULL,6,-0.25,NULL,NULL,NULL,NULL,61.0000,32,-19.0000,1.0033,0.001576665369,0.01999889126,0.2727,0.05844155844,0.2727272727,NULL,NULL,NULL,0.1429,0.1428571429,0.1428571429,"Virginia Beach, VA",47260,2025-08-01 14:37:32.7980000 +00:00,10062
2012-06-01,2012-08-31,90,neighborhood,1,762870,0,"Claremont, CA - North Claremont",Claremont,California,CA,Single Family Residential,6,629750.0000,0.05517930089,0.09712543554,595000.0000,0,0.1923847695,243.1278,0.06487436596,-0.0002774828773,221.6700,-0.02588168983,-0.06824512535,14,-0.3333,0.7500,16,-0.2000,1.0000,23,0.0952,1.5556,16,-0.05882352941,0.1429,NULL,NULL,NULL,46.0000,13,10.5000,0.9778,0.006216769097,0.01002678336,0.0000,-0.1428571429,-0.125,NULL,NULL,NULL,0.3125,0.0125,0.3125,"Los Angeles, CA",31084,2025-08-01 14:37:32.7980000 +00:00,10063
2014-02-01,2014-04-30,90,neighborhood,1,107587,0,"Las Vegas, NV - Centennial Hills",Las Vegas,Nevada,NV,Condo/Co-op,3,96950.0000,0.01784776903,0.2943925234,102000.0000,0.02102102102,0.1826086957,84.1016,0.03160278906,0.3157950213,85.6401,0.01178222592,0.1308627924,76,0.0556,-0.2000,105,0.0294,0.0194,103,0.0098,0.0510,123,-0.016,0.1495,NULL,NULL,NULL,57.0000,-20,-29.0000,0.9735,0.00387863484,-0.06366442211,0.1447,-0.02192982456,-0.3078947368,NULL,NULL,NULL,0.2381,0.03221288515,-0.2667591308,"Las Vegas, NV",29820,2025-08-01 14:37:32.7980000 +00:00,10064
2017-11-01,2018-01-31,90,neighborhood,1,271601,0,"North Lynnwood, WA - Picnic Point-North Lynnwood",North Lynnwood,Washington,WA,Townhouse,13,379990.0000,0.1514848485,0.2258730543,399990.0000,0.04918161788,0.176614208,257.5758,0.05910031997,0.2276196605,266.7853,0.0713465785,0.260156195,33,-0.0571,0.1786,39,0.0263,0.9500,40,0.3333,2.0769,8,0.1428571429,7.0000,NULL,NULL,NULL,11.0000,2,-21.0000,0.9992,-0.003221771067,-0.002923800415,0.2424,-0.07186147186,-0.2575757576,NULL,NULL,NULL,0.6667,0.06140350877,0.2666666667,"Seattle, WA",42644,2025-08-01 14:37:32.7980000 +00:00,10065
2022-02-01,2022-04-30,90,neighborhood,1,15312,0,"Quincy, MA - Wollaston",Quincy,Massachusetts,MA,All Residential,-1,659000.0000,0.04852824185,0.04603174603,625000.0000,0.04340567613,-0.03838682852,452.9412,0.06528347235,0.2246612063,408.4469,0,0.06052291576,11,0.3750,0.0000,22,0.1000,0.5714,21,0.2353,0.5000,5,0,0.6667,NULL,NULL,NULL,22.0000,0,5.0000,1.0172,-0.005047074869,-0.01097291921,0.5455,-0.07954545455,-0.1818181818,NULL,NULL,NULL,0.6818,0.03181818182,-0.2467532468,"Boston, MA",14454,2025-08-01 14:37:32.7980000 +00:00,10066
2013-06-01,2013-08-31,90,neighborhood,1,385250,0,"Rock Hill, SC - Ebenezer Village",Rock Hill,South Carolina,SC,All Residential,-1,200000.0000,0,NULL,193700.0000,0,NULL,75.6522,0,NULL,76.2293,0,NULL,3,0.0000,NULL,NULL,NULL,NULL,2,0.0000,NULL,1,-0.5,NULL,NULL,NULL,NULL,69.0000,0,NULL,0.9670,0,NULL,0.3333,0,NULL,NULL,NULL,NULL,0.0000,0,NULL,"Charlotte, NC",16740,2025-08-01 14:37:32.7980000 +00:00,10067
2024-04-01,2024-06-30,90,neighborhood,1,57015,0,"Fall River, MA - Steep Brook",Fall River,Massachusetts,MA,All Residential,-1,400000.0000,0.2121212121,0.4336917563,330000.0000,0.3469387755,0.2021857923,217.9487,-0.1902874903,-0.211025641,326.2643,0.0741943357,0.3253108385,5,0.0000,-0.2857,7,0.4000,0.0000,7,0.0000,-0.1250,2,0,-0.3333,NULL,NULL,NULL,11.0000,2,-13.0000,0.9951,-0.002829966113,-0.001968405338,0.4000,0,0.1142857143,NULL,NULL,NULL,0.5714,-0.02857142857,0,"Providence, RI",39300,2025-08-01 14:37:32.7980000 +00:00,10068
2015-05-01,2015-07-31,90,neighborhood,1,105870,0,"Tucson, AZ - Lakeside Park",Tucson,Arizona,AZ,Single Family Residential,6,129950.0000,0.06081632653,0.06103286385,135000.0000,0.007462686567,0.08043217287,90.6560,0.00742593545,0.03686493889,94.1734,0.0101573086,0.04399072358,30,0.2000,0.8750,38,-0.0500,1.0000,31,-0.0606,0.5500,26,-0.2352941176,-0.0370,NULL,NULL,NULL,51.0000,-11,2.5000,0.9883,0.01566202154,-0.0218689535,0.2333,0.07333333333,-0.07916666667,NULL,NULL,NULL,0.3947,-0.005263157895,-0.07894736842,"Tucson, AZ",46060,2025-08-01 14:37:32.7980000 +00:00,10069
2022-01-01,2022-03-31,90,neighborhood,1,342515,0,"Little Elm, TX - Sunset Pointe",Little Elm,Texas,TX,All Residential,-1,510250.0000,0.125137817,0.57,435000.0000,-0.03333333333,0.2186580754,219.1450,0.08032371557,0.430732547,207.3991,0.03429764118,0.3812828418,30,-0.2105,-0.1667,37,0.2333,0.0571,41,0.5185,0.0250,11,0.8333333333,-0.2143,NULL,NULL,NULL,14.0000,-2.5,-4.0000,1.0838,0.02659310599,0.05870165333,0.7667,-0.02280701754,0.1833333333,NULL,NULL,NULL,0.9189,0.1189189189,0.1189189189,"Dallas, TX",19124,2025-08-01 14:37:32.7980000 +00:00,10070
2024-07-01,2024-09-30,90,neighborhood,1,762945,0,"Auburn, AL - Shelton Park",Auburn,Alabama,AL,Townhouse,13,195000.0000,-0.1333333333,NULL,239900.0000,0.06622222222,NULL,170.9027,0.0406076541,NULL,222.1296,0.3525226337,NULL,1,0.0000,NULL,1,-0.5000,NULL,1,0.0000,NULL,2,1,NULL,NULL,NULL,NULL,127.0000,115,NULL,1.0000,0,NULL,0.0000,0,NULL,NULL,NULL,NULL,0.0000,-0.5,NULL,"Auburn, AL",12220,2025-08-01 14:37:32.7980000 +00:00,10071
2016-02-01,2016-04-30,90,neighborhood,1,498038,0,"Houston, TX - Home Estates",Houston,Texas,TX,Single Family Residential,6,114000.0000,0.2,0.2808988764,91200.0000,-0.08064516129,0.1558935361,75.8730,0.1301466364,0.1531794404,68.2588,-0.1896376836,0.03837354574,7,0.0000,-0.4167,18,0.3846,-0.0526,13,0.0833,-0.1875,11,0.375,0.3750,NULL,NULL,NULL,61.0000,37,43.0000,0.9879,-0.06135063569,0.01690815928,0.1429,-0.1428571429,-0.02380952381,NULL,NULL,NULL,0.3889,0.004273504274,-0.08479532164,"Houston, TX",26420,2025-08-01 14:37:32.7980000 +00:00,10072
2025-02-01,2025-04-30,90,neighborhood,1,351501,0,"Fern Forest, HI - Section 1",Fern Forest,Hawaii,HI,Single Family Residential,6,340000.0000,-0.04225352113,-0.03571266506,360000.0000,-0.05745344867,-0.0920554855,304.2292,-0.05021140726,-0.07886171421,324.4100,0.0006703456296,-0.0006871522098,25,-0.1379,0.0000,37,0.1212,0.2333,29,-0.0938,-0.0333,47,-0.1454545455,-0.0784,NULL,NULL,NULL,145.0000,9,40.0000,0.9708,-0.01067629629,0.002792170442,0.0400,-0.09793103448,-0.2,NULL,NULL,NULL,0.1892,-0.08353808354,-0.07747747748,"Hilo, HI",25900,2025-08-01 14:37:32.7980000 +00:00,10073
2021-09-01,2021-11-30,90,neighborhood,1,114691,0,"Palm Springs, CA - Baristo",Palm Springs,California,CA,Single Family Residential,6,679500.0000,0.031107739,-0.1733576642,774495.0000,0.1752579666,-0.1389237868,340.1949,0.1279601784,-0.005759419933,405.9198,0.1383001137,0.0856426397,2,1.0000,0.0000,1,-0.5000,-0.8571,2,1.0000,-0.6667,1,0,-0.8750,NULL,NULL,NULL,47.5000,-23.5,-13.5000,1.0311,0.031107739,0.03572672765,0.5000,0.5,0,NULL,NULL,NULL,1.0000,0.5,0.7142857143,"Riverside, CA",40140,2025-08-01 14:37:32.7980000 +00:00,10074
2021-12-01,2022-02-28,90,neighborhood,1,119385,0,"Yorba Linda, CA - Hidden Hills",Yorba Linda,California,CA,Single Family Residential,6,1817500.0000,-0.06794871795,0.052403011,4850000.0000,-0.03,0.9597543236,533.3797,0.2684739066,0.1359008034,704.6346,-0.1301990411,0.3464591306,2,-0.3333,-0.6667,2,0.0000,-0.6000,3,2.0000,-0.4000,1,NULL,-0.7500,NULL,NULL,NULL,87.5000,-15.5,40.5000,1.0342,0.023111824,0.06251688717,0.5000,0.1666666667,0.1666666667,NULL,NULL,NULL,0.5000,0,0.1,"Anaheim, CA",11244,2025-08-01 14:37:32.7980000 +00:00,10075
2015-09-01,2015-11-30,90,neighborhood,1,398113,0,"Ojus, FL - Fox Acres",Ojus,Florida,FL,Single Family Residential,6,175000.0000,0,0.09375,NULL,NULL,NULL,215.5172,0,0.03448275862,NULL,NULL,NULL,1,0.0000,0.0000,NULL,NULL,NULL,NULL,NULL,NULL,NULL,NULL,NULL,NULL,NULL,NULL,20.0000,0,-32.0000,0.8794,0,-0.09029998477,0.0000,0,0,NULL,NULL,NULL,NULL,NULL,NULL,"Miami, FL",33124,2025-08-01 14:37:32.7980000 +00:00,10076
2014-05-01,2014-07-31,90,neighborhood,1,155342,0,"Tulsa, OK - Rosewood",Tulsa,Oklahoma,OK,All Residential,-1,67950.0000,0.1334445371,0.4503735326,69900.0000,0.4008016032,0.1669449082,62.2577,0.09934766856,0.4250514336,62.3166,0.3574780976,0.3711735293,8,0.0000,3.0000,8,0.0000,3.0000,5,0.0000,-0.2857,5,0.6666666667,-0.1667,NULL,NULL,NULL,38.0000,0,17.5000,0.9512,0.002022038926,-0.0478771068,0.1250,0,-0.375,NULL,NULL,NULL,0.0000,0,0,"Tulsa, OK",46140,2025-08-01 14:37:32.7980000 +00:00,10077
2018-02-01,2018-04-30,90,neighborhood,1,555746,0,"Decatur, AL - Old Decatur",Decatur,Alabama,AL,Single Family Residential,6,118000.0000,NULL,-0.5740072202,199900.0000,NULL,0.08059310994,84.6485,NULL,-0.04352058303,93.1132,NULL,0.0014288479,1,0.0000,-0.5000,1,NULL,-0.5000,4,NULL,0.3333,6,NULL,1.0000,NULL,NULL,NULL,41.0000,NULL,-275.0000,0.9842,NULL,0.03821163271,0.0000,NULL,0,NULL,NULL,NULL,0.0000,NULL,0,"Decatur, AL",19460,2025-08-01 14:37:32.7980000 +00:00,10078
2022-04-01,2022-06-30,90,neighborhood,1,346897,0,"Portland, OR - John's Landing",Portland,Oregon,OR,Condo/Co-op,3,449900.0000,-0.0770335419,0.2175913396,377499.5000,0.006665333333,-0.0320525641,383.2685,0.00708792702,0.08682777703,369.3260,0.02631224614,0.07465530315,11,-0.3125,-0.3889,13,-0.1333,-0.2353,18,-0.1429,0.3846,12,0.2,0.5000,NULL,NULL,NULL,21.0000,6,-12.5000,1.0038,0.007197115997,-0.001398405678,0.3636,-0.01136363636,0.0303030303,NULL,NULL,NULL,0.5385,0.005128205128,0.185520362,"Portland, OR",38900,2025-08-01 14:37:32.7980000 +00:00,10079
2022-11-01,2023-01-31,90,neighborhood,1,119809,0,"Palo Alto, CA - University South",Palo Alto,California,CA,Condo/Co-op,3,2400000.0000,0,0.6695652174,1297499.5000,-0.1629035484,-0.4859352219,1210.8981,0,0.07415561132,918.0900,0.01746745715,-0.3178826936,3,0.0000,-0.5000,3,0.0000,-0.4000,2,-0.6000,0.0000,7,0.1666666667,2.5000,NULL,NULL,NULL,53.0000,0,-6.5000,0.9885,0,-0.001457260999,0.3333,0,0,NULL,NULL,NULL,0.0000,0,0,"San Jose, CA",41940,2025-08-01 14:37:32.7980000 +00:00,10080
2016-02-01,2016-04-30,90,neighborhood,1,744924,0,"Westfield, MA - Wesfield",Westfield,Massachusetts,MA,All Residential,-1,193000.0000,0.04324324324,0.04324324324,204900.0000,0.04328167842,-0.0002415229117,131.8681,-0.03218210361,0.02774130441,136.5491,0.01998904405,0.03623957038,87,0.0482,0.4500,87,0.0610,0.4500,149,0.1462,-0.1024,206,0.01477832512,-0.1523,NULL,NULL,NULL,154.0000,-14,-1.5000,0.9664,0.005714384694,-0.006294030362,0.1839,0.02728153995,0.05057471264,NULL,NULL,NULL,0.0000,0,0,"Springfield, MA",44140,2025-08-01 14:37:32.7980000 +00:00,10081
2018-10-01,2018-12-31,90,neighborhood,1,554857,0,"Carpinteria, CA - Canalino",Carpinteria,California,CA,Single Family Residential,6,1062000.0000,0.1487290427,0.3006736069,1402500.0000,0.2356828194,0.6501941405,434.8721,-0.00647618523,-0.1560260785,612.8571,0.2014644504,0.4639189431,4,0.0000,0.3333,2,-0.3333,0.0000,2,-0.5000,-0.3333,2,-0.3333333333,-0.5000,NULL,NULL,NULL,75.0000,12.5,-16.0000,0.9594,-0.02007887416,-0.0119658454,0.2500,0,0.25,NULL,NULL,NULL,0.0000,0,-1,"Santa Maria, CA",42200,2025-08-01 14:37:32.7980000 +00:00,10082
2014-01-01,2014-03-31,90,neighborhood,1,125900,0,"Durham, NC - Greysons Green",Durham,North Carolina,NC,Single Family Residential,6,128000.0000,-0.0303030303,0.174850849,128500.0000,0.001949317739,0.1898148148,79.8872,0,0.3691183561,82.0152,-0.05760500757,0.1129986909,7,0.0000,-0.3000,7,0.0000,-0.4615,9,0.5000,-0.1818,11,0.2222222222,-0.4762,NULL,NULL,NULL,115.0000,59,33.0000,0.9049,-0.06086637878,-0.06272281317,0.0000,-0.1428571429,-0.1,NULL,NULL,NULL,0.1429,-0.1428571429,0.06593406593,"Durham, NC",20500,2025-08-01 14:37:32.7980000 +00:00,10083
2017-06-01,2017-08-31,90,neighborhood,1,549988,0,"Cranston, RI - Stone Hill",Cranston,Rhode Island,RI,Condo/Co-op,3,198450.0000,0.2410881801,-0.2511320755,NULL,NULL,NULL,134.7284,0.01109529663,-0.2004227618,NULL,NULL,NULL,2,1.0000,0.0000,7,0.1667,2.5000,NULL,NULL,NULL,7,-0.2222222222,6.0000,NULL,NULL,NULL,61.5000,52.5,4.0000,0.9940,-0.006044185077,0.02465288538,0.0000,0,0,NULL,NULL,NULL,0.0000,-0.1666666667,0,"Providence, RI",39300,2025-08-01 14:37:32.7980000 +00:00,10084
2019-05-01,2019-07-31,90,neighborhood,1,648001,0,"Tyler, TX - Hollytree",Tyler,Texas,TX,Single Family Residential,6,419875.0000,0.01787878788,-0.1127839408,367000.0000,-0.01969949917,-0.2695790626,116.3813,-0.06021177606,-0.05542959179,111.2170,-0.0443734894,-0.1034978094,6,0.5000,-0.5000,6,0.5000,-0.5000,11,0.8333,0.1000,7,1.333333333,1.3333,NULL,NULL,NULL,35.0000,-5.5,1.5000,NULL,NULL,NULL,0.0000,0,0,NULL,NULL,NULL,0.0000,-0.25,0,"Tyler, TX",46340,2025-08-01 14:37:32.7980000 +00:00,10085
2021-08-01,2021-10-31,90,neighborhood,1,186265,0,"Boston, MA - Lower Washington-Mount Hope",Boston,Massachusetts,MA,All Residential,-1,480000.0000,-0.01030927835,-0.1053122088,549000.0000,0,0.1215526047,403.7267,-0.02797967834,0.1038955926,368.4437,-0.07970837246,-0.06535093884,21,-0.3000,-0.3438,26,0.2381,-0.3158,25,0.0000,-0.4048,12,-0.2941176471,-0.4545,NULL,NULL,NULL,21.0000,1.5,-1.5000,0.9956,-0.03146039546,-0.007739285282,0.3810,-0.3523809524,-0.05654761905,NULL,NULL,NULL,0.5000,-0.02380952381,-0.02631578947,"Boston, MA",14454,2025-08-01 14:37:32.7980000 +00:00,10086
2025-01-01,2025-03-31,90,neighborhood,1,155942,0,"Portland, OR - Central Northeast Portland",Portland,Oregon,OR,Condo/Co-op,3,332400.0000,0.007578053956,0.06368,339900.0000,0.1107843137,0.1724732666,397.2332,0.1409254415,0.1596646746,355.2284,0.1548829594,0.09061358981,16,0.0667,0.0667,21,0.3125,-0.0870,13,-0.1875,-0.5517,22,-0.2666666667,0.6923,NULL,NULL,NULL,112.0000,7,87.0000,1.0063,0.01325718058,0.01259348591,0.3125,0.1125,0.04583333333,NULL,NULL,NULL,0.0000,0,-0.347826087,"Portland, OR",38900,2025-08-01 14:37:32.7980000 +00:00,10087
2014-01-01,2014-03-31,90,neighborhood,1,547138,0,"Vallejo, CA - Petaluma",Vallejo,California,CA,Single Family Residential,6,185000.0000,0,0.3962264151,324900.0000,0.8684386834,1.280800281,147.0588,0.1717871862,0.2560665751,104.4695,-0.0585805462,-0.2094979923,1,-0.6667,-0.5000,NULL,NULL,NULL,1,-0.5000,-0.5000,2,1,0.0000,NULL,NULL,NULL,25.0000,11,9.5000,1.0000,-0.04361184792,0.06950683171,0.0000,-0.6666666667,0,NULL,NULL,NULL,NULL,NULL,NULL,"Vallejo, CA",46700,2025-08-01 14:37:32.7980000 +00:00,10088
2017-03-01,2017-05-31,90,neighborhood,1,556203,0,"Port St. Lucie, FL - Sandpiper Bay",Port St. Lucie,Florida,FL,Townhouse,13,170000.0000,0,0.0303030303,202950.0000,-0.02848252753,0.2307459066,121.1689,0,0.3923410873,134.0628,0.08699560309,0.4152925987,3,0.0000,-0.6667,3,-0.4000,-0.6250,4,-0.2000,-0.3333,7,0,0.1667,NULL,NULL,NULL,129.0000,0,62.0000,0.9366,0,-0.00843941197,0.0000,0,-0.1111111111,NULL,NULL,NULL,0.0000,0,-0.25,"Port St. Lucie, FL",38940,2025-08-01 14:37:32.7980000 +00:00,10089
2018-01-01,2018-03-31,90,neighborhood,1,198534,0,"Elgin, IL - Southeast Elgin",Elgin,Illinois,IL,All Residential,-1,159000.0000,0.06,0.05612753238,162450.0000,-0.01485748939,0.01594746717,112.3213,-0.02445079093,0.03047070653,119.2307,0.02500155597,0.02270771994,65,0.1818,-0.0441,94,0.3239,-0.0874,89,0.6481,-0.0632,38,-0.1162790698,-0.4063,NULL,NULL,NULL,47.0000,8,-11.0000,0.9742,-0.00883981828,-0.008318096757,0.2769,-0.08671328671,-0.002488687783,NULL,NULL,NULL,0.4255,0.143841774,0.03718240033,"Elgin, IL",20994,2025-08-01 14:37:32.7980000 +00:00,10090
2022-07-01,2022-09-30,90,neighborhood,1,351926,0,"Destrehan, LA - Red Church Plantation Estates",Destrehan,Louisiana,LA,All Residential,-1,315000.0000,0.06779661017,0.2389380531,305000.0000,0,0.2525667351,150.2732,-0.04780990553,0.1517861404,143.0068,-0.05684007956,-0.08954319721,3,-0.2500,0.5000,2,-0.5000,0.0000,4,-0.2000,0.3333,4,1,1.0000,NULL,NULL,NULL,7.0000,-24,1.0000,0.9658,-0.03741981605,-0.03424716765,0.3333,-0.1666666667,0.3333333333,NULL,NULL,NULL,0.5000,0,0,"New Orleans, LA",35380,2025-08-01 14:37:32.7980000 +00:00,10091
2022-01-01,2022-03-31,90,neighborhood,1,207515,0,"Nashville, TN - Seven Springs",Nashville,Tennessee,TN,Condo/Co-op,3,359900.0000,0,0.08037523452,359900.0000,0,-0.08886075949,304.7417,0,0.2437281851,304.7417,0,0.1857925594,1,0.0000,-0.5000,1,0.0000,-0.5000,1,0.0000,0.0000,NULL,NULL,NULL,NULL,NULL,NULL,12.0000,0,-135.5000,1.0000,0,0.03753388691,0.0000,0,0,NULL,NULL,NULL,1.0000,0,1,"Nashville, TN",34980,2025-08-01 14:37:32.7980000 +00:00,10092
2021-03-01,2021-05-31,90,neighborhood,1,128681,0,"Charlotte, NC - Oxford Hunt",Charlotte,North Carolina,NC,Townhouse,13,264250.0000,0.006666666667,0.05069582505,261500.0000,0.02549019608,0.1127659574,187.6776,-0.006578947368,0.1470843583,183.4163,-0.01242897727,0.1276116523,2,-0.3333,-0.5000,NULL,NULL,NULL,4,0.3333,-0.2000,1,0,0.0000,NULL,NULL,NULL,3.0000,-21.5,-37.5000,1.0466,0.00885620915,0.05355938848,1.0000,0,0.75,NULL,NULL,NULL,1.0000,0,0.2,"Charlotte, NC",16740,2025-08-01 14:37:32.7980000 +00:00,10093
2016-08-01,2016-10-31,90,neighborhood,1,189152,0,"Minneapolis, MN - Calhoun Isles",Minneapolis,Minnesota,MN,Townhouse,13,384394.5000,-0.05321551724,-0.1570296053,317400.0000,-0.1393709328,-0.1645169782,197.8753,-0.02524470802,-0.05499542105,227.7438,0.0448406029,0.07547361625,8,0.1429,-0.3846,6,-0.1429,-0.3333,6,-0.1429,-0.4545,9,0,-0.3571,NULL,NULL,NULL,36.0000,12,-11.5000,0.9980,-0.01213065349,0.01540460571,0.3750,-0.1964285714,0.2980769231,NULL,NULL,NULL,0.3333,-0.09523809524,-0.1111111111,"Minneapolis, MN",33460,2025-08-01 14:37:32.7980000 +00:00,10094
2016-10-01,2016-12-31,90,neighborhood,1,340765,0,"Rowlett, TX - Flower Hill",Rowlett,Texas,TX,Single Family Residential,6,199500.0000,-0.0025,0.2109256449,196500.0000,0.03557312253,0.1909090909,118.7374,0.0006869889772,0.2367373006,112.8403,-0.02108123411,0.117592445,8,-0.1111,-0.3333,10,0.0000,0.1111,14,0.1667,1.0000,5,0,1.5000,NULL,NULL,NULL,14.0000,0,-3.0000,1.0346,-0.01172425473,0.01871851071,0.8750,0.09722222222,0.2083333333,NULL,NULL,NULL,0.9000,-0.1,0.2333333333,"Dallas, TX",19124,2025-08-01 14:37:32.7980000 +00:00,10095
2016-08-01,2016-10-31,90,neighborhood,1,348477,0,"Troy, NY - North Central",Troy,New York,NY,Multi-Family (2-4 Unit),4,48950.0000,-0.2583333333,0.2881578947,75000.0000,-0.4642857143,-0.1662034464,30.9018,-0.006413196753,0.702474266,33.0657,-0.06887104393,-0.1307644765,6,0.5000,1.0000,6,-0.1429,1.0000,7,0.0000,-0.3000,13,-0.07142857143,0.1818,NULL,NULL,NULL,50.0000,35.5,-33.0000,0.8283,-0.06784074429,-0.05268557505,0.1667,-0.3333333333,0.1666666667,NULL,NULL,NULL,0.0000,-0.1428571429,-0.3333333333,"Albany, NY",10580,2025-08-01 14:37:32.7980000 +00:00,10096
2023-04-01,2023-06-30,90,neighborhood,1,52404,0,"Durham, NC - Tuscaloosa-Lakewood",Durham,North Carolina,NC,Single Family Residential,6,403500.0000,0.05490196078,-0.01585365854,379950.0000,0.1013043478,-0.1992623815,289.4938,0,-0.1450950068,249.6899,-0.1946173409,-0.1760830659,6,0.0000,-0.1429,4,-0.3333,0.0000,2,-0.6000,-0.6667,3,0,0.5000,NULL,NULL,NULL,30.0000,-6.5,-7.0000,1.1069,0.01921898258,0.0453718471,0.8333,0,0.119047619,NULL,NULL,NULL,0.7500,-0.08333333333,0,"Durham, NC",20500,2025-08-01 14:37:32.7980000 +00:00,10097
2021-03-01,2021-05-31,90,neighborhood,1,92434,0,"Temescal Valley, CA - Trilogy",Temescal Valley,California,CA,All Residential,-1,562500.0000,0.004464285714,0.07142857143,599949.5000,0.05069964974,0.09101563921,320.3402,0.02206544152,0.3366763439,322.5779,0.009656554969,0.1875663118,38,0.1176,0.4074,48,0.0667,0.6552,44,-0.1538,0.2941,16,-0.3846153846,-0.3846,NULL,NULL,NULL,32.0000,5,-15.0000,1.0058,0.002112594183,0.006461564482,0.5526,0.05263157895,0.1822612086,NULL,NULL,NULL,0.7708,0.01527777778,0.3225574713,"Riverside, CA",40140,2025-08-01 14:37:32.7980000 +00:00,10098
2021-04-01,2021-06-30,90,neighborhood,1,762142,0,"Grand Junction, CO - Bookcliff Park",Grand Junction,Colorado,CO,Single Family Residential,6,330000.0000,-0.01492537313,0.0007581501137,290000.0000,0,-0.3626373626,164.5394,-0.01030792929,0.02387149411,223.5338,0,0.3097609192,2,1.0000,0.0000,2,1.0000,0.0000,3,0.0000,2.0000,2,-0.3333333333,1.0000,NULL,NULL,NULL,81.5000,-32.5,-8.5000,1.0603,0.06034482759,0.09944206323,0.5000,0.5,0.5,NULL,NULL,NULL,0.0000,0,0,"Grand Junction, CO",24300,2025-08-01 14:37:32.7980000 +00:00,10099
2014-08-01,2014-10-31,90,neighborhood,1,2563,0,"Fontana, CA - Southridge Village",Fontana,California,CA,Single Family Residential,6,285000.0000,0,0.09615384615,288430.0000,0.01203508772,0.09899028386,188.9920,-0.01669652548,0.1237408811,188.2039,-0.02679928678,0.07960109661,91,0.1098,0.3382,97,0.0899,0.0778,114,0.1400,0.2955,70,0.1111111111,1.1875,NULL,NULL,NULL,25.0000,6,13.0000,1.0045,-0.007566894992,-0.03037518517,0.4066,-0.0690163495,-0.2257595346,NULL,NULL,NULL,0.2784,0.05363141434,-0.1994272623,"Riverside, CA",40140,2025-08-01 14:37:32.7980000 +00:00,10100
2024-12-01,2025-02-28,90,neighborhood,1,111383,0,"Newport Beach, CA - Villa Point",Newport Beach,California,CA,All Residential,-1,1175000.0000,0,NULL,1100000.0000,NULL,NULL,936.2550,0,NULL,1211.4537,NULL,NULL,1,0.0000,NULL,1,0.0000,NULL,1,NULL,NULL,1,NULL,NULL,NULL,NULL,NULL,41.0000,0,NULL,0.9109,0,NULL,0.0000,0,NULL,NULL,NULL,NULL,1.0000,1,NULL,"Anaheim, CA",11244,2025-08-01 14:37:32.7980000 +00:00,10101
2019-01-01,2019-03-31,90,neighborhood,1,370241,0,"League City, TX - Meadow Bend",League City,Texas,TX,All Residential,-1,202500.0000,0.0125,0.0292249047,209000.0000,-0.004761904762,0.0723447922,122.0698,0.05276409202,0.03040096891,125.6831,-0.01981773554,-0.009165293318,12,-0.0769,-0.2500,11,-0.0833,-0.4762,11,0.0000,-0.4211,8,0.6,1.6667,NULL,NULL,NULL,30.5000,4.5,22.5000,0.9745,-0.00175733928,-0.01045484036,0.0000,-0.07692307692,-0.25,NULL,NULL,NULL,0.3636,0.1136363636,-0.4458874459,"Houston, TX",26420,2025-08-01 14:37:32.7980000 +00:00,10102
2022-04-01,2022-06-30,90,neighborhood,1,458897,0,"Old Jamestown, MO - Parc Argonne Forest",Old Jamestown,Missouri,MO,All Residential,-1,242450.0000,0.08990784446,0.21225,234900.0000,-0.02125,0.1475329751,146.2906,0.115929693,0.3000538342,149.5132,0.03044506259,0.2994860817,6,-0.2500,-0.3333,NULL,NULL,NULL,7,0.0000,-0.4167,3,0.5,2.0000,NULL,NULL,NULL,14.0000,-4,5.0000,1.0258,0.01405243784,-0.014823234,0.5000,0.125,-0.2777777778,NULL,NULL,NULL,1.0000,0.3636363636,0.07692307692,"St. Louis, MO",41180,2025-08-01 14:37:32.7980000 +00:00,10103
2016-06-01,2016-08-31,90,neighborhood,1,149470,0,"Atlanta, GA - Leila Valley",Atlanta,Georgia,GA,Single Family Residential,6,56000.0000,0,3.307692308,55990.0000,-0.05899159664,0.8061290323,55.5556,0,3.273504274,50.3155,-0.1320601221,0.6360645161,3,0.0000,2.0000,1,-0.6667,-0.7500,2,-0.6667,-0.6000,6,-0.3333333333,-0.5714,NULL,NULL,NULL,96.0000,0,-222.0000,0.8712,0,NULL,0.0000,0,0,NULL,NULL,NULL,0.0000,-0.3333333333,-0.25,"Atlanta, GA",12060,2025-08-01 14:37:32.7980000 +00:00,10104
2023-10-01,2023-12-31,90,neighborhood,1,124878,0,"Rochester, NY - Bensonhurst",Rochester,New York,NY,All Residential,-1,130000.0000,0.04,-0.07109682029,127450.0000,0.02041633307,0.159163256,84.9185,0.008603669931,-0.08864924872,87.4209,0.09748613481,0.05627326938,15,0.2500,0.0714,13,0.0833,0.1818,12,-0.2941,0.2000,6,0,0.5000,NULL,NULL,NULL,8.0000,-3,-9.5000,1.1348,-0.01477089185,0.07339246818,0.7333,-0.01666666667,0.09047619048,NULL,NULL,NULL,0.7692,-0.0641025641,0.2237762238,"Rochester, NY",40380,2025-08-01 14:37:32.7980000 +00:00,10105
2021-05-01,2021-07-31,90,neighborhood,1,124822,0,"Buffalo, NY - Schiller Park",Buffalo,New York,NY,Single Family Residential,6,91101.0000,0.21468,0.9383191489,84900.0000,0.132,0.3918032787,73.2839,0.06967540978,0.7248961192,64.8539,0.02283858998,0.3334459862,13,0.0000,0.4444,13,0.1818,0.1818,17,0.3077,0.4167,7,0.4,0.7500,NULL,NULL,NULL,16.0000,3,-12.0000,1.1723,0.07510095538,0.2282984488,0.6923,0.1538461538,0.358974359,NULL,NULL,NULL,0.6154,-0.1118881119,0.1608391608,"Buffalo, NY",15380,2025-08-01 14:37:32.7980000 +00:00,10106
2020-08-01,2020-10-31,90,neighborhood,1,761625,0,"Titusville, FL - The Hamlet",Titusville,Florida,FL,All Residential,-1,222450.0000,-0.006919642857,NULL,275000.0000,0,NULL,116.2538,-0.01288075076,NULL,167.8517,-0.05270581763,NULL,2,-0.3333,NULL,1,-0.7500,NULL,3,2.0000,NULL,2,NULL,NULL,NULL,NULL,NULL,76.0000,-23,NULL,0.9447,0.01002970465,NULL,0.0000,0,NULL,NULL,NULL,NULL,1.0000,0.75,NULL,"Palm Bay, FL",37340,2025-08-01 14:37:32.7980000 +00:00,10107
2015-06-01,2015-08-31,90,neighborhood,1,190400,0,"Minneapolis, MN - Central Minneapolis",Minneapolis,Minnesota,MN,Townhouse,13,610000.0000,-0.01612903226,-0.004081632653,462050.0000,-0.04731958763,0.155125,240.4561,-0.0494875686,-0.03109548091,259.6076,0.12475,0.1422735141,7,-0.1250,0.7500,5,0.0000,1.5000,11,0.5714,10.0000,6,1,5.0000,NULL,NULL,NULL,36.0000,-3,-50.5000,0.9689,-0.001254065512,0.0055405986,0.0000,0,0,NULL,NULL,NULL,0.2000,0.2,0.2,"Minneapolis, MN",33460,2025-08-01 14:37:32.7980000 +00:00,10108
2012-04-01,2012-06-30,90,neighborhood,1,391414,0,"Cutler Bay, FL - Old Cutler Cove",Cutler Bay,Florida,FL,All Residential,-1,120000.0000,-0.1240875912,0.7391304348,187500.0000,-0.0625,0.1029411765,56.4519,-0.1631112293,0.3073927388,96.3822,-0.139788976,0.2603388409,2,-0.6000,1.0000,2,-0.6000,0.0000,NULL,NULL,NULL,NULL,NULL,NULL,NULL,NULL,NULL,NULL,NULL,NULL,1.0622,0.1174353612,0.06221719457,0.5000,0.5,0.5,NULL,NULL,NULL,0.0000,0,0,"Miami, FL",33124,2025-08-01 14:37:32.7980000 +00:00,10109
2013-10-01,2013-12-31,90,neighborhood,1,189631,0,"St. Louis Park, MN - Cedar Manor",St. Louis Park,Minnesota,MN,Single Family Residential,6,203950.0000,-0.09736667404,0.02760604824,259900.0000,0.1659937192,0.181900864,120.8976,-0.005012946572,0.1790336129,117.7083,-0.01530186791,0.1117320314,6,-0.5000,-0.3333,4,-0.5000,-0.5556,5,-0.4444,-0.2857,4,-0.2,-0.3333,NULL,NULL,NULL,22.0000,0,-31.0000,1.0025,0.016976531,-0.02242890938,0.5000,0.1666666667,0.2777777778,NULL,NULL,NULL,0.2500,0,0.25,"Minneapolis, MN",33460,2025-08-01 14:37:32.7980000 +00:00,10110
2014-09-01,2014-11-30,90,neighborhood,1,351970,0,"Memphis, TN - East Memphis",Memphis,Tennessee,TN,Townhouse,13,290000.0000,0,NULL,278900.0000,0,NULL,104.6386,0.07628294036,NULL,93.0556,-0.1325046811,NULL,3,0.0000,NULL,3,0.0000,NULL,5,0.0000,NULL,NULL,NULL,NULL,NULL,NULL,NULL,NULL,NULL,NULL,0.9914,-0.01299728997,NULL,0.3333,0,NULL,NULL,NULL,NULL,0.0000,0,NULL,"Memphis, TN",32820,2025-08-01 14:37:32.7980000 +00:00,10111
2015-05-01,2015-07-31,90,neighborhood,1,549879,0,"Warren, RI - Downton Warren",Warren,Rhode Island,RI,Single Family Residential,6,164000.0000,0.01265822785,-0.02814814815,179900.0000,0.02215909091,-0.05040907891,122.5071,-0.05878674171,0.1583397961,105.0175,0.03651096151,-0.0252157179,3,0.5000,0.5000,3,0.0000,0.5000,5,0.2500,0.2500,6,0.5,-0.1429,NULL,NULL,NULL,78.0000,-66,27.0000,0.9884,0.005787718266,0.06198226295,0.0000,0,-0.5,NULL,NULL,NULL,0.6667,0.3333333333,0.6666666667,"Providence, RI",39300,2025-08-01 14:37:32.7980000 +00:00,10112
2025-04-01,2025-06-30,90,neighborhood,1,63340,0,"Norfolk, VA - Easton Forest",Norfolk,Virginia,VA,Single Family Residential,6,380000.0000,0,0.1875,355000.0000,-0.04054054054,0.04442483083,212.5280,0,-0.03714131023,229.7735,0.03507050167,0.007244658861,1,0.0000,-0.5000,4,1.0000,1.0000,3,-0.2500,0.0000,1,-0.6666666667,0.0000,NULL,NULL,NULL,24.0000,0,4.0000,1.0000,0,0.001809355693,0.0000,0,-0.5,NULL,NULL,NULL,0.7500,-0.25,0.25,"Virginia Beach, VA",47260,2025-08-01 14:37:32.7980000 +00:00,10113
2021-02-01,2021-04-30,90,neighborhood,1,186177,0,"Fitchburg, MA - Rollstone Hill",Fitchburg,Massachusetts,MA,Multi-Family (2-4 Unit),4,199900.0000,0.08083265747,0.1455587393,339900.0000,NULL,0.2975758733,44.4222,-0.1957397901,-0.3816528494,137.6113,NULL,0.2880769267,1,-0.5000,0.0000,2,1.0000,1.0000,1,NULL,-0.5000,NULL,NULL,NULL,NULL,NULL,NULL,172.0000,33.5,68.0000,1.0000,0.03424657534,0.03001667593,0.0000,0,0,NULL,NULL,NULL,0.5000,0.5,-0.5,"Worcester, MA",49340,2025-08-01 14:37:32.7980000 +00:00,10114
2021-04-01,2021-06-30,90,neighborhood,1,190133,0,"St. Paul, MN - West Side",St. Paul,Minnesota,MN,Townhouse,13,219900.0000,0.2494318182,-0.03973799127,222400.0000,0,0.3908692933,141.3576,0,-0.05185445423,148.4566,0,0.1647345452,3,-0.4000,2.0000,5,0.2500,1.5000,6,0.5000,2.0000,1,-0.6666666667,0.0000,NULL,NULL,NULL,20.0000,0,-3.0000,1.0090,-0.005541093953,-0.008825697736,0.3333,-0.06666666667,-0.6666666667,NULL,NULL,NULL,0.8000,0.05,0.8,"Minneapolis, MN",33460,2025-08-01 14:37:32.7980000 +00:00,10115
2023-02-01,2023-04-30,90,neighborhood,1,92346,0,"Little Rock, AR - Midtown",Little Rock,Arkansas,AR,All Residential,-1,37500.0000,0,-0.3362831858,25000.0000,-0.2857142857,-0.5495495495,46.6045,0.7697292499,-0.1842145576,23.0652,-0.06157635468,-0.6320730509,5,0.0000,-0.4444,4,0.0000,-0.2000,6,0.2000,0.2000,3,0.5,-0.2500,NULL,NULL,NULL,54.0000,-6,48.0000,0.9726,0.04666666667,0.06761323356,0.4000,0,0.4,NULL,NULL,NULL,0.5000,0.25,0.3,"Little Rock, AR",30780,2025-08-01 14:37:32.7980000 +00:00,10116
2024-08-01,2024-10-31,90,neighborhood,1,760695,0,"Minneapolis, MN - King Field",Minneapolis,Minnesota,MN,Condo/Co-op,3,212000.0000,0.1553133515,0,145000.0000,-0.1828684136,-0.2746373187,212.0000,-0.02206293182,-0.04536357572,211.0390,-0.08428635383,-0.1032499641,3,-0.2500,-0.4000,2,-0.5000,-0.6000,3,0.5000,-0.2500,2,1,NULL,NULL,NULL,NULL,5.0000,-13.5,-13.0000,0.9853,-0.003679416575,-0.02068821574,0.3333,0.08333333333,-0.06666666667,NULL,NULL,NULL,0.5000,0,-0.1,"Minneapolis, MN",33460,2025-08-01 14:37:32.7980000 +00:00,10117
2016-10-01,2016-12-31,90,neighborhood,1,186043,0,"Chelsea, MA - Addison-Orange",Chelsea,Massachusetts,MA,All Residential,-1,423000.0000,0.3157076205,-0.01742160279,399000.0000,NULL,-0.08170205029,176.9874,-0.3750089893,-0.2016569789,231.9767,NULL,0.6432158145,1,-0.5000,-0.8333,2,1.0000,-0.6000,1,NULL,-0.7500,NULL,NULL,NULL,NULL,NULL,NULL,17.0000,6,-15.0000,0.9616,-0.07197273021,-0.05666681126,0.0000,-0.5,-0.5,NULL,NULL,NULL,0.5000,0.5,0.3,"Boston, MA",14454,2025-08-01 14:37:32.7980000 +00:00,10118
2018-02-01,2018-04-30,90,neighborhood,1,763910,0,"Roanoke, VA - Bonsack",Roanoke,Virginia,VA,All Residential,-1,246500.0000,0.03484466835,0.02987257155,259000.0000,0.03620724145,-0.003654548952,104.7599,-0.01388016984,0.05444082546,108.2610,0.04035784389,0.05402523575,30,0.6667,0.1538,30,0.6667,0.1538,37,0.1563,0.0882,45,0.09756097561,0.1538,NULL,NULL,NULL,79.0000,-7,-3.5000,0.9863,-0.006304873757,-0.006555348677,0.2000,-0.07777777778,-0.03076923077,NULL,NULL,NULL,0.0333,0.03333333333,0.03333333333,"Roanoke, VA",40220,2025-08-01 14:37:32.7980000 +00:00,10119
2013-09-01,2013-11-30,90,neighborhood,1,186413,0,"Woburn, MA - Downtown Woburn",Woburn,Massachusetts,MA,Single Family Residential,6,357500.0000,0.1,0.09327217125,334900.0000,-0.04286939125,-0.3558376611,247.9632,0.06532354284,0.1942885155,235.1045,0,-0.09370445477,20,-0.1304,-0.5122,22,0.1000,-0.4054,23,-0.1481,-0.5306,23,-0.08,-0.5306,NULL,NULL,NULL,75.5000,0.5,-14.5000,0.9894,-0.01743198158,0.01869405586,0.3500,-0.04130434783,0.2036585366,NULL,NULL,NULL,0.2273,-0.1227272727,-0.2051597052,"Boston, MA",14454,2025-08-01 14:37:32.7980000 +00:00,10120
2015-08-01,2015-10-31,90,neighborhood,1,165701,0,"Irving, TX - Lamar Brown",Irving,Texas,TX,Single Family Residential,6,125000.0000,0.0101010101,-0.1359944704,142500.0000,0.01785714286,0.14,92.9202,-0.05835695293,0.05720070676,87.7974,0.03013368985,0.02687861615,12,-0.1429,0.2000,16,-0.0588,0.6000,18,-0.1000,0.2000,5,-0.2857142857,-0.6154,NULL,NULL,NULL,19.5000,-1.5,-4.5000,0.9802,-0.01490305357,0.005593131023,0.4167,-0.0119047619,0.4166666667,NULL,NULL,NULL,0.7500,-0.01470588235,0.25,"Dallas, TX",19124,2025-08-01 14:37:32.7980000 +00:00,10121
2012-05-01,2012-07-31,90,neighborhood,1,551030,0,"Manitowoc, WI - Eighth Street Historic District",Manitowoc,Wisconsin,WI,All Residential,-1,270000.0000,0,NULL,NULL,NULL,NULL,135.7466,0,NULL,NULL,NULL,NULL,1,0.0000,NULL,1,0.0000,NULL,NULL,NULL,NULL,NULL,NULL,NULL,NULL,NULL,NULL,1220.0000,0,NULL,0.8333,0,NULL,0.0000,0,NULL,NULL,NULL,NULL,0.0000,0,NULL,"Manitowoc, WI",31820,2025-08-01 14:37:32.7980000 +00:00,10122
2024-04-01,2024-06-30,90,neighborhood,1,762786,0,"Elkhart, IN - Strong",Elkhart,Indiana,IN,Single Family Residential,6,157500.0000,-0.015625,-0.1,NULL,NULL,NULL,118.6199,-0.03267399945,0.06288111549,NULL,NULL,NULL,2,-0.3333,-0.6000,NULL,NULL,NULL,NULL,NULL,NULL,NULL,NULL,NULL,NULL,NULL,NULL,2.0000,-1,-6.5000,1.0340,0.01133730499,0.01828669421,1.0000,0.3333333333,0.6,NULL,NULL,NULL,NULL,NULL,NULL,"Elkhart, IN",21140,2025-08-01 14:37:32.7980000 +00:00,10123
2024-02-01,2024-04-30,90,neighborhood,1,29997,0,"Chicago, IL - West Side",Chicago,Illinois,IL,Single Family Residential,6,350500.0000,0.05413533835,0.1004709576,349900.0000,0,0.007051374298,232.1087,0.09161376706,0.1751696762,222.1515,0.02548552479,0.08808895933,177,0.2826,0.0057,239,0.1832,-0.0165,277,0.1590,0.0532,254,0.02008032129,-0.0039,NULL,NULL,NULL,63.0000,-7.5,-13.0000,0.9881,-0.0008218727515,0.001088826017,0.3277,0.008843036109,0.07768361582,NULL,NULL,NULL,0.4142,0.01818633746,0.05620125006,"Chicago, IL",16984,2025-08-01 14:37:32.7980000 +00:00,10124
2015-07-01,2015-09-30,90,neighborhood,1,151239,0,"Columbus, OH - King-Lincoln Bronzeville",Columbus,Ohio,OH,All Residential,-1,85570.0000,-0.4139041096,-0.3708088235,74900.0000,-0.01382488479,-0.4780487805,36.7569,-0.4991743929,-0.5958414753,35.9405,-0.03492336188,0.3765703468,15,0.2500,0.3636,16,-0.1579,0.6000,21,0.0500,0.2353,22,0.04761904762,0.0476,NULL,NULL,NULL,42.0000,-12,-100.0000,0.9938,-0.01776335348,0.03869539878,0.1333,0.05,-0.1393939394,NULL,NULL,NULL,0.3750,-0.04605263158,0.375,"Columbus, OH",18140,2025-08-01 14:37:32.7980000 +00:00,10125
2012-04-01,2012-06-30,90,neighborhood,1,2090,0,"San Diego, CA - Paradise Hills",San Diego,California,CA,All Residential,-1,250000.0000,0.0593220339,0.008064516129,272450.0000,0.04788461538,0.09220284626,183.9152,0.03406143276,0.06742946555,186.1992,-0.01718708809,-0.02707984337,51,-0.0377,0.1860,47,-0.1607,-0.1455,38,0.0270,-0.1364,22,0.2941176471,-0.4762,NULL,NULL,NULL,37.0000,-7,-25.0000,0.9759,0.0009952869121,-0.01529600882,0.2549,-0.02811690714,-0.2102143183,NULL,NULL,NULL,0.2979,0.03001519757,0.1705996132,"San Diego, CA",41740,2025-08-01 14:37:32.7980000 +00:00,10126
2017-12-01,2018-02-28,90,neighborhood,1,538678,0,"Loveland, CO - Van de Water",Loveland,Colorado,CO,Single Family Residential,6,372975.0000,0,-0.02609483548,379950.0000,0.01333511135,-0.01566082462,133.5111,0,0.06548488321,143.8246,0.05386240463,0.1105845397,24,-0.1429,0.7143,22,-0.2143,-0.0435,13,0.0833,-0.2778,14,0.5555555556,-0.6585,NULL,NULL,NULL,120.5000,30.5,13.5000,0.9943,0.0005873406044,-0.00624301623,0.2083,0.02976190476,-0.1488095238,NULL,NULL,NULL,0.0000,-0.1428571429,-0.04347826087,"Fort Collins, CO",22660,2025-08-01 14:37:32.7980000 +00:00,10127
2013-10-01,2013-12-31,90,neighborhood,1,208877,0,"Kansas City, MO - Maple Park West",Kansas City,Missouri,MO,Single Family Residential,6,113950.0000,-0.1090695856,0.1994736842,75000.0000,0,-0.1615427613,73.9677,-0.1270687301,0.3075572758,61.7801,0,-0.08585771626,10,0.1111,-0.0909,NULL,NULL,NULL,13,0.0000,0.6250,NULL,NULL,NULL,NULL,NULL,NULL,122.0000,34,-2.0000,NULL,NULL,NULL,NULL,NULL,NULL,NULL,NULL,NULL,0.0000,0,0,"Kansas City, MO",28140,2025-08-01 14:37:32.7980000 +00:00,10128
2023-08-01,2023-10-31,90,neighborhood,1,155484,0,"Oklahoma City, OK - Lakeshore Estates",Oklahoma City,Oklahoma,OK,Single Family Residential,6,282500.0000,0,0.2021276596,NULL,NULL,NULL,150.2910,0,0.04628135156,NULL,NULL,NULL,2,0.0000,1.0000,1,-0.5000,NULL,NULL,NULL,NULL,NULL,NULL,NULL,NULL,NULL,NULL,26.0000,0,22.0000,0.9740,0,-0.04815758404,0.0000,0,-1,NULL,NULL,NULL,0.0000,0,NULL,"Oklahoma City, OK",36420,2025-08-01 14:37:32.7980000 +00:00,10129
2022-05-01,2022-07-31,90,neighborhood,1,556438,0,"Wilmington, DE - South Wilmington",Wilmington,Delaware,DE,Townhouse,13,139500.0000,0.003597122302,1.405172414,164750.0000,0.1776268763,0.3729166667,117.8696,0.03394355454,1.219964905,130.1213,0.1626277144,0.1385613208,4,-0.2000,-0.3333,3,-0.2500,-0.6250,6,1.0000,-0.1429,4,NULL,0.3333,NULL,NULL,NULL,11.0000,-3,-23.0000,0.9749,0.001432966652,-0.02292395771,0.2500,0.05,-0.25,NULL,NULL,NULL,0.6667,-0.08333333333,0.04166666667,"Wilmington, DE",48864,2025-08-01 14:37:32.7980000 +00:00,10130
2015-09-01,2015-11-30,90,neighborhood,1,477270,0,"St. Augustine, FL - Heritage Park",St. Augustine,Florida,FL,All Residential,-1,218186.5000,0.0540410628,0.1290375162,207400.0000,-0.09826086957,0.02419753086,99.7216,0.07284995286,0.05742580494,112.5132,0.1070324112,0.03101561245,8,-0.1111,-0.2000,13,0.0000,0.0833,12,0.7143,-0.3333,9,0.8,-0.6087,NULL,NULL,NULL,85.0000,3,-11.0000,0.9753,0.0006740435744,0.01243717731,0.0000,-0.1111111111,-0.1,NULL,NULL,NULL,0.0769,0.07692307692,-0.00641025641,"Jacksonville, FL",27260,2025-08-01 14:37:32.7980000 +00:00,10131
2020-01-01,2020-03-31,90,neighborhood,1,765163,0,"Kokomo, IN - Vinton Woods",Kokomo,Indiana,IN,All Residential,-1,82500.0000,-0.05982905983,-0.1315789474,NULL,NULL,NULL,68.5216,-0.103786837,-0.06305735268,NULL,NULL,NULL,1,-0.5000,-0.8000,1,-0.5000,-0.8000,NULL,NULL,NULL,NULL,NULL,NULL,NULL,NULL,NULL,55.0000,-16.5,9.0000,0.9717,-0.004123738211,-0.04268496988,0.0000,0,-0.2,NULL,NULL,NULL,0.0000,0,0,"Kokomo, IN",29020,2025-08-01 14:37:32.7980000 +00:00,10132
2023-09-01,2023-11-30,90,neighborhood,1,522432,0,"Buffalo, NY - West Hertel",Buffalo,New York,NY,Single Family Residential,6,170500.0000,-0.2422222222,0.065625,132500.0000,-0.17161613,-0.05289492495,169.1468,0.1915454145,0.1250230712,144.5567,-0.2054355214,0.02126282368,1,0.0000,-0.8000,NULL,NULL,NULL,2,0.0000,-0.6667,2,1,NULL,NULL,NULL,NULL,10.0000,0,-2.0000,1.0035,-0.2471633414,-0.1021493981,1.0000,0,0.2,NULL,NULL,NULL,NULL,NULL,NULL,"Buffalo, NY",15380,2025-08-01 14:37:32.7980000 +00:00,10133
2013-08-01,2013-10-31,90,neighborhood,1,100870,0,"Chandler, AZ - Ray Manor",Chandler,Arizona,AZ,Single Family Residential,6,200750.0000,-0.006188118812,0.1215083799,194950.0000,0.02605263158,0.04279219043,127.3426,-0.04307570634,0.1396810446,123.5137,0.04141519839,0.01396832493,2,-0.3333,-0.6000,2,-0.3333,-0.5000,4,0.3333,1.0000,3,0,0.5000,NULL,NULL,NULL,112.0000,92,100.0000,1.0098,0.001220347363,0.001973485499,0.5000,0.1666666667,0.1,NULL,NULL,NULL,0.5000,0.1666666667,0.25,"Phoenix, AZ",38060,2025-08-01 14:37:32.7980000 +00:00,10134
2024-09-01,2024-11-30,90,neighborhood,1,764079,0,"Auburn, AL - Camden Ridge",Auburn,Alabama,AL,All Residential,-1,372500.0000,0.04341736695,-0.1088516746,398000.0000,0,-0.06352941176,171.1304,0.004882012358,-0.03380900467,170.7640,0,0.02199838633,6,-0.1429,1.0000,3,-0.5000,-0.2500,8,0.0000,0.6000,7,0,0.4000,NULL,NULL,NULL,53.5000,38.5,-108.5000,0.9844,-0.001732801162,0.004049710061,0.0000,-0.1428571429,0,NULL,NULL,NULL,0.6667,0.3333333333,0.4166666667,"Auburn, AL",12220,2025-08-01 14:37:32.7980000 +00:00,10135
2021-09-01,2021-11-30,90,neighborhood,1,103772,0,"Mesa, AZ - Sunland Village East",Mesa,Arizona,AZ,All Residential,-1,332000.0000,-0.0119047619,0.1311754685,355000.0000,0.05985968055,0.2044105174,228.3784,0.004949031674,0.2429177334,229.9333,0.0100196779,0.2237841334,41,-0.0682,0.0250,39,-0.0930,-0.1702,51,0.0625,0.0200,22,0.2222222222,0.0476,NULL,NULL,NULL,28.5000,3.5,7.5000,1.0023,-0.003835455585,0.01355630914,0.2683,-0.04988913525,0.01829268293,NULL,NULL,NULL,0.7179,-0.002981514609,0.1647572286,"Phoenix, AZ",38060,2025-08-01 14:37:32.7980000 +00:00,10136
2020-05-01,2020-07-31,90,neighborhood,1,556818,0,"Wausau, WI - Werle Park",Wausau,Wisconsin,WI,Single Family Residential,6,108750.0000,0.2219101124,0.3262195122,99900.0000,0.08116883117,0.03095975232,55.4310,0.2231768527,-0.3348282976,68.6005,0.03469466822,0.2516588193,4,0.3333,3.0000,3,-0.5000,0.5000,3,-0.2500,2.0000,2,-0.5,NULL,NULL,NULL,NULL,64.5000,21.5,55.5000,0.9915,0.011587063,-0.03483125161,0.2500,-0.08333333333,-0.75,NULL,NULL,NULL,0.3333,-0.3333333333,-0.6666666667,"Wausau, WI",48140,2025-08-01 14:37:32.7980000 +00:00,10137
2019-07-01,2019-09-30,90,neighborhood,1,368188,0,"Galveston, TX - Kempner Park",Galveston,Texas,TX,Multi-Family (2-4 Unit),4,320000.0000,0,NULL,234390.0000,0.06647556648,NULL,76.6284,0,NULL,77.8257,0,NULL,3,0.0000,NULL,3,0.0000,NULL,10,0.1111,NULL,5,0.6666666667,NULL,NULL,NULL,NULL,10.0000,0,NULL,0.9642,0,NULL,0.0000,0,NULL,NULL,NULL,NULL,0.3333,0,NULL,"Houston, TX",26420,2025-08-01 14:37:32.7980000 +00:00,10138
2017-04-01,2017-06-30,90,neighborhood,1,556337,0,"Colonial Park, PA - Colonial Park North",Colonial Park,Pennsylvania,PA,Single Family Residential,6,268450.0000,-0.02346307748,-0.05208333333,218000.0000,-0.03111111111,-0.1276510604,122.9393,-0.005500572473,0.1255637587,112.9316,-0.04384599289,0.0353425404,40,0.2903,0.2121,39,0.3000,0.1818,45,0.2162,0.1538,41,-0.04651162791,-0.1961,NULL,NULL,NULL,99.0000,-3,-6.0000,1.0015,-0.002001250005,-0.04857786891,0.4000,0.04516129032,-0.08484848485,NULL,NULL,NULL,0.0000,0,-0.0303030303,"Harrisburg, PA",25420,2025-08-01 14:37:32.7980000 +00:00,10139
2017-07-01,2017-09-30,90,neighborhood,1,612030,0,"Sumter, SC - Burns-Downs",Sumter,South Carolina,SC,All Residential,-1,140500.0000,0.1957446809,0.2217391304,130000.0000,-0.03345724907,0.2580746619,70.2732,0.128630195,0.0363749873,68.6016,0.05764863236,0.01848899258,8,0.6000,0.6000,8,0.6000,0.6000,11,0.1000,1.7500,11,-0.08333333333,0.8333,NULL,NULL,NULL,52.5000,10.5,-130.5000,0.9359,0.008406861463,0.01573618692,0.0000,0,0,NULL,NULL,NULL,0.1250,-0.075,0.125,"Sumter, SC",44940,2025-08-01 14:37:32.7980000 +00:00,10140
2023-07-01,2023-09-30,90,neighborhood,1,765782,0,"Roswell, NM - West Side",Roswell,New Mexico,NM,Single Family Residential,6,185000.0000,0.1212121212,-0.2745098039,199000.0000,0.03645833333,0.3891797557,115.4806,-0.1452110741,0.07709932602,118.5591,0.01315333394,-0.0619442625,7,0.4000,1.3333,10,0.1111,2.3333,11,0.1000,0.8333,10,0.25,0.2500,NULL,NULL,NULL,9.5000,-18,-85.5000,NULL,NULL,NULL,0.0000,0,0,NULL,NULL,NULL,0.5000,-0.1666666667,0.5,"Roswell, NM",40740,2025-08-01 14:37:32.7980000 +00:00,10141
2012-06-01,2012-08-31,90,neighborhood,1,135585,0,"Lakeland, FL - Lone Palm Golf Course",Lakeland,Florida,FL,All Residential,-1,370000.0000,NULL,NULL,249450.0000,NULL,NULL,105.8352,NULL,NULL,101.9195,NULL,NULL,1,0.0000,NULL,1,NULL,NULL,2,NULL,NULL,7,NULL,NULL,NULL,NULL,NULL,660.0000,NULL,NULL,0.9252,NULL,NULL,0.0000,NULL,NULL,NULL,NULL,NULL,0.0000,NULL,NULL,"Lakeland, FL",29460,2025-08-01 14:37:32.7980000 +00:00,10142
2024-12-01,2025-02-28,90,neighborhood,1,120148,0,"Long Beach, CA - Willmore City",Long Beach,California,CA,Single Family Residential,6,542500.0000,-0.15234375,0.01401869159,625000.0000,0.02124183007,-0.2774566474,653.6662,-0.1798532468,0.07030196503,713.0952,-0.05143764298,0.1771954234,2,1.0000,1.0000,NULL,NULL,NULL,3,0.5000,0.5000,3,0.5,0.0000,NULL,NULL,NULL,57.5000,42.5,-28.5000,1.0232,-0.04521271717,0.003992934853,0.5000,-0.5,-0.5,NULL,NULL,NULL,NULL,NULL,NULL,"Los Angeles, CA",31084,2025-08-01 14:37:32.7980000 +00:00,10143
2025-01-01,2025-03-31,90,neighborhood,1,766966,0,"Ojai, CA - Gridley-Boardman",Ojai,California,CA,All Residential,-1,2085000.0000,0,NULL,NULL,NULL,NULL,592.8348,0,NULL,NULL,NULL,NULL,1,0.0000,NULL,1,0.0000,NULL,NULL,NULL,NULL,NULL,NULL,NULL,NULL,NULL,NULL,121.0000,0,NULL,0.9371,0,NULL,0.0000,0,NULL,NULL,NULL,NULL,0.0000,0,NULL,"Oxnard, CA",37100,2025-08-01 14:37:32.7980000 +00:00,10144
2016-06-01,2016-08-31,90,neighborhood,1,114777,0,"Palm Springs, CA - Palm Highlands",Palm Springs,California,CA,All Residential,-1,601000.0000,-0.03916866507,NULL,NULL,NULL,NULL,273.1818,-0.1989559616,NULL,NULL,NULL,NULL,3,0.5000,NULL,2,-0.3333,NULL,NULL,NULL,NULL,NULL,NULL,NULL,NULL,NULL,NULL,175.0000,-1387,NULL,0.9542,-0.0147387243,NULL,0.0000,0,NULL,NULL,NULL,NULL,0.0000,-0.3333333333,NULL,"Riverside, CA",40140,2025-08-01 14:37:32.7980000 +00:00,10145
2025-02-01,2025-04-30,90,neighborhood,1,760144,0,"Defiance, OH - South Defiance",Defiance,Ohio,OH,All Residential,-1,191250.0000,0.4825581395,NULL,147500.0000,-0.1180866966,NULL,111.7084,-0.05271265908,NULL,101.1744,-0.1511899237,NULL,2,-0.3333,NULL,2,0.0000,NULL,4,1.0000,NULL,1,-0.5,NULL,NULL,NULL,NULL,32.0000,-7,NULL,1.0083,0.09904771405,NULL,1.0000,0.6666666667,NULL,NULL,NULL,NULL,0.5000,0,NULL,"Defiance, OH",19580,2025-08-01 14:37:32.7980000 +00:00,10146
2024-03-01,2024-05-31,90,neighborhood,1,348006,0,"Fall River, MA - Lower Highlands",Fall River,Massachusetts,MA,Single Family Residential,6,343750.0000,0.03383458647,-0.2361111111,609450.0000,-0.1872916389,-0.06224034467,206.5679,0.4748640833,0.3077771064,190.9856,-0.08212794458,0.2257287482,2,1.0000,0.0000,3,0.0000,0.0000,4,0.3333,0.3333,3,0.5,NULL,NULL,NULL,NULL,51.5000,30.5,25.0000,0.9751,0.01130849552,0.05758685035,0.0000,0,0,NULL,NULL,NULL,0.0000,-0.3333333333,-0.3333333333,"Providence, RI",39300,2025-08-01 14:37:32.7980000 +00:00,10147
2014-01-01,2014-03-31,90,neighborhood,1,14744,0,"North Tustin, CA - Lemon Heights",North Tustin,California,CA,All Residential,-1,1272500.0000,0.01881505204,0.4460227273,1229900.0000,-0.04246953949,0.2398185484,314.4845,0.001068974351,-0.0006841282636,388.2538,0.2112426153,0.2608616582,8,-0.2727,0.1429,19,0.7273,0.7273,19,0.5833,0.9000,15,0,0.8750,NULL,NULL,NULL,125.0000,7,89.0000,0.9515,0.003283093564,-0.03791255494,0.0000,0,-0.2857142857,NULL,NULL,NULL,0.2105,0.2105263158,0.02870813397,"Anaheim, CA",11244,2025-08-01 14:37:32.7980000 +00:00,10148
2014-06-01,2014-08-31,90,neighborhood,1,555306,0,"Burien, WA - Manhattan",Burien,Washington,WA,All Residential,-1,193000.0000,-0.4668508287,-0.1242200794,176000.0000,-0.04967602592,-0.2346162209,163.5593,-0.03286661754,0.5068805101,143.5506,0.1345099057,-0.1066233805,21,0.2353,1.1000,26,0.1304,0.3684,18,0.1250,-0.1429,13,0,-0.1333,NULL,NULL,NULL,40.0000,-3,14.5000,0.9817,-0.008642148381,-0.02860245937,0.2381,-0.05602240896,-0.2619047619,NULL,NULL,NULL,0.2692,0.05183946488,-0.2044534413,"Seattle, WA",42644,2025-08-01 14:37:32.7980000 +00:00,10149
2017-12-01,2018-02-28,90,neighborhood,1,351690,0,"Memphis, TN - Pidgeon Estates",Memphis,Tennessee,TN,Single Family Residential,6,328000.0000,0.223880597,0.2862745098,340000.0000,0,0.3602720544,136.1111,0.2098765432,-0.05553547765,151.2937,-0.052491632,0.1253250881,13,0.8571,0.6250,12,0.0000,0.0909,8,0.0000,-0.2000,8,-0.2727272727,-0.2000,NULL,NULL,NULL,116.5000,-11.5,87.5000,0.9761,0.007718607654,0.01004203033,0.2308,0.2307692308,0.1057692308,NULL,NULL,NULL,0.3333,0,-0.2121212121,"Memphis, TN",32820,2025-08-01 14:37:32.7980000 +00:00,10150
2022-06-01,2022-08-31,90,neighborhood,1,186640,0,"Detroit, MI - Pulaski",Detroit,Michigan,MI,All Residential,-1,45750.0000,-0.004081632653,0.425944396,49900.0000,-0.002,0.1088888889,46.4099,-0.008557396599,0.5802726526,42.5886,-0.05577375931,0.0463658634,2,-0.8000,-0.8000,3,0.0000,-0.7500,18,0.3846,-0.1000,24,0.2,0.4118,NULL,NULL,NULL,42.0000,-49.5,35.0000,0.9106,0.01905687009,0.002030303324,0.0000,-0.1,-0.2,NULL,NULL,NULL,0.3333,0,-0.1666666667,"Detroit, MI",19804,2025-08-01 14:37:32.7980000 +00:00,10151
2021-04-01,2021-06-30,90,neighborhood,1,161519,0,"Memphis, TN - Frayser-Raleigh Pd",Memphis,Tennessee,TN,Condo/Co-op,3,54250.0000,-0.3617647059,0.1793478261,49500.0000,0.03125,-0.3373493976,81.4941,0.08938380106,0.05348060114,84.0407,0.03125,-0.001001521202,6,-0.3333,0.0000,4,-0.3333,0.3333,6,-0.1429,0.5000,2,0,0.0000,NULL,NULL,NULL,20.5000,4.5,14.0000,0.9816,-0.00775533533,0.03643659387,0.1667,-0.05555555556,0,NULL,NULL,NULL,0.5000,-0.1666666667,-0.1666666667,"Memphis, TN",32820,2025-08-01 14:37:32.7980000 +00:00,10152
2014-04-01,2014-06-30,90,neighborhood,1,398518,0,"Jupiter, FL - Penn Park",Jupiter,Florida,FL,Single Family Residential,6,169275.0000,0,0.3122093023,184900.0000,0,0.075,100.0443,-0.0352868541,0.3184136016,153.5714,0,0.1063923943,1,-0.6667,0.0000,1,-0.6667,-0.5000,1,0.0000,-0.5000,NULL,NULL,NULL,NULL,NULL,NULL,47.0000,9,3.0000,0.8956,-0.04761397284,-0.05992063492,0.0000,0,0,NULL,NULL,NULL,0.0000,-0.6666666667,-0.5,"West Palm Beach, FL",48424,2025-08-01 14:37:32.7980000 +00:00,10153
2015-02-01,2015-04-30,90,neighborhood,1,221033,0,"Edgemoor, DE - Gordon Heights",Edgemoor,Delaware,DE,All Residential,-1,111750.0000,-0.1902173913,-0.4920454545,234900.0000,0.044,0.74,135.3995,-0.03702920499,0.2616774383,119.0476,-0.06746031746,-0.1215846018,4,0.0000,3.0000,6,0.5000,2.0000,10,2.3333,1.0000,12,0.7142857143,1.4000,NULL,NULL,NULL,118.5000,48.5,112.5000,0.9448,-0.01200877017,0.01844233402,0.0000,-0.25,0,NULL,NULL,NULL,0.3333,0.08333333333,0.3333333333,"Wilmington, DE",48864,2025-08-01 14:37:32.7980000 +00:00,10154
2018-10-01,2018-12-31,90,neighborhood,1,110196,0,"Palm Springs, CA - Sunrise Vista Chino",Palm Springs,California,CA,All Residential,-1,321250.0000,0.01984126984,0.04983660131,319000.0000,-0.04060150376,0.1038062284,254.0754,-0.00593003413,-0.05225381403,278.7540,0.03307040784,0.04570094066,6,-0.1429,0.5000,6,-0.2500,0.0000,7,-0.3000,0.0000,6,-0.1428571429,-0.1429,NULL,NULL,NULL,26.0000,-15,-15.5000,0.9808,0.00405328457,0.01400533464,0.0000,0,0,NULL,NULL,NULL,0.3333,-0.04166666667,0,"Riverside, CA",40140,2025-08-01 14:37:32.7980000 +00:00,10155
2020-12-01,2021-02-28,90,neighborhood,1,396799,0,"Miami, FL - Creole District",Miami,Florida,FL,Multi-Family (2-4 Unit),4,264950.0000,-0.1168333333,-0.2207352941,350000.0000,0,-0.06666666667,145.8840,-0.1956928247,-0.3806008074,264.0288,0.1867960177,-0.1734139089,2,-0.3333,-0.3333,5,0.2500,0.6667,7,0.4000,6.0000,7,0.75,0.4000,NULL,NULL,NULL,22.5000,-5.5,-42.5000,0.8806,-0.09486037839,-0.084157052,0.0000,-0.3333333333,-0.3333333333,NULL,NULL,NULL,0.4000,0.15,0.4,"Miami, FL",33124,2025-08-01 14:37:32.7980000 +00:00,10156
2013-10-01,2013-12-31,90,neighborhood,1,763664,0,"East Peoria, IL - Robein",East Peoria,Illinois,IL,Single Family Residential,6,114000.0000,0.52,0.2258064516,132150.0000,0,0.2597712107,73.9300,0.07346303502,0.5875067989,98.5299,0,0.3825180148,3,0.0000,2.0000,3,0.0000,2.0000,2,0.0000,-0.3333,1,-0.6666666667,-0.7500,NULL,NULL,NULL,123.0000,24,-207.0000,0.9669,0.01044583633,0.0359836809,0.0000,0,0,NULL,NULL,NULL,0.0000,0,0,"Peoria, IL",37900,2025-08-01 14:37:32.7980000 +00:00,10157
2023-04-01,2023-06-30,90,neighborhood,1,273096,0,"Lake Stickney, WA - Paine Field-Lake Stickney",Lake Stickney,Washington,WA,Townhouse,13,635500.0000,0.01282970755,0.1247787611,622950.0000,0.03833652804,-0.02511737089,362.7531,0.007852175951,-0.05107088532,363.5182,0.009977897158,-0.004712245264,46,0.3529,0.8400,25,-0.3056,-0.2857,33,-0.1081,-0.3774,6,0,-0.6250,NULL,NULL,NULL,6.0000,-1.5,1.0000,1.0068,-0.001236932313,-0.06750873464,0.3261,-0.05626598465,-0.3539130435,NULL,NULL,NULL,0.7600,-0.01777777778,-0.1257142857,"Seattle, WA",42644,2025-08-01 14:37:32.7980000 +00:00,10158
2017-03-01,2017-05-31,90,neighborhood,1,156450,0,"Philadelphia, PA - Carroll Park",Philadelphia,Pennsylvania,PA,All Residential,-1,60000.0000,0,0.4545454545,50000.0000,-0.04761904762,-0.1652754591,44.9907,0.2494566658,0.3523944231,42.9032,-0.07329079997,-0.1340009375,21,0.2353,-0.1250,25,0.2500,0.0000,27,-0.1563,-0.2059,23,-0.2333333333,-0.5208,NULL,NULL,NULL,67.0000,33,4.5000,0.9610,-0.01667927638,0.05089410599,0.1905,-0.04481792717,0.1071428571,NULL,NULL,NULL,0.2000,-0.05,0.2,"Philadelphia, PA",37964,2025-08-01 14:37:32.7980000 +00:00,10159
2015-06-01,2015-08-31,90,neighborhood,1,547390,0,"Yucaipa, CA - Wildwood",Yucaipa,California,CA,Single Family Residential,6,517500.0000,-0.004807692308,0.131147541,515000.0000,-0.0593521402,-0.1400557044,192.4478,0.05114174421,0.1469138792,188.0248,0.005109470568,0.1006136688,20,0.0526,0.1111,20,0.0000,0.0526,19,-0.0500,0.2667,26,-0.03703703704,0.2381,NULL,NULL,NULL,68.0000,-2.5,15.0000,0.9862,-0.0001124669005,0.01505607474,0.2000,-0.06315789474,0.08888888889,NULL,NULL,NULL,0.1000,0,-0.1105263158,"Riverside, CA",40140,2025-08-01 14:37:32.7980000 +00:00,10160
2022-05-01,2022-07-31,90,neighborhood,1,548626,0,"West Freehold, NJ - Freewood Acres",West Freehold,New Jersey,NJ,Single Family Residential,6,342500.0000,-0.08666666667,-0.01296829971,338500.0000,0.0832,-0.1408629442,256.1863,-0.1835652506,-0.02361876483,218.7158,0.1361406199,-0.1953076352,8,0.3333,-0.2000,10,0.6667,-0.0909,10,0.6667,-0.2857,6,-0.3333333333,-0.1429,NULL,NULL,NULL,122.5000,5,106.0000,1.0200,0.01478748791,-0.02006462685,0.6250,0.125,0.025,NULL,NULL,NULL,0.6000,0.1,0.2363636364,"New Brunswick, NJ",35154,2025-08-01 14:37:32.7980000 +00:00,10161
2022-09-01,2022-11-30,90,neighborhood,1,1849,0,"Richmond, CA - North & East",Richmond,California,CA,All Residential,-1,617500.0000,-0.008828250401,-0.05,599000.0000,0,-0.0007506881308,549.8490,-0.06317167179,-0.0835850813,549.3781,-0.006717147064,0.01871894517,36,-0.1429,-0.2653,35,-0.1250,-0.2708,34,-0.1707,-0.2917,17,-0.1904761905,0.3077,NULL,NULL,NULL,26.5000,3,10.5000,1.0078,-0.01192910532,-0.1020065968,0.4167,-0.1071428571,-0.481292517,NULL,NULL,NULL,0.2000,0.1,-0.3,"Oakland, CA",36084,2025-08-01 14:37:32.7980000 +00:00,10162
2018-07-01,2018-09-30,90,neighborhood,1,762035,0,"Bloomington, IN - Elm Heights",Bloomington,Indiana,IN,Single Family Residential,6,330000.0000,0,-0.09465020576,310000.0000,-0.1077852928,-0.06032130949,188.4615,0,0.02261916375,166.4432,-0.07741012432,-0.04216650481,11,-0.3529,0.3750,11,-0.3125,0.3750,6,-0.5000,-0.2500,12,-0.07692307692,0.0000,NULL,NULL,NULL,80.0000,5,6.0000,0.9753,0.000730951063,-0.007623219403,0.0909,0.0320855615,0.09090909091,NULL,NULL,NULL,0.0000,-0.0625,0,"Bloomington, IN",14020,2025-08-01 14:37:32.7980000 +00:00,10163
2016-09-01,2016-11-30,90,neighborhood,1,496783,0,"Rochester, NY - The Vineyards Area",Rochester,New York,NY,Multi-Family (2-4 Unit),4,34000.0000,-0.2765957447,NULL,NULL,NULL,NULL,15.3284,-0.317721645,NULL,NULL,NULL,NULL,2,1.0000,NULL,NULL,NULL,NULL,NULL,NULL,NULL,NULL,NULL,NULL,NULL,NULL,NULL,272.0000,3,NULL,0.8221,-0.1197713152,NULL,0.0000,0,NULL,NULL,NULL,NULL,NULL,NULL,NULL,"Rochester, NY",40380,2025-08-01 14:37:32.7980000 +00:00,10164
2016-11-01,2017-01-31,90,neighborhood,1,1703,0,"Baltimore, MD - Mid-Town Belvedere",Baltimore,Maryland,MD,Condo/Co-op,3,215000.0000,0.1944444444,0.1653116531,115000.0000,-0.4510739857,-0.5,219.4587,0.5020726652,0.2688569972,150.5646,-0.1696133227,-0.2205526823,5,0.0000,0.2500,6,0.0000,0.2000,11,-0.3529,0.2222,20,-0.1304347826,0.3333,NULL,NULL,NULL,64.0000,0,45.5000,0.9764,0.04164502165,0.006575843093,0.0000,0,0,NULL,NULL,NULL,0.0000,0,-0.2,"Baltimore, MD",12580,2025-08-01 14:37:32.7980000 +00:00,10165
2016-06-01,2016-08-31,90,neighborhood,1,556339,0,"Battle Creek, MI - Southwest Battle Creek",Battle Creek,Michigan,MI,All Residential,-1,180950.0000,0.3017985612,-0.160324826,183000.0000,0.2208138759,0.2887323944,78.1126,0.05807091368,-0.0317825002,84.6438,0.06789186967,-0.07149444497,14,-0.2632,0.0000,13,-0.2353,-0.0714,11,0.5714,-0.3125,9,0.8,-0.5500,NULL,NULL,NULL,28.5000,-21.5,-32.0000,0.9730,-0.001843693514,0.0004455447797,0.0000,-0.05263157895,-0.07142857143,NULL,NULL,NULL,0.2308,0.1131221719,0.2307692308,"Battle Creek, MI",12980,2025-08-01 14:37:32.7980000 +00:00,10166
2022-02-01,2022-04-30,90,neighborhood,1,119027,0,"Yorba Linda, CA - Bryant Ranch",Yorba Linda,California,CA,Townhouse,13,605000.0000,-0.3826530612,NULL,549900.0000,-0.2811294856,NULL,483.2268,0.08479494034,NULL,439.2173,-0.007050403408,NULL,1,-0.6667,NULL,1,-0.5000,NULL,1,-0.5000,NULL,NULL,NULL,NULL,NULL,NULL,NULL,4.0000,0,NULL,1.1002,0.06106453167,NULL,1.0000,0.3333333333,NULL,NULL,NULL,NULL,1.0000,0.5,NULL,"Anaheim, CA",11244,2025-08-01 14:37:32.7980000 +00:00,10167
2014-11-01,2015-01-31,90,neighborhood,1,117073,0,"Mission Viejo, CA - Califia",Mission Viejo,California,CA,Single Family Residential,6,775000.0000,0.06896551724,-0.04320987654,755000.0000,0,-0.08484848485,307.0392,-0.04711967546,-0.006418055279,335.5556,0.01265051059,0.03725563753,6,0.2000,0.0000,8,0.0000,0.3333,5,0.0000,0.6667,2,-0.6,-0.5000,NULL,NULL,NULL,98.5000,44.5,12.5000,0.9763,-2.192412497E-06,0.002227010135,0.1667,0.1666666667,0.1666666667,NULL,NULL,NULL,0.1250,0,-0.04166666667,"Anaheim, CA",11244,2025-08-01 14:37:32.7980000 +00:00,10168
2013-01-01,2013-03-31,90,neighborhood,1,550475,0,"Ann Arbor, MI - Yost",Ann Arbor,Michigan,MI,Single Family Residential,6,207500.0000,0,-0.03488372093,NULL,NULL,NULL,214.0265,0,0.4613528646,NULL,NULL,NULL,2,0.0000,1.0000,2,0.0000,1.0000,NULL,NULL,NULL,NULL,NULL,NULL,NULL,NULL,NULL,693.0000,0,595.0000,0.9411,0,-0.05889537971,0.0000,0,0,NULL,NULL,NULL,0.0000,0,0,"Ann Arbor, MI",11460,2025-08-01 14:37:32.7980000 +00:00,10169
2014-08-01,2014-10-31,90,neighborhood,1,763685,0,"Peoria, IL - University East",Peoria,Illinois,IL,All Residential,-1,80000.0000,NULL,0.6161616162,64900.0000,NULL,0.9666666667,37.9507,NULL,0.6920344755,37.1069,NULL,0.9645569088,1,0.0000,-0.5000,1,NULL,-0.5000,3,NULL,0.0000,9,NULL,0.0000,NULL,NULL,NULL,44.0000,NULL,-635.5000,0.9423,NULL,-0.03487840553,0.0000,NULL,-0.5,NULL,NULL,NULL,0.0000,NULL,0,"Peoria, IL",37900,2025-08-01 14:37:32.7980000 +00:00,10170
2013-03-01,2013-05-31,90,neighborhood,1,60036,0,"Gloucester, MA - Magnolia",Gloucester,Massachusetts,MA,All Residential,-1,365000.0000,0.07511045655,0.0798816568,408950.0000,0.1423184358,-0.4090317919,192.1053,0.2922409959,0.03800877193,215.3247,-0.06856691729,0.02104323054,3,0.5000,-0.6667,8,0.6000,0.3333,12,0.7143,0.5000,18,0.2,-0.0526,NULL,NULL,NULL,102.0000,-61.5,-61.0000,0.9323,-0.009567246524,-0.04551006523,0.0000,0,-0.1111111111,NULL,NULL,NULL,0.1250,0.125,-0.2083333333,"Boston, MA",14454,2025-08-01 14:37:32.7980000 +00:00,10171
2018-09-01,2018-11-30,90,neighborhood,1,765985,0,"San Antonio, TX - Monte Vista Terrace",San Antonio,Texas,TX,All Residential,-1,285000.0000,0.737804878,0.1445783133,335000.0000,0,0.1454949564,104.3192,0.0164759133,-0.3824639701,150.2473,-0.05797200343,-0.144480258,3,2.0000,0.0000,2,0.0000,-0.3333,2,-0.5000,0.0000,4,-0.2,0.3333,NULL,NULL,NULL,52.0000,-373,-5.0000,0.9055,-0.006140765468,-0.06601166976,0.0000,0,0,NULL,NULL,NULL,0.5000,0,0.1666666667,"San Antonio, TX",41700,2025-08-01 14:37:32.7980000 +00:00,10172
2014-01-01,2014-03-31,90,neighborhood,1,351654,0,"Midlothian, VA - Salisbury",Midlothian,Virginia,VA,Single Family Residential,6,385000.0000,-0.03990024938,0.09375,425000.0000,0.07594936709,-0.05539812191,133.8000,-0.03712517647,0.1525957221,136.5207,0.03237327189,0.01080408349,10,-0.0909,-0.3333,10,-0.0909,-0.2857,9,0.2857,-0.6786,6,0.5,-0.6842,NULL,NULL,NULL,52.0000,1,-3.0000,0.9700,-0.0005810821492,0.007835096246,0.0000,0,0,NULL,NULL,NULL,0.0000,0,0,"Richmond, VA",40060,2025-08-01 14:37:32.7980000 +00:00,10173
2018-10-01,2018-12-31,90,neighborhood,1,63604,0,"Danville, CA - La Gonda Way",Danville,California,CA,Condo/Co-op,3,507500.0000,0,NULL,NULL,NULL,NULL,501.4822,0,NULL,NULL,NULL,NULL,1,0.0000,NULL,1,0.0000,NULL,NULL,NULL,NULL,NULL,NULL,NULL,NULL,NULL,NULL,72.0000,0,NULL,0.9769,0,NULL,0.0000,0,NULL,NULL,NULL,NULL,0.0000,0,NULL,"Oakland, CA",36084,2025-08-01 14:37:32.7980000 +00:00,10174
2018-03-01,2018-05-31,90,neighborhood,1,547488,0,"Los Angeles, CA - Westwood Village",Los Angeles,California,CA,All Residential,-1,625000.0000,0,0.05485232068,NULL,NULL,NULL,937.0315,0,0.1513230726,NULL,NULL,NULL,1,0.0000,0.0000,NULL,NULL,NULL,NULL,NULL,NULL,NULL,NULL,NULL,NULL,NULL,NULL,24.0000,0,9.0000,0.9630,0,-0.3391777714,0.0000,0,-1,NULL,NULL,NULL,NULL,NULL,NULL,"Los Angeles, CA",31084,2025-08-01 14:37:32.7980000 +00:00,10175
2012-12-01,2013-02-28,90,neighborhood,1,41923,0,"Warrenville, IL - Forest Preserve",Warrenville,Illinois,IL,All Residential,-1,290000.0000,NULL,-0.09375,384900.0000,NULL,0.3229077161,90.6250,NULL,-0.3447640598,137.8088,NULL,0.1852631389,1,0.0000,-0.7500,1,NULL,0.0000,1,NULL,-0.5000,3,NULL,-0.5714,NULL,NULL,NULL,831.0000,NULL,659.5000,0.8926,NULL,-0.01294345087,0.0000,NULL,0,NULL,NULL,NULL,0.0000,NULL,0,"Chicago, IL",16984,2025-08-01 14:37:32.7980000 +00:00,10176
2013-08-01,2013-10-31,90,neighborhood,1,182153,0,"Baltimore, MD - Christopher",Baltimore,Maryland,MD,Single Family Residential,6,149950.0000,-0.09066100667,0.4280952381,189900.0000,0,0.3820960699,120.7087,0.09816846556,0.07117795832,107.2881,-0.125125319,0.02513066107,4,-0.4286,-0.4286,5,-0.3750,-0.2857,9,0.2857,-0.1000,10,-0.09090909091,0.0000,NULL,NULL,NULL,104.5000,50.5,55.5000,0.8888,-0.04699397664,-0.1126393635,0.0000,0,-0.4285714286,NULL,NULL,NULL,0.0000,-0.125,-0.1428571429,"Baltimore, MD",12580,2025-08-01 14:37:32.7980000 +00:00,10177
2012-08-01,2012-10-31,90,neighborhood,1,554766,0,"Petaluma, CA - A Street Historic District",Petaluma,California,CA,All Residential,-1,515000.0000,-0.3719512195,0.4265927978,579000.0000,0,0.9364548495,221.2199,-0.4331913712,-0.1328914051,258.5982,0,0.1796919948,1,0.0000,0.0000,1,0.0000,0.0000,2,0.0000,1.0000,1,0,0.0000,NULL,NULL,NULL,14.0000,-4,-36.0000,1.0321,-0.02327692708,0.229841906,1.0000,0,1,NULL,NULL,NULL,1.0000,0,1,"Santa Rosa, CA",42220,2025-08-01 14:37:32.7980000 +00:00,10178
2022-11-01,2023-01-31,90,neighborhood,1,394053,0,"Boynton Beach, FL - Boynton Lakes Plaza",Boynton Beach,Florida,FL,All Residential,-1,320000.0000,-0.2289156627,-0.05882352941,370000.0000,-0.06210392902,0.05729389913,251.4193,-0.07280818068,-0.03517679207,303.0303,0.1578530653,0.1332191524,5,-0.2857,-0.8077,4,-0.4286,-0.8182,7,-0.1250,-0.6111,10,0.25,1.0000,NULL,NULL,NULL,48.0000,5,13.5000,0.9755,-0.007669946838,-0.02915467538,0.0000,0,-0.5384615385,NULL,NULL,NULL,0.0000,-0.4285714286,-0.7272727273,"West Palm Beach, FL",48424,2025-08-01 14:37:32.7980000 +00:00,10179
2024-04-01,2024-06-30,90,neighborhood,1,161817,0,"Kansas City, KS - Armourdale",Kansas City,Kansas,KS,Single Family Residential,6,175000.0000,0.320754717,-0.121706399,170000.0000,0.1021069692,-0.09066595346,127.7372,0.01083032491,-0.240409467,161.2903,0.07462686567,0.1495214129,1,-0.5000,-0.5000,NULL,NULL,NULL,5,0.2500,-0.1667,NULL,NULL,NULL,NULL,NULL,NULL,51.0000,10,26.5000,NULL,NULL,NULL,NULL,NULL,NULL,NULL,NULL,NULL,0.0000,0,-0.6666666667,"Kansas City, MO",28140,2025-08-01 14:37:32.7980000 +00:00,10180
2017-08-01,2017-10-31,90,neighborhood,1,765909,0,"Dallas, TX - South Side",Dallas,Texas,TX,Townhouse,13,492789.0000,0.01605979381,NULL,525000.0000,0.01449275362,NULL,220.4105,0.1397720659,NULL,209.0800,0.01449275362,NULL,3,2.0000,NULL,2,1.0000,NULL,1,-0.5000,NULL,5,-0.1666666667,NULL,NULL,NULL,NULL,100.0000,-175,NULL,0.9221,0.06367862369,NULL,0.0000,0,NULL,NULL,NULL,NULL,0.0000,0,NULL,"Dallas, TX",19124,2025-08-01 14:37:32.7980000 +00:00,10181
2016-02-01,2016-04-30,90,neighborhood,1,2997,0,"Baltimore, MD - Westgate",Baltimore,Maryland,MD,Townhouse,13,104000.0000,-0.1578947368,-0.3827893175,150000.0000,NULL,0.6224986479,89.6552,-0.206380171,-0.3529929397,99.5772,NULL,0.328393654,1,-0.7500,0.0000,2,0.0000,1.0000,2,NULL,-0.6667,2,NULL,-0.7143,NULL,NULL,NULL,173.0000,141,26.0000,0.9123,-0.05478822298,-0.07947915699,0.0000,-0.25,0,NULL,NULL,NULL,0.0000,0,0,"Baltimore, MD",12580,2025-08-01 14:37:32.7980000 +00:00,10182
2013-09-01,2013-11-30,90,neighborhood,1,186381,0,"Worcester, MA - Shrewsbury Street",Worcester,Massachusetts,MA,Single Family Residential,6,99000.0000,-0.4980988593,-0.0991810737,172200.0000,0.5726027397,0.915461624,82.2259,-0.3409863999,0.1013334381,113.4808,0.1918077121,0.307743391,3,-0.2500,0.0000,1,-0.7500,-0.7500,2,-0.3333,-0.3333,3,0,0.0000,NULL,NULL,NULL,199.0000,113,113.0000,0.9674,0.02901899316,0.002817516588,0.3333,0.3333333333,0,NULL,NULL,NULL,0.0000,0,-0.5,"Worcester, MA",49340,2025-08-01 14:37:32.7980000 +00:00,10183
2020-12-01,2021-02-28,90,neighborhood,1,108327,0,"Las Vegas, NV - Canyon Gate",Las Vegas,Nevada,NV,Single Family Residential,6,1037000.0000,0.04273504274,0.2607902736,759900.0000,-0.02508178844,-0.01935733643,288.4563,0.1534614893,0.4843653569,266.6879,0.02442002442,0.3133060583,4,-0.3333,-0.3333,4,0.0000,-0.3333,3,-0.2500,-0.5714,1,-0.5,-0.8571,NULL,NULL,NULL,62.5000,-31.5,-147.0000,0.9593,-0.006684180273,0.05666186146,0.0000,0,0,NULL,NULL,NULL,0.5000,0,0.5,"Las Vegas, NV",29820,2025-08-01 14:37:32.7980000 +00:00,10184
2015-06-01,2015-08-31,90,neighborhood,1,2529,0,"Boston, MA - South End",Boston,Massachusetts,MA,Multi-Family (2-4 Unit),4,2202500.0000,0.6314814815,NULL,2897500.0000,0.05459508644,NULL,711.4116,0.5129352458,NULL,930.9153,0.03633172017,NULL,2,1.0000,NULL,3,-0.4000,NULL,4,-0.3333,NULL,2,-0.3333333333,NULL,NULL,NULL,NULL,4.0000,3,NULL,1.0009,0.01910760358,NULL,0.5000,0.5,NULL,NULL,NULL,NULL,0.6667,-0.1333333333,NULL,"Boston, MA",14454,2025-08-01 14:37:32.7980000 +00:00,10185
2024-04-01,2024-06-30,90,neighborhood,1,762870,0,"Claremont, CA - North Claremont",Claremont,California,CA,Single Family Residential,6,1253000.0000,0.01211631664,0.1390909091,1250000.0000,0,0.1904761905,491.9770,0.02121915563,0.08394504537,476.5507,0,-0.02442866527,12,0.2000,0.0909,12,-0.1429,-0.0769,13,-0.1333,0.1818,4,-0.5,-0.3333,NULL,NULL,NULL,33.0000,16,-10.0000,1.0199,-0.001190692034,0.02175684773,0.7500,-0.05,0.2954545455,NULL,NULL,NULL,0.6667,0.09523809524,0.2820512821,"Los Angeles, CA",31084,2025-08-01 14:37:32.7980000 +00:00,10186
2025-05-01,2025-07-31,90,neighborhood,1,218878,0,"Naples, FL - Grey Oaks",Naples,Florida,FL,Single Family Residential,6,3815000.0000,0.1220588235,0.2111111111,4022500.0000,0.05163398693,-0.4791194561,1078.8127,0.1105424972,0.1264433105,1195.6433,-0.0703292356,-0.2021913829,6,-0.4545,-0.5385,3,-0.5714,-0.7000,4,0.0000,0.0000,8,0.3333333333,-0.1111,NULL,NULL,NULL,77.0000,43,3.0000,0.9150,0.006322552126,-0.0307187178,0.0000,0,0,NULL,NULL,NULL,0.0000,0,0,"Naples, FL",34940,2025-08-01 14:37:32.7980000 +00:00,10187
2022-09-01,2022-11-30,90,neighborhood,1,131748,0,"Lakeland, FL - Lake Hollingsworth",Lakeland,Florida,FL,Single Family Residential,6,377500.0000,0.001326259947,0.03424657534,450000.0000,0.1644455945,0.2564567918,224.5774,-0.03784554701,0.1322168163,230.0613,0.08667160666,0.1918841008,12,-0.2000,-0.2500,9,-0.4000,-0.5714,13,-0.0714,-0.2778,10,-0.1666666667,-0.0909,NULL,NULL,NULL,22.0000,5,3.0000,0.9626,-0.01259888427,-0.01022561812,0.0833,-0.05,-0.04166666667,NULL,NULL,NULL,0.7778,0.1111111111,0.3492063492,"Lakeland, FL",29460,2025-08-01 14:37:32.7980000 +00:00,10188
2021-02-01,2021-04-30,90,neighborhood,1,76507,0,"Palm Harbor, FL - Fox Chase",Palm Harbor,Florida,FL,Condo/Co-op,3,126500.0000,0.003968253968,0.2974358974,127750.0000,0.05578512397,0.1613636364,157.2739,0.07595856102,0.3480621606,152.6851,0.09353934603,0.2958704534,3,0.5000,-0.5714,4,0.0000,-0.4286,4,0.3333,-0.4286,NULL,NULL,NULL,NULL,NULL,NULL,14.5000,-4.5,-21.5000,0.9901,0.004938271605,0.02914716537,0.0000,0,0,NULL,NULL,NULL,1.0000,0.25,0.8571428571,"Tampa, FL",45300,2025-08-01 14:37:32.7980000 +00:00,10189
2017-10-01,2017-12-31,90,neighborhood,1,368927,0,"Houston, TX - Campbell Place",Houston,Texas,TX,All Residential,-1,995000.0000,NULL,-0.02391171061,NULL,NULL,NULL,386.2463,NULL,0.7329604551,NULL,NULL,NULL,2,0.0000,0.0000,2,NULL,0.0000,NULL,NULL,NULL,2,NULL,NULL,NULL,NULL,NULL,558.0000,NULL,363.0000,0.9084,NULL,-0.06333283449,0.0000,NULL,0,NULL,NULL,NULL,0.0000,NULL,0,"Houston, TX",26420,2025-08-01 14:37:32.7980000 +00:00,10190
2016-02-01,2016-04-30,90,neighborhood,1,2994,0,"Baltimore, MD - West Forest Park",Baltimore,Maryland,MD,Townhouse,13,36237.0000,0.5122694266,0.9587567568,74949.5000,0.0823032491,4.030167785,20.3770,0.07828048488,0.2226194277,53.2610,0.2225425351,3.913326718,2,0.0000,-0.3333,2,0.0000,-0.5000,6,2.0000,1.0000,8,0.6,0.1429,NULL,NULL,NULL,272.0000,30.5,191.0000,1.2638,-0.2629846154,0.292356044,1.0000,0.5,0.6666666667,NULL,NULL,NULL,0.0000,0,0,"Baltimore, MD",12580,2025-08-01 14:37:32.7980000 +00:00,10191
2016-10-01,2016-12-31,90,neighborhood,1,111613,0,"San Jose, CA - Ashbridge",San Jose,California,CA,All Residential,-1,738000.0000,-0.016,NULL,721999.5000,-0.004137247086,NULL,494.5221,0.008520752787,NULL,468.7475,-0.00847071418,NULL,2,0.0000,NULL,3,0.5000,NULL,4,0.3333,NULL,NULL,NULL,NULL,NULL,NULL,NULL,28.5000,8.5,NULL,1.0222,0.005155308299,NULL,1.0000,0,NULL,NULL,NULL,NULL,0.6667,0.1666666667,NULL,"San Jose, CA",41940,2025-08-01 14:37:32.7980000 +00:00,10192
2019-04-01,2019-06-30,90,neighborhood,1,39731,0,"Wilmette, IL - Gross Point",Wilmette,Illinois,IL,Condo/Co-op,3,148500.0000,0,0.005076142132,169250.0000,0.0749444268,0.06446540881,155.2072,0.003040043856,0.1631693465,172.7273,0.07345977371,0.1949685535,10,0.2500,0.0000,12,0.2000,0.0909,12,-0.1429,-0.2941,7,-0.2222222222,-0.4615,NULL,NULL,NULL,30.0000,-19.5,10.0000,0.9764,0.01746809673,0.02016399,0.1000,0.1,0,NULL,NULL,NULL,0.5833,-0.1166666667,0.2196969697,"Chicago, IL",16984,2025-08-01 14:37:32.7980000 +00:00,10193
2023-12-01,2024-02-29,90,neighborhood,1,105850,0,"Tucson, AZ - Broadway-Northeast",Tucson,Arizona,AZ,Single Family Residential,6,264400.0000,0,NULL,NULL,NULL,NULL,204.2307,0,NULL,NULL,NULL,NULL,2,0.0000,NULL,NULL,NULL,NULL,NULL,NULL,NULL,NULL,NULL,NULL,NULL,NULL,NULL,180.5000,0,NULL,0.9287,0,NULL,0.0000,0,NULL,NULL,NULL,NULL,NULL,NULL,NULL,"Tucson, AZ",46060,2025-08-01 14:37:32.7980000 +00:00,10194
2012-10-01,2012-12-31,90,neighborhood,1,572285,0,"Flagstaff, AZ - Country Club Estates",Flagstaff,Arizona,AZ,Single Family Residential,6,328745.0000,-0.01867164179,-0.2030424242,374500.0000,0.07,0.3048780488,142.1053,-0.0898833637,0.09788653635,140.2060,-0.06529349556,0.04823245434,11,0.1000,-0.0833,10,0.1111,-0.1667,6,-0.3333,-0.4000,16,-0.2727272727,-0.1111,NULL,NULL,NULL,175.0000,55.5,16.0000,0.9472,-0.005250866045,0.01654672931,0.0000,0,0,NULL,NULL,NULL,0.0000,0,0,"Flagstaff, AZ",22380,2025-08-01 14:37:32.7980000 +00:00,10195
2023-02-01,2023-04-30,90,neighborhood,1,548592,0,"Arvada, CO - Northwest Arvada",Arvada,Colorado,CO,Condo/Co-op,3,446250.0000,-0.01490066225,-0.005571030641,524975.0000,0.04995,0.2352352941,292.8150,-0.01490066225,-0.2003435496,220.4232,-0.1094903339,-0.3433982311,2,1.0000,-0.5000,5,0.6667,0.6667,4,0.3333,0.3333,NULL,NULL,NULL,NULL,NULL,NULL,66.5000,-20.5,62.5000,0.9892,0.01079913607,-0.07225040973,0.0000,0,-1,NULL,NULL,NULL,0.2000,0.2,-0.8,"Denver, CO",19740,2025-08-01 14:37:32.7980000 +00:00,10196
2024-11-01,2025-01-31,90,neighborhood,1,557456,0,"Tampa, FL - Hyde Park Historic District",Tampa,Florida,FL,Single Family Residential,6,1150000.0000,-0.1481481481,-0.5095948827,1749000.0000,-0.2148148148,-0.2312087912,434.7826,-0.3654589372,-0.1660331881,662.6849,-0.09296881165,-0.06583280201,3,-0.5714,-0.4000,2,-0.6000,-0.6000,5,-0.1667,0.0000,8,0.1428571429,0.1429,NULL,NULL,NULL,115.0000,17,105.0000,0.8786,-0.05293213386,-0.08466082035,0.0000,0,0,NULL,NULL,NULL,0.0000,-0.2,-0.4,"Tampa, FL",45300,2025-08-01 14:37:32.7980000 +00:00,10197
2016-06-01,2016-08-31,90,neighborhood,1,113760,0,"Oxnard, CA - Riverpark",Oxnard,California,CA,Single Family Residential,6,507600.0000,0.06975763962,0.06863157895,501750.0000,0.005511022044,0.05921469284,271.2064,0.0003313953471,0.1654095396,242.7538,-0.0007808289881,-0.02217339328,11,-0.4500,0.5714,9,-0.1818,-0.4000,6,-0.5000,-0.5714,3,-0.7,-0.5714,NULL,NULL,NULL,42.0000,5.5,16.0000,1.0088,0.003111722074,0.01273896899,0.3636,0.06363636364,-0.06493506494,NULL,NULL,NULL,0.0000,-0.2727272727,-0.1333333333,"Oxnard, CA",37100,2025-08-01 14:37:32.7980000 +00:00,10198
2015-03-01,2015-05-31,90,neighborhood,1,146832,0,"Atlanta, GA - Piedmont Heights",Atlanta,Georgia,GA,Single Family Residential,6,415000.0000,0.02722772277,-0.4236111111,454000.0000,-0.01089324619,-0.3843650417,320.5128,0.1499571053,0.2232905983,300.5700,0.01516438661,0.1022402158,7,0.7500,0.0000,11,0.1000,-0.1538,10,-0.0909,-0.1667,5,0,-0.4444,NULL,NULL,NULL,16.0000,8.5,2.0000,1.0455,-0.04359158651,0.06340921679,0.5714,-0.1785714286,0.5714285714,NULL,NULL,NULL,0.6364,-0.06363636364,0.0979020979,"Atlanta, GA",12060,2025-08-01 14:37:32.7980000 +00:00,10199
2012-04-01,2012-06-30,90,neighborhood,1,98774,0,"Mesa, AZ - Golden Hills",Mesa,Arizona,AZ,All Residential,-1,119000.0000,0,0.353811149,126250.0000,0.01,0.3219895288,67.1925,0.01453359454,0.1628774888,93.8038,0.1268568353,0.4638458277,32,0.0000,0.0323,27,-0.2059,-0.3077,22,-0.1852,-0.2143,16,0.06666666667,-0.2727,NULL,NULL,NULL,40.0000,-6,-87.5000,0.9743,0.00766726039,0.02206519665,0.2188,0.0625,0.154233871,NULL,NULL,NULL,0.5556,0.08496732026,0.2991452991,"Phoenix, AZ",38060,2025-08-01 14:37:32.7980000 +00:00,10200
2024-08-01,2024-10-31,90,neighborhood,1,765800,0,"Santa Cruz, CA - Westlake",Santa Cruz,California,CA,Single Family Residential,6,1875000.0000,0.02459016393,-0.1071428571,1489500.0000,0.02741852043,-0.1212389381,936.5634,0.1965493523,0.1560347708,744.0060,0.001805034045,-0.2203139854,1,-0.6667,-0.6667,2,-0.5000,-0.3333,3,-0.2500,-0.4000,3,-0.25,-0.2500,NULL,NULL,NULL,15.0000,-15,-3.0000,1.2588,0.2091777578,0.292347559,1.0000,0.6666666667,0.6666666667,NULL,NULL,NULL,0.0000,0,0,"Santa Cruz, CA",42100,2025-08-01 14:37:32.7980000 +00:00,10201
2016-12-01,2017-02-28,90,neighborhood,1,93256,0,"Independence, MO - Rockwood",Independence,Missouri,MO,Single Family Residential,6,69000.0000,-0.06756756757,0.4680851064,90000.0000,-0.1428571429,0.3846153846,53.6481,-0.1851445084,0.3696633215,74.8596,0.1540847378,0.6101608784,6,-0.1429,-0.4000,NULL,NULL,NULL,15,0.6667,2.0000,NULL,NULL,NULL,NULL,NULL,NULL,34.0000,-15,-57.5000,NULL,NULL,NULL,NULL,NULL,NULL,NULL,NULL,NULL,0.2308,0.1307692308,0.1398601399,"Kansas City, MO",28140,2025-08-01 14:37:32.7980000 +00:00,10202
2018-12-01,2019-02-28,90,neighborhood,1,351309,0,"New Orleans, LA - Palmer Park",New Orleans,Louisiana,LA,All Residential,-1,280000.0000,-0.5994277539,0.09055501461,339900.0000,0.1350809818,0.2270758123,179.6407,-0.03573498165,0.1603954756,203.1432,0.02129394763,-0.01737057738,3,0.0000,-0.7000,4,-0.3333,-0.5556,5,-0.3750,-0.1667,6,-0.25,-0.3333,NULL,NULL,NULL,184.0000,51,118.5000,0.9771,0.02721597398,0.00817415098,0.3333,0.3333333333,0.3333333333,NULL,NULL,NULL,0.2500,-0.08333333333,0.02777777778,"New Orleans, LA",35380,2025-08-01 14:37:32.7980000 +00:00,10203
2023-03-01,2023-05-31,90,neighborhood,1,547761,0,"Alexandria, VA - Rosemont Historic District",Alexandria,Virginia,VA,Condo/Co-op,3,310000.0000,0,0.06933425319,NULL,NULL,NULL,574.0741,0,0.3228060762,NULL,NULL,NULL,1,0.0000,-0.6667,NULL,NULL,NULL,NULL,NULL,NULL,NULL,NULL,NULL,NULL,NULL,NULL,32.0000,0,21.0000,0.9779,0,-0.01792614512,0.0000,0,-0.3333333333,NULL,NULL,NULL,NULL,NULL,NULL,"Washington, DC",47894,2025-08-01 14:37:32.7980000 +00:00,10204
2016-10-01,2016-12-31,90,neighborhood,1,130358,0,"Fort Lauderdale, FL - Durrs",Fort Lauderdale,Florida,FL,Multi-Family (2-4 Unit),4,135000.0000,0,-0.2116788321,149000.0000,0,0.007096992227,113.6364,0.1056511057,0.1122998364,125.4209,0,0.1423067432,1,-0.6667,-0.5000,1,-0.5000,-0.5000,1,0.0000,-0.5000,3,-0.25,-0.5000,NULL,NULL,NULL,48.0000,-11,-57.0000,0.9060,-0.03763982103,-0.09395973154,0.0000,0,0,NULL,NULL,NULL,0.0000,0,0,"Fort Lauderdale, FL",22744,2025-08-01 14:37:32.7980000 +00:00,10205
2015-05-01,2015-07-31,90,neighborhood,1,46237,0,"Eugene, OR - Bethel",Eugene,Oregon,OR,All Residential,-1,181000.0000,-0.005767646251,-0.05729166667,189000.0000,0.02162162162,0.01069518717,132.3529,0.01933366626,0.008036935705,131.7829,-0.04776664278,0.01607272183,123,-0.0081,0.5185,115,-0.1353,0.2778,125,0.0246,-0.0385,65,0.1206896552,-0.3158,NULL,NULL,NULL,25.0000,-3,3.0000,0.9937,-0.0004141489472,0.004126916411,0.3171,-0.03776553895,0.07015959048,NULL,NULL,NULL,0.3826,-0.05348152991,0.07149758454,"Eugene, OR",21660,2025-08-01 14:37:32.7980000 +00:00,10206
2013-10-01,2013-12-31,90,neighborhood,1,766018,0,"Roanoke, VA - Roanoke Downtown Historic District",Roanoke,Virginia,VA,Condo/Co-op,3,460000.0000,NULL,NULL,NULL,NULL,NULL,173.9788,NULL,NULL,NULL,NULL,NULL,1,0.0000,NULL,1,NULL,NULL,NULL,NULL,NULL,3,NULL,NULL,NULL,NULL,NULL,313.0000,NULL,NULL,0.8379,NULL,NULL,0.0000,NULL,NULL,NULL,NULL,NULL,0.0000,NULL,NULL,"Roanoke, VA",40220,2025-08-01 14:37:32.7980000 +00:00,10207
2019-04-01,2019-06-30,90,neighborhood,1,762466,0,"Biloxi, MS - West Biloxi",Biloxi,Mississippi,MS,Condo/Co-op,3,240000.0000,-0.1011235955,0.9315895372,268950.0000,0.2523894118,-0.03394396552,184.8998,-0.0373651772,0.4929137335,195.3749,0.08237401206,0.004864443086,13,0.0000,0.0833,13,0.0000,0.0833,16,0.1429,-0.1579,20,-0.09090909091,-0.2857,NULL,NULL,NULL,175.0000,17,39.0000,0.9503,-0.007788177798,-0.006342849116,0.0000,0,-0.08333333333,NULL,NULL,NULL,0.0000,0,0,"Gulfport, MS",25060,2025-08-01 14:37:32.7980000 +00:00,10208
2015-09-01,2015-11-30,90,neighborhood,1,548067,0,"Chicago, IL - Norwood Park West",Chicago,Illinois,IL,All Residential,-1,279000.0000,-0.06375838926,0.1238670695,324450.0000,0.1591639871,0.07273929575,205.2889,-0.02307992545,-0.0257625957,221.8519,-0.03380207602,-0.09679767509,16,-0.2000,-0.2000,17,-0.1500,0.2143,20,-0.0909,-0.0909,17,0,-0.2273,NULL,NULL,NULL,34.0000,4.5,5.0000,0.9441,-0.02569384883,-0.01096250106,0.0625,-0.1375,-0.0375,NULL,NULL,NULL,0.2353,0.03529411765,0.02100840336,"Chicago, IL",16984,2025-08-01 14:37:32.7980000 +00:00,10209
2016-05-01,2016-07-31,90,neighborhood,1,550715,0,"West Jordan, UT - Jordan Oaks",West Jordan,Utah,UT,Single Family Residential,6,255000.0000,0.0303030303,0.1038961039,239900.0000,-0.0404,0.1034958602,111.4551,0.04665964703,0.009030831718,114.1553,-0.03294651194,0.04068135279,27,0.1739,0.5000,29,-0.1212,0.6111,31,0.0000,0.4091,11,0.375,0.1000,NULL,NULL,NULL,7.0000,-16,-15.0000,1.0038,-0.003951080112,-0.004263421873,0.4074,0.01610305958,-0.03703703704,NULL,NULL,NULL,0.7241,0.08777429467,0.724137931,"Salt Lake City, UT",41620,2025-08-01 14:37:32.7980000 +00:00,10210
2018-03-01,2018-05-31,90,neighborhood,1,180958,0,"Norfolk, VA - Sewells Gardens",Norfolk,Virginia,VA,All Residential,-1,215000.0000,-0.009216589862,0.5093015093,180000.0000,-0.05263157895,0.44,124.4177,-0.001786851603,0.4628269471,111.6667,0.001411468179,0.1166666667,24,0.1429,0.2000,22,0.0476,-0.0833,27,0.0800,-0.2286,16,-0.2,-0.5294,NULL,NULL,NULL,43.5000,-2.5,-63.5000,0.9708,-0.01903746828,-0.02301078475,0.1667,-0.119047619,-0.1833333333,NULL,NULL,NULL,0.1818,-0.05627705628,-0.02651515152,"Virginia Beach, VA",47260,2025-08-01 14:37:32.7980000 +00:00,10211
2019-01-01,2019-03-31,90,neighborhood,1,350858,0,"Tempe, AZ - Alameda Meadows East",Tempe,Arizona,AZ,Single Family Residential,6,387500.0000,0,0.4351851852,313900.0000,-0.003175611305,0.1625925926,190.1374,0,0.1549085887,168.8338,-0.03357219828,0.02550884092,1,0.0000,0.0000,4,0.3333,3.0000,4,-0.2000,3.0000,3,-0.25,NULL,NULL,NULL,NULL,20.0000,0,18.0000,0.9337,0,-0.06626506024,0.0000,0,0,NULL,NULL,NULL,0.0000,0,-1,"Phoenix, AZ",38060,2025-08-01 14:37:32.7980000 +00:00,10212
2020-04-01,2020-06-30,90,neighborhood,1,761970,0,"Wichita, KS - Overbrook",Wichita,Kansas,KS,Single Family Residential,6,384400.0000,0,0.2824020017,NULL,NULL,NULL,101.6662,0.09362697185,0.2477912928,NULL,NULL,NULL,1,-0.6667,-0.5000,1,-0.6667,-0.5000,NULL,NULL,NULL,NULL,NULL,NULL,NULL,NULL,NULL,38.0000,0,-30.0000,0.9961,0.004092030196,0.00526862862,0.0000,0,0,NULL,NULL,NULL,0.0000,0,0,"Wichita, KS",48620,2025-08-01 14:37:32.7980000 +00:00,10213
2013-11-01,2014-01-31,90,neighborhood,1,761361,0,"Lynn Haven, FL - St. Andrews Bay",Lynn Haven,Florida,FL,All Residential,-1,210000.0000,0.1185086551,0.05926860025,194800.0000,-0.01367088608,-0.1145454545,103.4858,0.000932452903,0.03164503418,103.4173,0.03741458244,-0.01364103522,77,-0.1250,-0.1047,77,-0.1149,-0.0610,89,-0.0430,-0.3101,204,0.0303030303,-0.1392,NULL,NULL,NULL,131.0000,16.5,1.0000,0.9563,-0.001463836498,-0.007203862421,0.0909,0.01136363636,-0.08350951374,NULL,NULL,NULL,0.0000,0,-0.07317073171,"Panama City, FL",37460,2025-08-01 14:37:32.7980000 +00:00,10214
2022-06-01,2022-08-31,90,neighborhood,1,550374,0,"DeLand, FL - Deland Highlands",DeLand,Florida,FL,All Residential,-1,285000.0000,0.02517985612,0.9874476987,219900.0000,-0.1426900585,-0.3316109422,181.1321,-0.0468515446,0.4639614747,201.3736,0.05291829848,0.1121455292,5,-0.3750,4.0000,2,-0.6667,1.0000,1,-0.7500,0.0000,NULL,NULL,NULL,NULL,NULL,NULL,7.0000,0,3.0000,1.0042,0.00961680753,-0.07483087848,0.6000,0.1,-0.4,NULL,NULL,NULL,0.5000,-0.1666666667,0.5,"Deltona, FL",19660,2025-08-01 14:37:32.7980000 +00:00,10215
2019-11-01,2020-01-31,90,neighborhood,1,744908,0,"Springfield, MA - Pine Point",Springfield,Massachusetts,MA,Multi-Family (2-4 Unit),4,185450.0000,0.09088235294,0.2425460637,192400.0000,0.06918588497,0.06948304614,101.7251,0.03541666667,0.2836941777,103.2448,0.08228640217,0.03852113971,4,0.3333,1.0000,4,0.3333,1.0000,2,-0.5000,-0.3333,1,-0.75,-0.7500,NULL,NULL,NULL,87.0000,-5,-47.5000,0.9993,0.01277619735,0.03920848771,0.2500,0.25,0.25,NULL,NULL,NULL,0.0000,0,0,"Springfield, MA",44140,2025-08-01 14:37:32.7980000 +00:00,10216
2025-02-01,2025-04-30,90,neighborhood,1,764805,0,"Aspen, CO - Downtown Aspen",Aspen,Colorado,CO,All Residential,-1,2223500.0000,-0.2058928571,-0.05382978723,2300000.0000,0.07476635514,0.164556962,2715.9104,-0.1049303848,-0.09469651941,3396.8254,0.05743806345,-0.003265638811,36,-0.1628,0.0909,30,-0.3023,-0.2500,43,0.0000,-0.0444,64,-0.1111111111,-0.1899,NULL,NULL,NULL,116.0000,-16,10.0000,0.9372,0.001789991535,-0.0293236853,0.0000,0,-0.09090909091,NULL,NULL,NULL,0.2333,0.1170542636,0.05833333333,"Glenwood Springs, CO",24060,2025-08-01 14:37:32.7980000 +00:00,10217
2016-01-01,2016-03-31,90,neighborhood,1,532762,0,"Waikoloa Beach Resort, HI - Puu Anahulu Homesteads",Waikoloa Beach Resort,Hawaii,HI,Single Family Residential,6,950000.0000,NULL,0.5754560531,NULL,NULL,NULL,283.9211,NULL,-0.005569879235,NULL,NULL,NULL,1,0.0000,0.0000,1,NULL,0.0000,NULL,NULL,NULL,3,NULL,2.0000,NULL,NULL,NULL,300.0000,NULL,-2001.0000,1.0000,NULL,0.07230769231,0.0000,NULL,0,NULL,NULL,NULL,0.0000,NULL,0,"Hilo, HI",25900,2025-08-01 14:37:32.7980000 +00:00,10218
2023-09-01,2023-11-30,90,neighborhood,1,548328,0,"Mesa, AZ - West Mesa",Mesa,Arizona,AZ,All Residential,-1,348000.0000,-0.05241660994,-0.005714285714,390000.0000,0.04,0.06849315068,273.2877,0.001277855089,0.006443465817,273.2877,-0.0009017775504,0.01646000287,190,-0.0594,-0.2245,207,-0.0633,-0.1882,255,-0.0192,-0.1956,143,0.09160305344,-0.4644,NULL,NULL,NULL,31.5000,6,-18.5000,0.9851,-0.007135257471,0.00344459381,0.2316,-0.0555497655,0.02749731472,NULL,NULL,NULL,0.5024,-0.06319540079,0.259278204,"Phoenix, AZ",38060,2025-08-01 14:37:32.7980000 +00:00,10219
2015-11-01,2016-01-31,90,neighborhood,1,348241,0,"Wilkinsburg, PA - Beacon Hill",Wilkinsburg,Pennsylvania,PA,All Residential,-1,59000.0000,-0.02880658436,0.421686747,78000.0000,-0.01574182151,0.5460852329,40.1217,0,0.2598241291,59.3423,0.2529321877,0.4452383289,4,0.0000,1.0000,4,1.0000,1.0000,5,0.2500,0.6667,NULL,NULL,NULL,NULL,NULL,NULL,108.5000,-115,-197.0000,0.9869,-0.006878186295,0.07475412138,0.2500,0,0.25,NULL,NULL,NULL,0.2500,0.25,0.25,"Pittsburgh, PA",38300,2025-08-01 14:37:32.7980000 +00:00,10220
2021-05-01,2021-07-31,90,neighborhood,1,190012,0,"Crystal, MN - Brownwood",Crystal,Minnesota,MN,Single Family Residential,6,323768.0000,0.01149051829,0.2597976654,300000.0000,0.0003334444815,0.1214953271,155.6577,-0.0173043181,0.0291720362,151.2883,-0.002851334933,0.1316933662,9,-0.1000,0.2857,9,-0.1818,0.8000,9,-0.2500,0.8000,2,1,NULL,NULL,NULL,NULL,10.0000,0.5,-11.0000,1.0776,-0.01622389479,0.04231045601,0.8889,-0.01111111111,0.03174603175,NULL,NULL,NULL,0.5556,-0.08080808081,-0.2444444444,"Minneapolis, MN",33460,2025-08-01 14:37:32.7980000 +00:00,10221
2022-01-01,2022-03-31,90,neighborhood,1,496626,0,"Brookline, MA - The Greater Point",Brookline,Massachusetts,MA,All Residential,-1,1050000.0000,0.4189189189,0.1413043478,564000.0000,-0.05843071786,-0.1942857143,618.4113,-0.05874166943,-0.1190764544,746.0847,0.1060487211,0.1713529265,2,-0.6000,-0.6000,4,1.0000,0.3333,4,0.3333,0.3333,1,-0.6666666667,-0.5000,NULL,NULL,NULL,71.0000,49,-38.0000,0.9794,0.01102257862,0.02135144125,0.0000,0,0,NULL,NULL,NULL,0.5000,0.5,0.1666666667,"Boston, MA",14454,2025-08-01 14:37:32.7980000 +00:00,10222
2013-09-01,2013-11-30,90,neighborhood,1,762954,0,"Amarillo, TX - Broadmoor",Amarillo,Texas,TX,All Residential,-1,60950.0000,-0.01693548387,-0.1023564065,67750.0000,0,0.291706387,60.7006,0.02856478168,-0.1623493681,56.6864,0,0.04309188203,6,0.2000,5.0000,6,0.2000,5.0000,6,0.0000,0.5000,4,-0.2,0.0000,NULL,NULL,NULL,86.5000,27.5,-71.5000,NULL,NULL,NULL,0.0000,0,0,NULL,NULL,NULL,0.0000,0,0,"Amarillo, TX",11100,2025-08-01 14:37:32.7980000 +00:00,10223
2014-04-01,2014-06-30,90,neighborhood,1,554645,0,"St. Louis, MO - Ward 15",St. Louis,Missouri,MO,All Residential,-1,163000.0000,0.07947019868,0.1402588318,144000.0000,-0.1066997519,0.1085450346,97.6891,0.01043174815,0.3531332533,99.0364,0.1242908065,0.1348866867,49,0.0652,-0.2576,NULL,NULL,NULL,53,0.1042,-0.2090,55,0.1956521739,-0.0351,NULL,NULL,NULL,52.5000,-9,-11.5000,0.9759,0.007458432383,0.00879302837,0.2857,0.06832298137,0.02813852814,NULL,NULL,NULL,0.0000,0,0,"St. Louis, MO",41180,2025-08-01 14:37:32.7980000 +00:00,10224
2012-11-01,2013-01-31,90,neighborhood,1,551581,0,"Memphis, TN - Bridgewater",Memphis,Tennessee,TN,All Residential,-1,107250.0000,0.002336448598,0.2588028169,102000.0000,-0.07188353048,-0.07230559345,67.1786,0.07700685714,0.1504514914,70.8333,-0.04012191455,0.02435156869,46,-0.1321,0.0455,45,-0.1346,0.0227,51,-0.0893,0.1087,NULL,NULL,NULL,NULL,NULL,NULL,NULL,NULL,NULL,0.9548,-0.007011596946,-0.02385269589,0.1087,-0.02337981952,-0.1867588933,NULL,NULL,NULL,0.0444,0.005982905983,0.04444444444,"Memphis, TN",32820,2025-08-01 14:37:32.7980000 +00:00,10225
2013-10-01,2013-12-31,90,neighborhood,1,219071,0,"Island Walk, FL - Longshore Lake",Island Walk,Florida,FL,All Residential,-1,460050.0000,0.1214919097,NULL,439000.0000,-0.01181767023,NULL,198.9476,0.06603572597,NULL,199.0278,-0.01653630425,NULL,16,0.6000,NULL,16,0.6000,NULL,13,-0.0714,NULL,17,-0.2608695652,NULL,NULL,NULL,NULL,120.5000,-15.5,NULL,0.9559,0.007672503914,NULL,0.0625,-0.0375,NULL,NULL,NULL,NULL,0.0000,0,NULL,"Naples, FL",34940,2025-08-01 14:37:32.7980000 +00:00,10226
2021-02-01,2021-04-30,90,neighborhood,1,115512,0,"Emeryville, CA - North Hollis",Emeryville,California,CA,All Residential,-1,555000.0000,-0.1546077685,NULL,749000.0000,0.8608695652,NULL,675.3970,0.08621454239,NULL,611.4286,-0.05042737953,NULL,4,-0.3333,NULL,5,0.6667,NULL,7,0.4000,NULL,2,0,NULL,NULL,NULL,NULL,12.0000,-5,NULL,1.0542,0.02295452621,NULL,1.0000,0.3333333333,NULL,NULL,NULL,NULL,0.6000,-0.4,NULL,"Oakland, CA",36084,2025-08-01 14:37:32.7980000 +00:00,10227
2022-01-01,2022-03-31,90,neighborhood,1,96510,0,"St. Louis, MO - Kingsway West",St. Louis,Missouri,MO,All Residential,-1,48000.0000,0.9591836735,0.6,48000.0000,0,1.222222222,13.0719,-0.3896225157,-0.1484593838,13.3630,0,-0.1085127444,1,-0.6667,-0.8571,NULL,NULL,NULL,7,0.0000,0.4000,8,0,7.0000,NULL,NULL,NULL,3.0000,-7,-33.5000,1.0000,-0.1011318593,-0.00532264902,0.0000,-0.3333333333,-0.1428571429,NULL,NULL,NULL,1.0000,0,0.5,"St. Louis, MO",41180,2025-08-01 14:37:32.7980000 +00:00,10228
2012-04-01,2012-06-30,90,neighborhood,1,548318,0,"Bend, OR - Northwest Crossing",Bend,Oregon,OR,All Residential,-1,370000.0000,0.0437235543,-0.02374670185,385000.0000,0.00666753824,-0.0253164557,199.5249,-0.004299974796,0.03658207936,203.0667,-0.003359343493,0.0468427802,37,0.0278,0.9474,37,0.0278,0.9474,38,0.0556,-0.0732,39,0.02631578947,-0.3810,NULL,NULL,NULL,112.0000,-10,46.0000,0.9878,-0.005703385392,0.008501788578,0.1622,-0.03228228228,0.00426742532,NULL,NULL,NULL,0.0811,0.02552552553,0.08108108108,"Bend, OR",13460,2025-08-01 14:37:32.7980000 +00:00,10229
2012-01-01,2012-03-31,90,neighborhood,1,558273,0,"Newport, KY - Clifton",Newport,Kentucky,KY,Condo/Co-op,3,346000.0000,-0.03888888889,0.06461538462,365000.0000,-0.03922084759,-0.02523701429,128.6745,-0.07783297847,0.3445492115,111.8669,0,-0.2832170417,2,1.0000,1.0000,1,0.0000,0.0000,3,2.0000,0.5000,3,0.5,-0.2500,NULL,NULL,NULL,575.5000,324.5,409.5000,0.9058,-0.05424980764,-0.02282123621,0.0000,0,0,NULL,NULL,NULL,0.0000,0,0,"Cincinnati, OH",17140,2025-08-01 14:37:32.7980000 +00:00,10230
2017-06-01,2017-08-31,90,neighborhood,1,19905,0,"Washington, DC - Fort Lincoln","Washington, DC",Columbia,DC,All Residential,-1,545000.0000,0,-0.008575368282,523900.0000,0.09373695198,0.01747912216,274.9853,0,-0.01733303291,247.5619,0.01363923658,-0.1404242813,13,-0.2353,-0.0714,15,0.1538,0.2500,25,-0.1379,1.7778,10,-0.2307692308,0.4286,NULL,NULL,NULL,30.0000,-35.5,0.0000,0.9959,-0.01091509632,-0.01442329702,0.1538,-0.3167420814,-0.2747252747,NULL,NULL,NULL,0.1333,0.05641025641,-0.03333333333,"Washington, DC",47894,2025-08-01 14:37:32.7980000 +00:00,10231
2015-04-01,2015-06-30,90,neighborhood,1,349732,0,"Port Charlotte, FL - Section 15",Port Charlotte,Florida,FL,Single Family Residential,6,170000.0000,0.1724137931,0.1333333333,198250.0000,0.001262626263,0.0794990471,96.4506,0,0.075708061,108.6084,-0.007216798436,0.188973828,27,-0.0690,0.0000,28,-0.1765,-0.2632,28,-0.0345,0.1667,25,0.1363636364,0.0417,NULL,NULL,NULL,76.0000,-54,10.0000,0.9836,0.03217052303,0.01800549041,0.2593,0.1213282248,0.1481481481,NULL,NULL,NULL,0.3571,0.1218487395,0.1992481203,"Punta Gorda, FL",39460,2025-08-01 14:37:32.7980000 +00:00,10232
2022-06-01,2022-08-31,90,neighborhood,1,131728,0,"Deerfield Beach, FL - Deer Creek",Deerfield Beach,Florida,FL,Single Family Residential,6,660000.0000,0.2571428571,0.3894736842,722500.0000,-0.003448275862,0.6552119129,297.5900,0.03087025929,0.2456055474,301.5240,-0.02510249309,0.2264104704,10,-0.2308,-0.4737,10,-0.0909,-0.0909,10,-0.0909,0.0000,3,-0.5714285714,-0.2500,NULL,NULL,NULL,69.0000,29,35.5000,1.0022,-0.01080499527,0.01918744331,0.3000,-0.1615384615,0.03684210526,NULL,NULL,NULL,0.4000,-0.1454545455,0.03636363636,"Fort Lauderdale, FL",22744,2025-08-01 14:37:32.7980000 +00:00,10233
2024-11-01,2025-01-31,90,neighborhood,1,149179,0,"Atlanta, GA - Knight Park-Howell Station",Atlanta,Georgia,GA,All Residential,-1,448500.0000,0,-0.2599009901,497500.0000,-0.3249660787,-0.05237914739,303.5843,0,-0.02030399814,314.2293,0.01952733497,0.0241142752,4,0.0000,-0.4286,3,-0.2500,-0.4000,8,1.0000,0.0000,8,1,1.0000,NULL,NULL,NULL,78.0000,0,63.0000,0.9965,0,-0.01367295696,0.2500,0,-0.3214285714,NULL,NULL,NULL,0.3333,-0.1666666667,-0.06666666667,"Atlanta, GA",12060,2025-08-01 14:37:32.7980000 +00:00,10234
2020-02-01,2020-04-30,90,neighborhood,1,766416,0,"Stillwater, MN - Sabin's",Stillwater,Minnesota,MN,All Residential,-1,319562.0000,0.2155314398,0.3744602151,297400.0000,-0.1501643092,0.3369296471,190.7833,0.1390192416,0.1518243884,181.5604,-0.1174693632,0.3573376176,1,-0.7500,-0.6667,2,1.0000,-0.3333,2,0.0000,0.0000,1,-0.5,NULL,NULL,NULL,NULL,28.0000,13.5,9.0000,0.8300,-0.1412385948,-0.1912571943,0.0000,-0.5,-1,NULL,NULL,NULL,0.5000,0.5,-0.1666666667,"Minneapolis, MN",33460,2025-08-01 14:37:32.7980000 +00:00,10235
2018-06-01,2018-08-31,90,neighborhood,1,549565,0,"Viera West, FL - Villages of North Solerno",Viera West,Florida,FL,All Residential,-1,361500.0000,0.1661290323,0.1743075159,354500.0000,0.03898007034,0.1202560947,171.1648,0.001635064732,0.04566115702,177.2459,0.02422299491,0.1060332242,21,0.2353,-0.0870,21,0.2353,-0.0870,35,0.0938,0.0938,29,-0.1212121212,0.0741,NULL,NULL,NULL,58.0000,-19,-16.0000,0.9808,-0.00452210183,4.761970632E-05,0.0476,-0.01120448179,0.04761904762,NULL,NULL,NULL,0.0952,-0.02240896359,0.09523809524,"Palm Bay, FL",37340,2025-08-01 14:37:32.7980000 +00:00,10236
2014-03-01,2014-05-31,90,neighborhood,1,290817,0,"Newport Beach, CA - Newport Heights",Newport Beach,California,CA,All Residential,-1,1642550.0000,0.09503333333,0.2443560606,1572000.0000,0.00447284345,0.2138996139,615.8036,-0.04684317789,0.03687226554,641.6772,-0.05057521685,0.2014382332,18,0.3846,0.1250,26,0.0833,0.6250,24,0.0435,0.1429,15,0.5,0.1538,NULL,NULL,NULL,21.0000,0,-27.5000,0.9810,0.00909863396,0.02858942199,0.0556,-0.02136752137,-0.06944444444,NULL,NULL,NULL,0.3846,0.009615384615,0.009615384615,"Anaheim, CA",11244,2025-08-01 14:37:32.7980000 +00:00,10237
2024-04-01,2024-06-30,90,neighborhood,1,517326,0,"Sebastian, FL - Sebastian Highlands",Sebastian,Florida,FL,Condo/Co-op,3,169000.0000,-0.005882352941,NULL,207450.0000,0.3010348071,NULL,176.0417,-0.005882352941,NULL,216.0938,0.3010348071,NULL,5,0.2500,NULL,7,0.1667,NULL,2,-0.5000,NULL,4,-0.3333333333,NULL,NULL,NULL,NULL,111.0000,3.5,NULL,0.9677,-0.000484093241,NULL,0.2000,-0.05,NULL,NULL,NULL,NULL,0.1429,-0.02380952381,NULL,"Sebastian, FL",42680,2025-08-01 14:37:32.7980000 +00:00,10238
2017-10-01,2017-12-31,90,neighborhood,1,130917,0,"West Palm Beach, FL - Transit-Oriented Development District",West Palm Beach,Florida,FL,Condo/Co-op,3,277500.0000,-0.02631578947,0.3373493976,299000.0000,0,0.1094619666,238.4313,-0.02891756232,-0.07153817729,242.6948,0,0.004291643768,4,0.3333,1.0000,5,0.0000,0.6667,1,0.0000,-0.8571,2,-0.3333333333,-0.8462,NULL,NULL,NULL,111.0000,8,-2.0000,0.9528,-0.01250940735,0.004955303608,0.0000,0,0,NULL,NULL,NULL,0.0000,0,0,"West Palm Beach, FL",48424,2025-08-01 14:37:32.7980000 +00:00,10239
2025-02-01,2025-04-30,90,neighborhood,1,100281,0,"Scottsdale, AZ - Estancia",Scottsdale,Arizona,AZ,Single Family Residential,6,4525000.0000,0.6759259259,-0.06701030928,5795000.0000,-0.1509157509,0.05893101873,1001.3277,0.4641636547,0.1137272091,992.6212,0.07563374443,0.2742656572,3,0.0000,-0.2500,6,0.0000,0.5000,5,-0.1667,0.2500,12,-0.07692307692,0.3333,NULL,NULL,NULL,177.0000,-129,22.0000,0.9319,0.00368687621,0.01448022869,0.0000,0,0,NULL,NULL,NULL,0.0000,0,-0.25,"Phoenix, AZ",38060,2025-08-01 14:37:32.7980000 +00:00,10240
2014-01-01,2014-03-31,90,neighborhood,1,557605,0,"Miami, FL - Parkdale South",Miami,Florida,FL,Single Family Residential,6,220000.0000,0.2222222222,-0.1798695247,299900.0000,0,0.1579150579,134.1503,-0.008945612667,-0.1088128297,200.1862,-0.01537443792,0.2192411737,4,0.3333,1.0000,5,0.2500,1.5000,NULL,NULL,NULL,NULL,NULL,NULL,NULL,NULL,NULL,117.5000,55.5,NULL,0.9149,-0.005715539399,0.01776325698,0.0000,0,0,NULL,NULL,NULL,0.2000,-0.05,0.2,"Miami, FL",33124,2025-08-01 14:37:32.7980000 +00:00,10241
2025-03-01,2025-05-31,90,neighborhood,1,469321,0,"Janesville, WI - Royal Acres",Janesville,Wisconsin,WI,Single Family Residential,6,285000.0000,0,NULL,287500.0000,0.05504587156,NULL,112.3817,0,NULL,133.4006,0.1603972021,NULL,1,0.0000,NULL,1,0.0000,NULL,2,0.0000,NULL,2,1,NULL,NULL,NULL,NULL,NULL,NULL,NULL,1.0000,0,NULL,0.0000,0,NULL,NULL,NULL,NULL,0.0000,0,NULL,"Janesville, WI",27500,2025-08-01 14:37:32.7980000 +00:00,10242
2017-01-01,2017-03-31,90,neighborhood,1,547071,0,"Danville, CA - Sycamore",Danville,California,CA,All Residential,-1,1080000.0000,0.03597122302,-0.04845814978,1149000.0000,0.2301927195,-0.06585365854,534.7966,0.1990883105,0.1421079374,497.7686,0.09234354205,0.01048276012,13,0.0833,0.4444,21,0.4000,0.1667,19,0.5833,0.0000,3,0.5,-0.4000,NULL,NULL,NULL,11.0000,-13.5,-28.5000,0.9973,0.009054557674,0.02314566559,0.4615,0.1282051282,0.3504273504,NULL,NULL,NULL,0.6190,0.01904761905,-0.1031746032,"Oakland, CA",36084,2025-08-01 14:37:32.7980000 +00:00,10243
2022-02-01,2022-04-30,90,neighborhood,1,139369,0,"Hudson, FL - Clayton Village",Hudson,Florida,FL,Single Family Residential,6,385000.0000,0.6739130435,0.9876097057,299000.0000,-0.2026666667,0.4957478739,199.2754,0.1876860916,0.3561174566,204.5144,0.05365800274,0.3523330267,1,-0.5000,-0.5000,2,NULL,0.0000,3,2.0000,0.0000,2,1,1.0000,NULL,NULL,NULL,7.0000,-43,-26.0000,1.0267,0.04175564117,0.03266966817,1.0000,1,1,NULL,NULL,NULL,1.0000,NULL,0.5,"Tampa, FL",45300,2025-08-01 14:37:32.7980000 +00:00,10244
2019-05-01,2019-07-31,90,neighborhood,1,33025,0,"Dallas, TX - Dallas Land & Loan",Dallas,Texas,TX,All Residential,-1,359000.0000,0,0.8505154639,549000.0000,0,0.8931034483,226.4984,0,0.894502333,261.4286,0.01611530979,0.2124876847,1,0.0000,-0.5000,NULL,NULL,NULL,3,-0.2500,-0.4000,5,0,-0.1667,NULL,NULL,NULL,3.0000,0,-30.0000,1.0000,0,0.1369565217,0.0000,0,0,NULL,NULL,NULL,NULL,NULL,NULL,"Dallas, TX",19124,2025-08-01 14:37:32.7980000 +00:00,10245
2015-11-01,2016-01-31,90,neighborhood,1,1543,0,"San Diego, CA - Little Italy",San Diego,California,CA,Condo/Co-op,3,428000.0000,0.01904761905,-0.05934065934,399000.0000,-0.130624251,-0.007462686567,546.0218,0.04490955395,0.1807864051,531.5006,0.0001217355188,0.02502412275,15,-0.2500,0.0714,18,-0.1000,-0.1818,15,-0.1667,-0.1667,11,-0.08333333333,-0.0833,NULL,NULL,NULL,46.0000,21,-6.5000,0.9736,0.003442422278,-0.0007272604571,0.1333,-0.01666666667,0.0619047619,NULL,NULL,NULL,0.2778,-0.1722222222,0.09595959596,"San Diego, CA",41740,2025-08-01 14:37:32.7980000 +00:00,10246
2023-10-01,2023-12-31,90,neighborhood,1,763596,0,"Iowa City, IA - Brown Street Historic District",Iowa City,Iowa,IA,All Residential,-1,244000.0000,-0.1285714286,-0.2606060606,222500.0000,0,-0.3687943262,171.4434,0.1517324094,-0.0716078998,207.5560,0,0.4215377519,2,1.0000,-0.3333,1,-0.5000,-0.7500,1,0.0000,-0.7500,NULL,NULL,NULL,NULL,NULL,NULL,93.5000,-85.5,49.5000,0.9674,-0.03258426966,-0.03258426966,0.0000,0,0,NULL,NULL,NULL,1.0000,0.5,0.5,"Iowa City, IA",26980,2025-08-01 14:37:32.7980000 +00:00,10247
2016-12-01,2017-02-28,90,neighborhood,1,375781,0,"Winston-Salem, NC - Hampton Sted",Winston-Salem,North Carolina,NC,Single Family Residential,6,120000.0000,0.07382550336,-0.1111111111,NULL,NULL,NULL,64.2055,-0.06118725399,-0.3379703942,NULL,NULL,NULL,1,-0.5000,0.0000,1,0.0000,0.0000,NULL,NULL,NULL,1,0,-0.5000,NULL,NULL,NULL,52.0000,-127,-48.0000,0.9608,-0.004793129436,-0.004206367238,0.0000,0,0,NULL,NULL,NULL,0.0000,0,0,"Winston-Salem, NC",49180,2025-08-01 14:37:32.7980000 +00:00,10248
2013-02-01,2013-04-30,90,neighborhood,1,555087,0,"Vancouver, WA - West Mill Plain",Vancouver,Washington,WA,Single Family Residential,6,183000.0000,0,0.5508474576,138000.0000,-0.1636363636,-0.2114285714,103.7209,0.02056469781,-0.05065619908,81.8452,-0.1268117305,-0.1997850755,3,0.0000,0.0000,5,-0.1667,0.0000,3,0.0000,-0.4000,6,0.2,0.0000,NULL,NULL,NULL,40.0000,-236,-90.0000,0.9861,-0.01640207694,0.0671236953,0.3333,-0.3333333333,0.3333333333,NULL,NULL,NULL,0.6000,0.1,0.4,"Portland, OR",38900,2025-08-01 14:37:32.7980000 +00:00,10249
2014-07-01,2014-09-30,90,neighborhood,1,55444,0,"Houston, TX - Shady Acres",Houston,Texas,TX,All Residential,-1,395000.0000,0.01282051282,0.1465892598,413700.0000,-0.01476542034,0.08897078178,182.2231,0.0005169876479,0.1374482792,192.2692,0.02413149371,0.1105107783,103,0.1839,0.5147,107,0.0918,0.2738,118,0.0442,-0.0407,88,-0.09278350515,0.2055,NULL,NULL,NULL,34.0000,12,22.5000,0.9928,-0.002174379101,-0.008325258673,0.2233,-0.02957259234,-0.1737578527,NULL,NULL,NULL,0.3084,-0.04873164219,-0.09635068981,"Houston, TX",26420,2025-08-01 14:37:32.7980000 +00:00,10250
2017-04-01,2017-06-30,90,neighborhood,1,350294,0,"Hawi, HI - Puakea Ranch",Hawi,Hawaii,HI,All Residential,-1,650000.0000,-0.5357142857,NULL,NULL,NULL,NULL,331.6327,-0.02120991254,NULL,NULL,NULL,NULL,1,0.0000,NULL,2,1.0000,NULL,NULL,NULL,NULL,2,0,NULL,NULL,NULL,NULL,1959.0000,99,NULL,0.9353,0.0006723593088,NULL,0.0000,0,NULL,NULL,NULL,NULL,0.0000,0,NULL,"Hilo, HI",25900,2025-08-01 14:37:32.7980000 +00:00,10251
2019-11-01,2020-01-31,90,neighborhood,1,760325,0,"Mobile, AL - Parkhill",Mobile,Alabama,AL,All Residential,-1,147000.0000,-0.09259259259,-0.6776315789,362250.0000,-0.3880912162,-0.3086832061,119.8083,-0.08680938361,-0.2004213743,121.2157,-0.309510579,-0.2295161985,21,-0.3226,9.5000,15,-0.4000,14.0000,2,-0.5000,-0.5000,6,0,-0.4000,NULL,NULL,NULL,76.0000,0,-97.0000,0.9623,0.0015718679,-0.1435055642,0.0000,0,-0.5,NULL,NULL,NULL,0.0000,0,0,"Mobile, AL",33660,2025-08-01 14:37:32.7980000 +00:00,10252
2023-11-01,2024-01-31,90,neighborhood,1,555264,0,"Concord, NH - West Concord",Concord,New Hampshire,NH,Condo/Co-op,3,220000.0000,0.06041216293,0.07579462103,237450.0000,0.18725,0.2183170857,260.4167,0.003460207612,0.1683000181,269.2708,0.06611969112,0.1469872726,7,-0.1250,-0.3000,5,-0.3750,-0.5000,6,-0.1429,-0.4000,5,1.5,0.6667,NULL,NULL,NULL,24.0000,-6,16.0000,1.0191,0.003616923764,0.01040470753,0.5714,-0.05357142857,-0.02857142857,NULL,NULL,NULL,0.8000,0.05,0.3,"Concord, NH",18180,2025-08-01 14:37:32.7980000 +00:00,10253
2013-11-01,2014-01-31,90,neighborhood,1,125497,0,"Washington, DC - Southwest Washington","Washington, DC",Columbia,DC,Condo/Co-op,3,245000.0000,-0.1042047532,-0.01209677419,269900.0000,0.05265210608,0.08198035678,376.8898,0.03959102022,0.1588258225,380.6584,-0.01904551447,-0.008654790892,41,0.0789,0.1389,51,0.1591,0.4571,45,-0.0217,0.6071,25,0.08695652174,0.5625,NULL,NULL,NULL,26.5000,9.5,-30.5000,0.9784,-0.005620464223,0.001792696499,0.1463,-0.0378690629,0.007452574526,NULL,NULL,NULL,0.1765,0.01737967914,0.03361344538,"Washington, DC",47894,2025-08-01 14:37:32.7980000 +00:00,10254
2017-04-01,2017-06-30,90,neighborhood,1,338866,0,"Rowlett, TX - Princeton",Rowlett,Texas,TX,Single Family Residential,6,224000.0000,0,0.05164319249,225000.0000,0.02272727273,0.01146325017,112.0527,0.01307948301,0.09122120817,112.8898,0.03005451393,0.1572926293,18,0.0000,-0.1429,18,-0.0526,0.2000,23,0.0952,0.6429,6,0,0.5000,NULL,NULL,NULL,17.0000,0,-2.0000,1.0205,0.001155976711,0.004302170921,0.7778,0.1111111111,0.1111111111,NULL,NULL,NULL,1.0000,0.05263157895,0.4,"Dallas, TX",19124,2025-08-01 14:37:32.7980000 +00:00,10255
2022-12-01,2023-02-28,90,neighborhood,1,347074,0,"Baton Rouge, LA - North Sherwood Forest",Baton Rouge,Louisiana,LA,Multi-Family (2-4 Unit),4,137000.0000,0.01632047478,-0.1161290323,139900.0000,0.09768536681,-0.125625,57.0833,-0.01594598477,-0.08961290323,63.5909,0.1817842536,-0.09581676136,3,-0.2500,-0.4000,5,0.0000,0.0000,NULL,NULL,NULL,NULL,NULL,NULL,NULL,NULL,NULL,117.0000,-161,13.0000,0.8364,-0.01951795664,-0.1866369884,0.3333,0.08333333333,0.1333333333,NULL,NULL,NULL,0.2000,0,0.2,"Baton Rouge, LA",12940,2025-08-01 14:37:32.7980000 +00:00,10256
2017-07-01,2017-09-30,90,neighborhood,1,517711,0,"Melbourne, FL - Lansing Ridge",Melbourne,Florida,FL,All Residential,-1,218700.0000,-0.03443708609,0.2990792991,216950.0000,-0.05632883863,0.1097186701,133.1230,0.004590395902,0.1899609652,138.5684,-0.002864480129,0.1226560937,9,0.1250,-0.1000,9,0.1250,0.0000,8,-0.2727,-0.2727,4,-0.5,-0.5000,NULL,NULL,NULL,57.0000,8,0.0000,0.9849,0.004586191277,0.05698686338,0.2222,0.09722222222,0.1222222222,NULL,NULL,NULL,0.0000,0,0,"Palm Bay, FL",37340,2025-08-01 14:37:32.7980000 +00:00,10257
2021-05-01,2021-07-31,90,neighborhood,1,58847,0,"Pleasant Hill, CA - Downtown Pleasant Hill",Pleasant Hill,California,CA,Condo/Co-op,3,595000.0000,0,0.1333333333,585000.0000,0.3,0.1142857143,476.7628,0,0.1769230769,413.3065,0.03877688172,0.0202764977,1,0.0000,0.0000,1,0.0000,-0.6667,3,2.0000,-0.4000,2,1,-0.5000,NULL,NULL,NULL,17.0000,0,-16.0000,1.0457,0,0.04569420035,1.0000,0,1,NULL,NULL,NULL,1.0000,1,1,"Oakland, CA",36084,2025-08-01 14:37:32.7980000 +00:00,10258
2013-12-01,2014-02-28,90,neighborhood,1,652531,0,"Tyler, TX - Brick Streets Historical District",Tyler,Texas,TX,Single Family Residential,6,157450.0000,0,NULL,119700.0000,-0.2397586535,NULL,86.7636,0,NULL,73.0943,-0.1575461351,NULL,2,0.0000,NULL,2,0.0000,NULL,4,0.0000,NULL,3,0.5,NULL,NULL,NULL,NULL,27.5000,0,NULL,NULL,NULL,NULL,0.0000,0,NULL,NULL,NULL,NULL,0.0000,0,NULL,"Tyler, TX",46340,2025-08-01 14:37:32.7980000 +00:00,10259
2015-12-01,2016-02-29,90,neighborhood,1,555411,0,"Orland Park, IL - Silver Lake South",Orland Park,Illinois,IL,All Residential,-1,140000.0000,-0.03314583269,-0.2612137203,152500.0000,-0.04627892433,0.02348993289,94.6291,-0.145681691,-0.1746494237,114.2682,0.0364534611,0.005568044544,46,0.0952,0.2105,54,0.0800,0.0588,56,0.3659,-0.0820,56,0.1428571429,-0.0508,NULL,NULL,NULL,70.0000,25.5,-17.5000,0.9610,0.002583536124,0.01580244942,0.0870,-0.008281573499,0.008009153318,NULL,NULL,NULL,0.3519,0.05185185185,0.1165577342,"Chicago, IL",16984,2025-08-01 14:37:32.7980000 +00:00,10260
2025-05-01,2025-07-31,90,neighborhood,1,478581,0,"La Tierra, NM - Las Dos",La Tierra,New Mexico,NM,Single Family Residential,6,1580000.0000,0.6081424936,NULL,NULL,NULL,NULL,313.0266,-0.05150726072,NULL,NULL,NULL,NULL,2,-0.5000,NULL,1,-0.6667,NULL,NULL,NULL,NULL,NULL,NULL,NULL,NULL,NULL,NULL,81.0000,-70.5,NULL,0.8957,-0.02445494756,NULL,0.0000,0,NULL,NULL,NULL,NULL,0.0000,-0.3333333333,NULL,"Santa Fe, NM",42140,2025-08-01 14:37:32.7980000 +00:00,10261
2022-08-01,2022-10-31,90,neighborhood,1,348137,0,"Solon, OH - City Farms West",Solon,Ohio,OH,Single Family Residential,6,467000.0000,0,NULL,NULL,NULL,NULL,179.9615,0,NULL,NULL,NULL,NULL,1,0.0000,NULL,NULL,NULL,NULL,NULL,NULL,NULL,NULL,NULL,NULL,NULL,NULL,NULL,29.0000,0,NULL,1.0043,0,NULL,1.0000,0,NULL,NULL,NULL,NULL,NULL,NULL,NULL,"Cleveland, OH",17460,2025-08-01 14:37:32.7980000 +00:00,10262
2024-03-01,2024-05-31,90,neighborhood,1,155386,0,"Oklahoma City, OK - 50 Penn West",Oklahoma City,Oklahoma,OK,Single Family Residential,6,231500.0000,0.05227272727,0.1575,266350.0000,0.1035840066,0.3487783264,136.9297,-0.2059175089,-0.2215544449,172.5547,0.2151535105,0.04556861054,2,-0.3333,1.0000,2,0.0000,1.0000,2,0.0000,0.0000,1,NULL,0.0000,NULL,NULL,NULL,4.5000,-2.5,3.5000,0.9579,0.0003195527825,-0.06774456825,0.0000,0,-1,NULL,NULL,NULL,1.0000,0,0,"Oklahoma City, OK",36420,2025-08-01 14:37:32.7980000 +00:00,10263
2017-03-01,2017-05-31,90,neighborhood,1,122940,0,"Fort Collins, CO - Westgate",Fort Collins,Colorado,CO,Townhouse,13,207000.0000,0,0.5681818182,238700.0000,0.1787654321,0.1940970485,191.6667,0,0.4636363636,174.7936,-0.0677672956,-0.02066599337,1,0.0000,0.0000,2,1.0000,-0.3333,2,1.0000,-0.3333,NULL,NULL,NULL,NULL,NULL,NULL,36.0000,0,-149.0000,1.0222,0,0.04444444444,1.0000,0,1,NULL,NULL,NULL,1.0000,0,0,"Fort Collins, CO",22660,2025-08-01 14:37:32.7980000 +00:00,10264
2021-04-01,2021-06-30,90,neighborhood,1,762963,0,"Amarillo, TX - Morningside",Amarillo,Texas,TX,Single Family Residential,6,84950.0000,-0.2277272727,NULL,62450.0000,-0.2648616833,NULL,72.3138,-0.2249275532,NULL,53.2298,-0.263904949,NULL,2,1.0000,NULL,2,1.0000,NULL,2,0.0000,NULL,1,0,NULL,NULL,NULL,NULL,38.5000,-9.5,NULL,NULL,NULL,NULL,0.0000,0,NULL,NULL,NULL,NULL,0.0000,0,NULL,"Amarillo, TX",11100,2025-08-01 14:37:32.7980000 +00:00,10265
2016-09-01,2016-11-30,90,neighborhood,1,347687,0,"Metairie, LA - Bridgedale",Metairie,Louisiana,LA,Condo/Co-op,3,123000.0000,0,NULL,NULL,NULL,NULL,122.5100,0,NULL,NULL,NULL,NULL,1,0.0000,NULL,NULL,NULL,NULL,NULL,NULL,NULL,NULL,NULL,NULL,NULL,NULL,NULL,107.0000,0,NULL,0.9498,0,NULL,0.0000,0,NULL,NULL,NULL,NULL,NULL,NULL,NULL,"New Orleans, LA",35380,2025-08-01 14:37:32.7980000 +00:00,10266
2022-08-01,2022-10-31,90,neighborhood,1,40293,0,"Frederick, MD - Overlook",Frederick,Maryland,MD,Condo/Co-op,3,235000.0000,-0.02489626556,0.277173913,237500.0000,0,0.301369863,203.7309,-0.003886010363,0.1398096566,202.9361,0,0.1283349175,3,0.5000,-0.7000,5,0.6667,-0.4444,4,0.0000,-0.6000,1,0,0.0000,NULL,NULL,NULL,15.0000,-2,8.0000,0.9664,0.01681404588,-0.04177351429,0.3333,-0.1666666667,-0.2666666667,NULL,NULL,NULL,0.8000,0.1333333333,-0.2,"Frederick, MD",23224,2025-08-01 14:37:32.7980000 +00:00,10267
2022-02-01,2022-04-30,90,neighborhood,1,139649,0,"Tampa, FL - Sun Bay South",Tampa,Florida,FL,Condo/Co-op,3,540000.0000,0.2,-0.3454545455,737500.0000,-0.01666666667,-0.04530744337,324.8532,0.1369748427,0.03918289607,342.6245,-0.02329187675,0.02679858542,13,0.0833,0.8571,12,-0.1429,0.7143,18,-0.1429,1.2500,4,0.3333333333,-0.5556,NULL,NULL,NULL,5.5000,-6.5,-35.5000,1.0504,0.01252952095,0.06614596464,0.8462,0.1794871795,0.7032967033,NULL,NULL,NULL,0.8333,-0.02380952381,0.119047619,"Tampa, FL",45300,2025-08-01 14:37:32.7980000 +00:00,10268
2021-03-01,2021-05-31,90,neighborhood,1,207008,0,"Dedham, MA - The Manor",Dedham,Massachusetts,MA,All Residential,-1,660000.0000,0.1428571429,0.3069306931,629000.0000,0.05723258865,0.3529791353,358.7963,0.01933152665,-0.09270718739,338.8009,0.006999858415,-0.1116405611,21,0.6154,0.9091,34,0.3600,1.4286,33,0.1786,0.9412,13,0.625,0.8571,NULL,NULL,NULL,19.0000,0,2.0000,1.0553,0.006492861412,0.0209626758,0.8095,-0.03663003663,0.08225108225,NULL,NULL,NULL,0.7647,-0.07529411765,-0.09243697479,"Boston, MA",14454,2025-08-01 14:37:32.7980000 +00:00,10269
2012-10-01,2012-12-31,90,neighborhood,1,113214,0,"Santa Clara, CA - The Old Quad",Santa Clara,California,CA,All Residential,-1,605000.0000,0.08035714286,0.3066954644,689500.0000,0.08586952242,0.5531028269,435.4508,0.08135087867,0.5581222057,449.9205,-0.04158335337,0.179320259,9,0.0000,0.2857,7,-0.3000,-0.3000,7,-0.1250,0.1667,5,0,0.6667,NULL,NULL,NULL,10.5000,-4.5,-16.5000,1.0202,-0.01595074744,0.0325340822,0.6667,-0.1111111111,0.380952381,NULL,NULL,NULL,0.4286,0.02857142857,0.2285714286,"San Jose, CA",41940,2025-08-01 14:37:32.7980000 +00:00,10270
2017-04-01,2017-06-30,90,neighborhood,1,19325,0,"Washington, DC - LeDroit Park Historic District","Washington, DC",Columbia,DC,All Residential,-1,690000.0000,-0.3047858942,0.003636363636,674900.0000,-0.1148272018,0.2567970205,586.3354,-0.0857685394,0.09851180246,632.7848,0,0.0629406088,15,0.2500,0.5000,12,0.0000,-0.0769,14,-0.1250,0.0000,5,0.25,-0.3750,NULL,NULL,NULL,6.0000,-2,-2.0000,1.0086,0.008659809285,-0.01959376894,0.4667,0.05,-0.03333333333,NULL,NULL,NULL,0.5000,0,0.1923076923,"Washington, DC",47894,2025-08-01 14:37:32.7980000 +00:00,10271
2014-04-01,2014-06-30,90,neighborhood,1,186065,0,"Gloucester, MA - Central Gloucester",Gloucester,Massachusetts,MA,Multi-Family (2-4 Unit),4,307500.0000,-0.08208955224,0.0621761658,338900.0000,0.0002951593861,0.1298549758,134.3874,0.3547491171,0.4586771301,147.3321,0.08803074432,0.109398543,4,0.3333,-0.5000,6,-0.1429,-0.2500,10,0.1111,0.2500,11,0,0.1000,NULL,NULL,NULL,68.0000,-5,-66.5000,0.9690,0.01442821976,0.01557197681,0.2500,0.25,-0.125,NULL,NULL,NULL,0.1667,-0.2619047619,-0.2083333333,"Boston, MA",14454,2025-08-01 14:37:32.7980000 +00:00,10272
2021-03-01,2021-05-31,90,neighborhood,1,9790,0,"San Jose, CA - Joseph",San Jose,California,CA,All Residential,-1,702500.0000,-0.1531042797,-0.490942029,649900.0000,-0.1097260274,-0.2772062503,681.6017,0.07654214135,0.1665126052,713.3769,0.1295880658,0.08491958594,4,1.0000,0.3333,4,1.0000,0.3333,5,0.0000,0.2500,3,0,0.5000,NULL,NULL,NULL,20.0000,14.5,-10.0000,1.0229,0.03393522032,-0.003023419266,0.7500,0.25,0.08333333333,NULL,NULL,NULL,0.2500,0.25,-0.08333333333,"San Jose, CA",41940,2025-08-01 14:37:32.7980000 +00:00,10273
2019-05-01,2019-07-31,90,neighborhood,1,349713,0,"North Port, FL - Section 29",North Port,Florida,FL,Single Family Residential,6,7500.0000,-0.1891891892,0.5,5995.0000,-0.0004168403501,-0.1311594203,119.7802,-0.14557875,-0.1275152863,100.0472,-0.1491311677,-0.2687668851,13,0.3000,0.0833,16,0.1429,0.0667,15,-0.1667,-0.1667,33,-0.2142857143,0.0313,NULL,NULL,NULL,82.0000,46,35.5000,0.9129,-0.01433695603,0.03499771793,0.1538,-0.04615384615,0.1538461538,NULL,NULL,NULL,0.0625,-0.008928571429,-0.1375,"North Port, FL",35840,2025-08-01 14:37:32.7980000 +00:00,10274
2022-03-01,2022-05-31,90,neighborhood,1,2553,0,"Oceanside, CA - South Oceanside",Oceanside,California,CA,Single Family Residential,6,1375000.0000,0.04562737643,0.2365107914,1650000.0000,0.03189493433,0.5013648772,893.7748,-0.02938879262,-0.1557890977,813.2085,-0.1122356756,0.05677433315,10,0.2500,0.1111,12,0.2000,0.0000,13,-0.1333,0.0000,5,-0.4444444444,-0.1667,NULL,NULL,NULL,15.0000,-3,4.0000,1.0384,0.009624288419,0.05921543614,0.7000,0.325,0.3666666667,NULL,NULL,NULL,0.4167,-0.08333333333,-0.1666666667,"San Diego, CA",41740,2025-08-01 14:37:32.7980000 +00:00,10275
2022-08-01,2022-10-31,90,neighborhood,1,498552,0,"Manhattan, NY - Lenox Hill",Manhattan,New York,NY,Condo/Co-op,3,2097500.0000,0.0635061478,0.3150470219,2250000.0000,0.1278195489,0.125,1495.8333,0.3063939145,0.1051011434,1730.9783,0.1413787848,-0.08425146977,24,0.0000,-0.6308,22,0.2941,-0.5111,75,0.0563,-0.1667,171,0.03012048193,0.1325,NULL,NULL,NULL,89.0000,9,-142.0000,0.9969,-0.0007175108895,0.004832456542,0.0000,0,0,NULL,NULL,NULL,0.0455,0.04545454545,0.04545454545,"New York, NY",35614,2025-08-01 14:37:32.7980000 +00:00,10276
2013-06-01,2013-08-31,90,neighborhood,1,351212,0,"New Orleans, LA - Shirley Drive Area",New Orleans,Louisiana,LA,All Residential,-1,80000.0000,0,1.388059701,212387.5000,-0.3462988612,2.425604839,51.6129,0,1.15695715,80.6766,-0.1656716418,0.997051169,1,0.0000,-0.5000,1,0.0000,-0.5000,4,0.3333,1.0000,8,0,0.1429,NULL,NULL,NULL,381.0000,0,-143.0000,0.9195,0,0.04243671127,0.0000,0,0,NULL,NULL,NULL,0.0000,0,0,"New Orleans, LA",35380,2025-08-01 14:37:32.7980000 +00:00,10277
2016-08-01,2016-10-31,90,neighborhood,1,186405,0,"Boston, MA - Jamaica Hills-Pond",Boston,Massachusetts,MA,All Residential,-1,720000.0000,0.1042944785,0.07063197026,737000.0000,0.05436337625,0.05436337625,435.9606,0.001631475658,0.03943360192,385.9287,0.0006650864104,-0.07712694275,29,-0.3095,-0.3095,31,0.1481,-0.1622,28,0.1200,-0.3171,9,-0.25,-0.3571,NULL,NULL,NULL,21.0000,6,7.5000,1.0143,0.0008539260834,0.001872571922,0.4483,-0.02791461412,-0.05172413793,NULL,NULL,NULL,0.6774,0.1959378734,0.1909328684,"Boston, MA",14454,2025-08-01 14:37:32.7980000 +00:00,10278
2018-04-01,2018-06-30,90,neighborhood,1,381180,0,"Winston-Salem, NC - Wachovia Highlands",Winston-Salem,North Carolina,NC,All Residential,-1,80000.0000,-0.6638655462,0.3333333333,101500.0000,0.1941176471,0.7515099223,48.3969,-0.5711388003,0.08408953418,64.8355,0.2608597285,0.1849763899,1,0.0000,0.0000,4,1.0000,3.0000,4,0.3333,1.0000,1,-0.5,-0.5000,NULL,NULL,NULL,48.0000,26,-38.0000,0.9412,-0.05463942899,0.01809954751,0.0000,0,0,NULL,NULL,NULL,0.7500,-0.25,-0.25,"Winston-Salem, NC",49180,2025-08-01 14:37:32.7980000 +00:00,10279
2024-05-01,2024-07-31,90,neighborhood,1,1607,0,"Somerville, MA - Magoun Square",Somerville,Massachusetts,MA,All Residential,-1,800000.0000,-0.2270531401,-0.03614457831,806950.0000,0.05836448292,0.154434907,780.2198,-0.02743763231,0.3777890312,590.8982,-0.1273975377,-0.02536320795,3,0.5000,-0.7273,5,0.2500,-0.3750,6,0.0000,-0.3333,2,-0.5,1.0000,NULL,NULL,NULL,7.0000,-1.5,-3.0000,1.0601,-0.01383023562,0.03565471511,1.0000,0,0.4545454545,NULL,NULL,NULL,0.8000,0.05,-0.075,"Boston, MA",14454,2025-08-01 14:37:32.7980000 +00:00,10280
2022-01-01,2022-03-31,90,neighborhood,1,151733,0,"Columbus, OH - Southern Orchards",Columbus,Ohio,OH,Multi-Family (2-4 Unit),4,245000.0000,0,0.2810457516,349900.0000,0.1863027632,0.7495,70.2408,0,-0.2197213784,142.0049,0.3472167519,0.5115991954,1,0.0000,-0.7500,4,3.0000,0.0000,5,1.5000,-0.1667,4,1,1.0000,NULL,NULL,NULL,NULL,NULL,NULL,1.0208,0,0.07375645944,1.0000,0,0.5,NULL,NULL,NULL,1.0000,0,0,"Columbus, OH",18140,2025-08-01 14:37:32.7980000 +00:00,10281
2017-07-01,2017-09-30,90,neighborhood,1,392223,0,"Boca Raton, FL - Boca del Mar",Boca Raton,Florida,FL,Condo/Co-op,3,175500.0000,-0.025,-0.01404494382,197581.0000,0.01090304426,0.0454021164,135.4726,-0.008889337246,-0.04560296921,168.9777,0.03137065459,0.1486286578,50,0.0000,-0.1525,59,-0.0635,-0.1449,60,-0.0323,-0.0625,54,-0.01818181818,-0.2500,NULL,NULL,NULL,72.0000,-5,3.0000,0.9520,0.01349771605,-0.0006079616153,0.0800,0.04,-0.004745762712,NULL,NULL,NULL,0.2203,-0.01775625504,0.03193318595,"West Palm Beach, FL",48424,2025-08-01 14:37:32.7980000 +00:00,10282
2020-10-01,2020-12-31,90,neighborhood,1,767358,0,"Columbus, OH - Northland",Columbus,Ohio,OH,Single Family Residential,6,200000.0000,-0.0243902439,0.09589041096,196450.0000,-0.002791878173,0.06246619794,129.6432,-0.01034805206,0.1098552604,131.9932,0.008072314505,0.1407244043,220,-0.1020,0.0837,193,-0.1822,-0.0253,168,-0.2566,-0.0175,57,-0.3048780488,-0.3448,NULL,NULL,NULL,41.0000,2,-7.0000,1.0182,-0.0003012167815,0.02947682484,0.5909,-0.02949907236,0.3199731303,NULL,NULL,NULL,0.8083,-0.017981031,0.2274820746,"Columbus, OH",18140,2025-08-01 14:37:32.7980000 +00:00,10283
2022-03-01,2022-05-31,90,neighborhood,1,109204,0,"Pinole, CA - Bay Side",Pinole,California,CA,All Residential,-1,960000.0000,0.1228070175,0.7142857143,787000.0000,-0.07302709069,0.2602081665,534.1880,0.1025886865,-0.02129120879,479.5866,0.2303136913,0.0328684345,3,0.5000,2.0000,3,0.0000,0.0000,6,0.2000,0.5000,2,0,1.0000,NULL,NULL,NULL,10.0000,-0.5,7.0000,1.0986,-0.006311001387,-0.3048804033,1.0000,0,0,NULL,NULL,NULL,1.0000,0,0.3333333333,"Oakland, CA",36084,2025-08-01 14:37:32.7980000 +00:00,10284
2013-08-01,2013-10-31,90,neighborhood,1,148691,0,"East Point, GA - Lakeside Preserves",East Point,Georgia,GA,All Residential,-1,244000.0000,0,-0.03786437437,270392.0000,0.1923623054,0.117770346,74.5895,0,-0.02249865567,73.2417,-0.04429108029,0.01407069242,10,0.0000,1.5000,15,0.2500,2.0000,12,0.2000,0.0000,24,-0.07692307692,0.6000,NULL,NULL,NULL,127.0000,-120.5,-124.5000,0.9881,-0.004561068234,0.008529442444,0.0000,-0.1,0,NULL,NULL,NULL,0.1333,0.1333333333,-0.06666666667,"Atlanta, GA",12060,2025-08-01 14:37:32.7980000 +00:00,10285
2013-04-01,2013-06-30,90,neighborhood,1,14745,0,"Newport Beach, CA - Lido Isle",Newport Beach,California,CA,Single Family Residential,6,2297000.0000,-0.152398524,0.3125714286,2674000.0000,0.03044315992,-0.04329159213,951.6715,-0.09492785323,0.2684421719,969.0330,-0.02173809524,0.06224195884,8,0.1429,-0.3846,10,0.4286,-0.1667,16,0.2308,0.0000,16,0.06666666667,-0.3600,NULL,NULL,NULL,52.0000,-74,-36.0000,0.9595,0.0354672296,0.03294614406,0.1250,0.125,0.125,NULL,NULL,NULL,0.1000,0.1,0.01666666667,"Anaheim, CA",11244,2025-08-01 14:37:32.7980000 +00:00,10286
2013-12-01,2014-02-28,90,neighborhood,1,110531,0,"San Bernardino, CA - University Square",San Bernardino,California,CA,Condo/Co-op,3,128500.0000,0.028,1.141666667,112500.0000,0.02272727273,0.3321492007,125.8570,0.028,1.940858635,106.6351,0.02272727273,0.5576822289,4,-0.2000,3.0000,2,-0.5000,-0.5000,2,1.0000,-0.5000,NULL,NULL,NULL,NULL,NULL,NULL,19.0000,8,4.0000,0.9942,0.008300196207,0.135859155,0.2500,0.25,0.25,NULL,NULL,NULL,0.5000,0.5,0.5,"Riverside, CA",40140,2025-08-01 14:37:32.7980000 +00:00,10287
2012-07-01,2012-09-30,90,neighborhood,1,764455,0,"Brooklyn Park, MN - River Park",Brooklyn Park,Minnesota,MN,Townhouse,13,179900.0000,0,0.3506006006,NULL,NULL,NULL,73.5487,0,0.1529247972,NULL,NULL,NULL,1,0.0000,0.0000,1,0.0000,0.0000,NULL,NULL,NULL,1,0,0.0000,NULL,NULL,NULL,30.0000,0,-130.0000,1.0000,0,-0.02461538462,0.0000,0,-1,NULL,NULL,NULL,0.0000,0,0,"Minneapolis, MN",33460,2025-08-01 14:37:32.7980000 +00:00,10288
2022-04-01,2022-06-30,90,neighborhood,1,428299,0,"Flint, MI - Utley Hills",Flint,Michigan,MI,All Residential,-1,50000.0000,0.1627906977,2.333333333,55000.0000,-0.08256880734,2.666666667,40.3226,0.05627306273,1.661290323,62.3077,0.1849529781,3.112307692,3,-0.2500,-0.4000,5,0.2500,-0.1667,9,0.1250,0.2857,6,0,2.0000,NULL,NULL,NULL,109.0000,46.5,41.0000,0.9674,0.01736484067,-0.02429129819,0.0000,0,0,NULL,NULL,NULL,0.4000,0.15,-0.1,"Flint, MI",22420,2025-08-01 14:37:32.7980000 +00:00,10289
2014-12-01,2015-02-28,90,neighborhood,1,163775,0,"El Paso, TX - Montwood Heights",El Paso,Texas,TX,Single Family Residential,6,105000.0000,0,0.05,112442.5000,0,0.07098295076,75.3138,-0.04671290193,-0.07615062762,88.4055,0,0.1476522959,5,0.6667,0.0000,5,0.6667,0.0000,6,0.0000,-0.4545,9,-0.1818181818,-0.1818,NULL,NULL,NULL,118.0000,-10,57.0000,0.9426,-0.008374266227,-0.03911994908,0.0000,0,-0.4,NULL,NULL,NULL,0.0000,0,0,"El Paso, TX",21340,2025-08-01 14:37:32.7980000 +00:00,10290
2022-09-01,2022-11-30,90,neighborhood,1,187123,0,"Green Bay, WI - Maple Arches",Green Bay,Wisconsin,WI,Single Family Residential,6,173500.0000,-0.03207810321,-0.07466666667,194900.0000,0.1471453796,0.344137931,130.6483,-0.07491563959,-0.3029398491,114.6722,-0.02970326749,-0.2376276057,3,-0.5000,-0.2500,2,-0.7143,-0.5000,2,0.0000,-0.3333,1,NULL,NULL,NULL,NULL,NULL,37.0000,8.5,3.5000,1.0281,-0.01985990243,-0.0951956501,0.3333,-0.1666666667,-0.6666666667,NULL,NULL,NULL,0.0000,0,-0.25,"Green Bay, WI",24580,2025-08-01 14:37:32.7980000 +00:00,10291
2022-06-01,2022-08-31,90,neighborhood,1,765734,0,"Horizon West, FL - Lakeside Village",Horizon West,Florida,FL,Single Family Residential,6,597000.0000,-0.02688296923,0.270212766,619900.0000,-0.04336419753,0.2435305918,240.5795,-0.02665575695,0.2429941767,240.8825,-0.009124467539,0.2602618298,54,-0.0357,-0.3333,60,0.1321,-0.3103,85,0.0241,-0.0116,36,0.02857142857,0.8000,NULL,NULL,NULL,9.0000,1.5,2.0000,1.0023,-0.01544975242,-0.01411869278,0.3519,-0.1302910053,-0.1913580247,NULL,NULL,NULL,0.5667,-0.1880503145,-0.1229885057,"Orlando, FL",36740,2025-08-01 14:37:32.7980000 +00:00,10292
2020-03-01,2020-05-31,90,neighborhood,1,550674,0,"Riverton, UT - Riverton East",Riverton,Utah,UT,All Residential,-1,357000.0000,-0.06544502618,0.115625,409500.0000,0.005524861878,0.1296551724,167.5393,0.07048242057,0.1141361257,162.1041,-0.01335400088,0.08933936652,11,0.0000,0.5714,17,0.0625,0.5455,17,-0.0556,0.5455,7,-0.3,0.4000,NULL,NULL,NULL,33.5000,-30,1.5000,0.9969,0.006253093779,-0.001717539501,0.4545,0.1818181818,0.02597402597,NULL,NULL,NULL,0.5294,-0.09558823529,0.1657754011,"Salt Lake City, UT",41620,2025-08-01 14:37:32.7980000 +00:00,10293
2023-10-01,2023-12-31,90,neighborhood,1,767206,0,"Louisville, KY - Northeast Jefferson",Louisville,Kentucky,KY,Condo/Co-op,3,295000.0000,-0.2837632777,0.008547008547,325000.0000,-0.03703703704,0.214953271,151.2482,-0.0218417198,-0.2507398622,164.6707,0.03245866731,0.01353134987,7,-0.1250,1.3333,7,0.0000,0.7500,9,-0.2500,1.2500,5,-0.4444444444,1.5000,NULL,NULL,NULL,20.0000,8.5,7.0000,0.9889,-0.007351009319,0.003248651364,0.2857,-0.08928571429,0.2857142857,NULL,NULL,NULL,0.7143,0,0.2142857143,"Louisville, KY",31140,2025-08-01 14:37:32.7980000 +00:00,10294
2022-03-01,2022-05-31,90,neighborhood,1,548890,0,"Hollywood, FL - Us 441-Sr 7 Corridor",Hollywood,Florida,FL,Townhouse,13,350000.0000,0,NULL,330000.0000,-0.03649494379,NULL,217.6617,0,NULL,225.8333,-0.0295006818,NULL,1,0.0000,NULL,3,0.0000,NULL,3,0.5000,NULL,3,0.5,NULL,NULL,NULL,NULL,7.0000,0,NULL,1.0297,0,NULL,1.0000,0,NULL,NULL,NULL,NULL,0.6667,0,NULL,"Fort Lauderdale, FL",22744,2025-08-01 14:37:32.7980000 +00:00,10295
2016-07-01,2016-09-30,90,neighborhood,1,555136,0,"Chicago, IL - West Walker",Chicago,Illinois,IL,All Residential,-1,398500.0000,0,0.1913303438,339000.0000,-0.1460957179,-0.3206412826,212.0482,-0.01146393862,-0.03098222202,193.2889,-0.1268007601,-0.2082569279,12,-0.3333,-0.4783,13,0.3000,0.0833,19,0.0556,0.4615,14,0.07692307692,0.2727,NULL,NULL,NULL,23.5000,-8.5,-6.5000,0.9870,0.00649793588,0.01846958746,0.3333,0.1111111111,0.2028985507,NULL,NULL,NULL,0.4615,-0.03846153846,0.1282051282,"Chicago, IL",16984,2025-08-01 14:37:32.7980000 +00:00,10296
2020-06-01,2020-08-31,90,neighborhood,1,766754,0,"Johnstown, PA - Moxham",Johnstown,Pennsylvania,PA,All Residential,-1,19000.0000,-0.07317073171,-0.3870967742,23700.0000,0,-0.3453038674,8.0000,-0.1054958939,-0.52,11.3066,0,-0.427270192,6,0.5000,-0.2500,5,0.2500,-0.3750,6,-0.2500,-0.6250,10,-0.2857142857,-0.5455,NULL,NULL,NULL,77.5000,-51.5,-37.5000,0.8766,0.03749811525,-0.001163660151,0.0000,0,-0.125,NULL,NULL,NULL,0.0000,0,0,"Johnstown, PA",27780,2025-08-01 14:37:32.7980000 +00:00,10297
2021-06-01,2021-08-31,90,neighborhood,1,222589,0,"Leawood, KS - Leawood South",Leawood,Kansas,KS,Townhouse,13,330000.0000,0.08196721311,0.2,335000.0000,0,0.2407407407,141.9335,0.01558900374,0.18389235,147.4754,-0.0001245467944,0.208734822,5,0.2500,0.0000,NULL,NULL,NULL,5,0.2500,0.2500,NULL,NULL,NULL,NULL,NULL,NULL,15.5000,-10,6.5000,NULL,NULL,NULL,NULL,NULL,NULL,NULL,NULL,NULL,0.4000,-0.1,-0.2,"Kansas City, MO",28140,2025-08-01 14:37:32.7980000 +00:00,10298
2013-01-01,2013-03-31,90,neighborhood,1,764766,0,"New Smyrna Beach, FL - Fairway",New Smyrna Beach,Florida,FL,Single Family Residential,6,139000.0000,-0.04137931034,0.5444444444,125000.0000,0,-0.05446293495,88.7302,0.08014203285,0.2531768342,86.3326,-0.0497622724,-0.1058753973,14,0.0769,-0.3333,14,0.0769,-0.3000,25,0.1905,0.3889,34,0,0.0303,NULL,NULL,NULL,157.5000,-45.5,-6.5000,0.9003,-0.02347190641,0.006039763348,0.0000,0,0,NULL,NULL,NULL,0.0000,0,0,"Deltona, FL",19660,2025-08-01 14:37:32.7980000 +00:00,10299
2016-04-01,2016-06-30,90,neighborhood,1,97237,0,"St. Louis, MO - Bevo Mill",St. Louis,Missouri,MO,Single Family Residential,6,80762.5000,-0.03278443114,0.1986123479,79900.0000,0,-0.04311377246,74.7467,0.01164058776,0.1826680494,77.5641,0.01077163868,0.00391099044,52,0.2683,-0.0370,NULL,NULL,NULL,104,-0.0877,0.3867,80,-0.1666666667,-0.1111,NULL,NULL,NULL,50.0000,-2,-15.0000,0.9714,0.02220138805,0.01587282596,0.2500,0.07926829268,0.1203703704,NULL,NULL,NULL,0.1977,0.000704721635,0.09161381254,"St. Louis, MO",41180,2025-08-01 14:37:32.7980000 +00:00,10300
2022-12-01,2023-02-28,90,neighborhood,1,296308,0,"Rockville, MD - Fallsgrove",Rockville,Maryland,MD,All Residential,-1,807450.0000,0.02208860759,0.9225,1012500.0000,0.03846153846,0.4211523616,275.7546,-0.001698432693,-0.08690960386,315.4030,0.1056012917,0.04477039332,4,0.3333,-0.5000,5,0.0000,-0.5833,4,0.3333,-0.3333,2,0,-0.3333,NULL,NULL,NULL,24.0000,-15,-46.0000,0.9805,-0.005173200929,-0.009956552073,0.0000,0,-0.25,NULL,NULL,NULL,0.4000,0,-0.1,"Frederick, MD",23224,2025-08-01 14:37:32.7980000 +00:00,10301
2016-06-01,2016-08-31,90,neighborhood,1,766292,0,"Yakima, WA - Barge Chestnut Historic District",Yakima,Washington,WA,Single Family Residential,6,225200.0000,-0.01594931178,0.126,215000.0000,-0.1518737673,-0.07427341227,101.5326,-0.001729182744,0.05318763541,96.5562,-0.01560201657,0.1997955156,5,0.2500,1.5000,4,0.3333,1.0000,5,-0.1667,0.2500,5,0.25,0.2500,NULL,NULL,NULL,57.0000,6,1.0000,0.9930,0.001744417759,0.05044218562,0.2000,-0.05,0.2,NULL,NULL,NULL,0.0000,0,0,"Yakima, WA",49420,2025-08-01 14:37:32.7980000 +00:00,10302
2022-10-01,2022-12-31,90,neighborhood,1,33719,0,"Naperville, IL - West Highlands",Naperville,Illinois,IL,All Residential,-1,452500.0000,0.09036144578,-0.0483701367,549899.5000,-0.08319523174,0.2791335194,255.9988,0.3990486217,0.2473012182,302.3499,-0.06036942908,0.5005732102,2,-0.6000,-0.7500,3,0.5000,-0.5714,8,0.1429,1.0000,8,0.1428571429,0.6000,NULL,NULL,NULL,72.5000,23.5,67.0000,1.0227,0.0333125122,0.0069896325,0.5000,0.3,-0.125,NULL,NULL,NULL,0.3333,-0.1666666667,-0.5238095238,"Chicago, IL",16984,2025-08-01 14:37:32.7980000 +00:00,10303
2024-11-01,2025-01-31,90,neighborhood,1,30625,0,"Fort Worth, TX - Trace Ridge",Fort Worth,Texas,TX,Single Family Residential,6,406500.0000,0.1246368792,0.2585139319,374900.0000,-0.1668888889,-0.1622346369,183.1278,0.1408814688,0.2688583785,180.5778,0,0.1361926848,2,-0.5000,-0.3333,2,NULL,-0.6667,3,2.0000,-0.2500,2,1,0.0000,NULL,NULL,NULL,22.5000,-4,-72.5000,0.9907,0.001626347855,0.009465473699,0.0000,-0.25,-0.3333333333,NULL,NULL,NULL,1.0000,NULL,0.6666666667,"Fort Worth, TX",23104,2025-08-01 14:37:32.7980000 +00:00,10304
2017-08-01,2017-10-31,90,neighborhood,1,764453,0,"Kokomo, IN - Fairlawn",Kokomo,Indiana,IN,Single Family Residential,6,51900.0000,0.008746355685,0.1597765363,49900.0000,-0.1879576892,0.1340909091,54.0625,0.03510742707,0.01815135226,44.5536,-0.3074049465,-0.07558277588,5,-0.1667,0.2500,5,-0.1667,0.2500,3,-0.2500,-0.5714,10,0.25,-0.0909,NULL,NULL,NULL,54.0000,2,-165.5000,0.9365,0.01127113006,-0.04598590423,0.0000,0,0,NULL,NULL,NULL,0.0000,0,0,"Kokomo, IN",29020,2025-08-01 14:37:32.7980000 +00:00,10305
2021-06-01,2021-08-31,90,neighborhood,1,394480,0,"Palm City, FL - Palm Cove",Palm City,Florida,FL,Single Family Residential,6,912500.0000,-0.1053921569,-0.008152173913,625000.0000,-0.5039288832,-0.08759124088,239.0133,-0.2346854803,0.1842247023,232.1694,-0.09041343525,0.02170250447,4,0.0000,-0.2000,2,-0.5000,-0.7143,1,-0.6667,-0.8000,NULL,NULL,NULL,NULL,NULL,NULL,22.0000,0,-126.0000,0.9568,-0.01188586396,-0.006186167759,0.0000,0,0,NULL,NULL,NULL,0.5000,0,0.3571428571,"Port St. Lucie, FL",38940,2025-08-01 14:37:32.7980000 +00:00,10306
2020-02-01,2020-04-30,90,neighborhood,1,92692,0,"Birmingham, AL - Powderly",Birmingham,Alabama,AL,Single Family Residential,6,4000.0000,0,-0.8095238095,6000.0000,0,-0.5539033457,7.2727,0,-0.5761038961,10.9091,0,-0.1631978109,1,0.0000,-0.6667,1,-0.5000,-0.7500,1,0.0000,-0.7500,1,0,-0.7500,NULL,NULL,NULL,1.0000,0,-14.0000,0.6667,0,-0.1880614726,0.0000,0,0,NULL,NULL,NULL,1.0000,0.5,1,"Birmingham, AL",13820,2025-08-01 14:37:32.7980000 +00:00,10307
2014-12-01,2015-02-28,90,neighborhood,1,642,0,"Oakland, CA - Crocker Highlands",Oakland,California,CA,Single Family Residential,6,1237500.0000,-0.033203125,0.2659846547,1297000.0000,0.3035175879,0.2387774594,594.8638,0.09017900647,0.09947617383,479.8977,0.03787634205,0.1240519559,8,0.1429,1.0000,7,-0.1250,0.7500,8,0.1429,0.3333,1,-0.6666666667,-0.6667,NULL,NULL,NULL,14.0000,0,-3.0000,1.1792,0.04143458726,0.1269412416,1.0000,0,0.25,NULL,NULL,NULL,0.8571,0.1071428571,0.3571428571,"Oakland, CA",36084,2025-08-01 14:37:32.7980000 +00:00,10308
2021-03-01,2021-05-31,90,neighborhood,1,663569,0,"Laredo, TX - Eleden South",Laredo,Texas,TX,Single Family Residential,6,145000.0000,0.1153846154,NULL,110500.0000,0,NULL,124.8923,0.1547737362,NULL,104.8569,0,NULL,1,0.0000,NULL,1,0.0000,NULL,2,0.0000,NULL,1,-0.5,NULL,NULL,NULL,NULL,59.0000,12,NULL,NULL,NULL,NULL,0.0000,0,NULL,NULL,NULL,NULL,0.0000,0,NULL,"Laredo, TX",29700,2025-08-01 14:37:32.7980000 +00:00,10309
2023-05-01,2023-07-31,90,neighborhood,1,299868,0,"Bel Air South, MD - Fountain Glen",Bel Air South,Maryland,MD,All Residential,-1,532000.0000,0.07474747475,0.1565217391,470000.0000,-0.05811623246,0.2702702703,231.4815,0,0.1512538408,207.0485,-0.03612511366,0.1174043773,5,0.0000,-0.5000,5,0.2500,-0.2857,5,0.0000,-0.2857,2,1,1.0000,NULL,NULL,NULL,2.0000,0,-1.5000,1.0615,0.01003500583,0.0290564477,1.0000,0.2,0.2,NULL,NULL,NULL,1.0000,0,0,"Baltimore, MD",12580,2025-08-01 14:37:32.7980000 +00:00,10310
2014-06-01,2014-08-31,90,neighborhood,1,765343,0,"Northwest Ithaca, NY - West Hill",Northwest Ithaca,New York,NY,Single Family Residential,6,310000.0000,0.4426992437,NULL,231000.0000,-0.03528920443,NULL,107.2787,-0.2617226772,NULL,131.3038,0.008736319978,NULL,5,-0.3750,NULL,5,-0.3750,NULL,8,0.3333,NULL,11,0,NULL,NULL,NULL,NULL,142.0000,62,NULL,0.9630,-0.02666350208,NULL,0.0000,-0.125,NULL,NULL,NULL,NULL,0.0000,0,NULL,"Ithaca, NY",27060,2025-08-01 14:37:32.7980000 +00:00,10311
2023-07-01,2023-09-30,90,neighborhood,1,762503,0,"Auburn, AL - Asheton Lakes",Auburn,Alabama,AL,All Residential,-1,554750.0000,-0.05170940171,-0.1829896907,382100.0000,0.0178476292,-0.3630605101,199.2638,0,0.09024700141,205.7766,0.04516002831,0.09628589324,10,0.6667,0.4286,11,-0.1538,1.7500,10,-0.2857,9.0000,10,0.25,2.3333,NULL,NULL,NULL,57.5000,-33.5,53.5000,0.9729,0.01193316499,-0.02392960218,0.1000,0.1,-0.1857142857,NULL,NULL,NULL,0.1818,-0.1258741259,-0.06818181818,"Auburn, AL",12220,2025-08-01 14:37:32.7980000 +00:00,10312
2021-08-01,2021-10-31,90,neighborhood,1,97840,0,"Scottsdale, AZ - Reatta Pass-Troon",Scottsdale,Arizona,AZ,All Residential,-1,1299500.0000,-0.06812477591,0.3466321244,1300000.0000,-0.03703703704,0.1711711712,417.7010,0.0002615346917,0.4337662174,429.0848,0.002352061489,0.3341394472,80,-0.0476,-0.2982,92,-0.0417,-0.3185,87,-0.0440,-0.5112,55,0.01851851852,-0.6563,NULL,NULL,NULL,33.0000,-2,-24.5000,0.9939,-0.006833686675,0.02191483487,0.2375,-0.08392857143,0.08837719298,NULL,NULL,NULL,0.4783,0.04076086957,0.06344605475,"Phoenix, AZ",38060,2025-08-01 14:37:32.7980000 +00:00,10313
2022-05-01,2022-07-31,90,neighborhood,1,113033,0,"Long Beach, CA - Jordan",Long Beach,California,CA,All Residential,-1,680000.0000,-0.04225352113,0.03422053232,654444.0000,-0.04460729927,0.01938317757,584.5182,0.05296023837,0.2441545426,539.8399,0.02330173776,0.1057784548,19,-0.1364,-0.3214,20,0.0526,-0.2308,30,0.1111,0.0000,19,0.2666666667,0.1875,NULL,NULL,NULL,35.0000,-3,12.0000,1.0279,-0.00501598365,-0.01466902979,0.6842,-0.04306220096,-0.1372180451,NULL,NULL,NULL,0.5500,0.02368421053,0.01153846154,"Los Angeles, CA",31084,2025-08-01 14:37:32.7980000 +00:00,10314
2014-02-01,2014-04-30,90,neighborhood,1,117832,0,"San Jose, CA - Summerdale",San Jose,California,CA,All Residential,-1,820000.0000,0.07894736842,0.2974683544,599800.0000,NULL,0.004690117253,386.0640,0.1519608733,0.162468116,413.6552,NULL,0.1417961614,3,-0.2500,-0.4000,2,-0.3333,-0.5000,1,NULL,-0.8333,1,NULL,-0.7500,NULL,NULL,NULL,97.0000,72,69.0000,1.0285,0.01711882187,-0.01856859135,0.6667,0.4166666667,-0.1333333333,NULL,NULL,NULL,0.0000,0,-0.5,"San Jose, CA",41940,2025-08-01 14:37:32.7980000 +00:00,10315
2017-02-01,2017-04-30,90,neighborhood,1,114963,0,"Anaheim, CA - North Euclid",Anaheim,California,CA,Townhouse,13,565000.0000,0.2988505747,0.6165951359,339000.0000,-0.2533039648,-0.01710640765,243.4296,-0.1551965823,-0.2276509072,284.3960,0.07410650844,-0.08753578399,1,-0.6667,-0.5000,1,-0.5000,-0.5000,1,-0.5000,-0.5000,1,-0.5,NULL,NULL,NULL,NULL,56.0000,0,14.5000,0.9930,0.01167317355,-0.01848141579,0.0000,0,-0.5,NULL,NULL,NULL,0.0000,0,-0.5,"Anaheim, CA",11244,2025-08-01 14:37:32.7980000 +00:00,10316
2023-07-01,2023-09-30,90,neighborhood,1,115159,0,"Ontario, CA - Parkside",Ontario,California,CA,Single Family Residential,6,515000.0000,-0.05504587156,-0.06363636364,587497.5000,0.01292672414,0.2177375894,512.4554,-0.1557217632,0.2325900982,491.2311,-0.007546581921,0.1019393852,4,0.0000,0.3333,4,0.0000,0.3333,4,-0.2000,1.0000,4,0,3.0000,NULL,NULL,NULL,14.0000,1,-27.0000,0.9613,-0.004039898889,-0.06974891494,0.7500,0,-0.25,NULL,NULL,NULL,0.7500,0,0.08333333333,"Riverside, CA",40140,2025-08-01 14:37:32.7980000 +00:00,10317
2020-11-01,2021-01-31,90,neighborhood,1,18363,0,"Washington, DC - Brentwood","Washington, DC",Columbia,DC,Multi-Family (2-4 Unit),4,499000.0000,0,NULL,1200000.0000,0,NULL,458.6397,0,NULL,441.1765,0,NULL,1,0.0000,NULL,1,0.0000,NULL,1,0.0000,NULL,1,0,NULL,NULL,NULL,NULL,23.0000,0,NULL,1.0000,0,NULL,0.0000,0,NULL,NULL,NULL,NULL,0.0000,0,NULL,"Washington, DC",47894,2025-08-01 14:37:32.7980000 +00:00,10318
2012-08-01,2012-10-31,90,neighborhood,1,350165,0,"Westminster, CO - Harris Park",Westminster,Colorado,CO,All Residential,-1,120500.0000,0.04555314534,-0.07839388145,142497.5000,-0.07917609047,0.09655636783,75.1336,0.1946338004,-0.1812170735,105.9738,0.08629520087,0.2177198969,11,0.3750,0.1000,11,-0.0833,1.2000,12,0.2000,0.5000,9,0.125,0.1250,NULL,NULL,NULL,20.0000,6,-54.0000,1.0477,-0.0226004609,0.06162258704,0.4545,-0.1704545455,0.1545454545,NULL,NULL,NULL,0.2727,-0.06060606061,0.2727272727,"Denver, CO",19740,2025-08-01 14:37:32.7980000 +00:00,10319
2022-01-01,2022-03-31,90,neighborhood,1,551644,0,"Winding Cypress, FL - Naples Reserve",Winding Cypress,Florida,FL,Single Family Residential,6,882000.0000,0.176,0.5973630832,974999.5000,0.0845378198,0.2189017377,413.4216,0.0211178508,0.6059840812,461.0094,0.07797161019,0.4898227355,22,-0.1200,-0.5510,38,0.8095,-0.2400,44,0.7600,-0.0222,11,0,-0.1538,NULL,NULL,NULL,17.0000,6,-9.0000,0.9961,0.001534952585,-0.008794976057,0.3636,0.08363636364,0.09833024119,NULL,NULL,NULL,0.5789,0.1979949875,0.03894736842,"Naples, FL",34940,2025-08-01 14:37:32.7980000 +00:00,10320
2020-03-01,2020-05-31,90,neighborhood,1,557365,0,"Arlington, WA - Arlington Bluff",Arlington,Washington,WA,All Residential,-1,404975.0000,-0.0121356263,0.1443204295,385000.0000,-0.03737967246,0.06944444444,280.5783,0.09291929116,0.08325462132,266.3671,-0.02159496769,0.08884873703,8,0.6000,-0.6364,13,0.4444,-0.5000,13,0.1818,-0.4800,2,-0.6,-0.3333,NULL,NULL,NULL,4.0000,-8,-2.0000,1.0075,0.04582904091,0.003322229941,0.5000,0.3,0.09090909091,NULL,NULL,NULL,0.7692,-0.008547008547,0,"Seattle, WA",42644,2025-08-01 14:37:32.7980000 +00:00,10321
2014-08-01,2014-10-31,90,neighborhood,1,35880,0,"Chicago, IL - Near North Side",Chicago,Illinois,IL,All Residential,-1,395000.0000,-0.0125,0.01935483871,407000.0000,0.01775443861,0.03037974684,346.4052,0.006766088521,0.04687545823,355.5704,-0.01276969165,0.01158487413,677,-0.1420,-0.1139,636,-0.0479,0.0000,900,-0.0702,0.0274,1052,-0.007547169811,0.2690,NULL,NULL,NULL,54.0000,5,19.0000,0.9759,-0.003549257344,-0.003388453703,0.2511,-0.01124958579,-0.002818872915,NULL,NULL,NULL,0.2091,-0.04088050314,-0.1556603774,"Chicago, IL",16984,2025-08-01 14:37:32.7980000 +00:00,10322
2016-05-01,2016-07-31,90,neighborhood,1,1787,0,"Baltimore, MD - Mount Vernon",Baltimore,Maryland,MD,Townhouse,13,233000.0000,0.005393743258,0.1095238095,350000.0000,0.03092783505,0.4589412255,148.9919,0.05992286004,-0.06702702029,137.7295,-0.04797409231,-0.1709817878,5,0.2500,0.0000,6,1.0000,1.0000,5,-0.3750,0.6667,3,-0.4,0.0000,NULL,NULL,NULL,28.0000,10,-10.0000,0.9355,0.01181198747,-0.02388513574,0.2000,-0.05,0,NULL,NULL,NULL,0.1667,0.1666666667,-0.1666666667,"Baltimore, MD",12580,2025-08-01 14:37:32.7980000 +00:00,10323
2020-10-01,2020-12-31,90,neighborhood,1,554846,0,"Pawtucket, RI - Beverage Hill-the Plains",Pawtucket,Rhode Island,RI,Single Family Residential,6,259000.0000,0.007782101167,0.2333333333,252500.0000,0.01040416166,0.1350865363,171.2878,0.1065840619,0.2715690933,161.5176,0.01512605368,0.2662978797,24,-0.0400,0.8462,20,-0.0909,0.5385,16,-0.1579,0.3333,2,-0.5,-0.7500,NULL,NULL,NULL,21.0000,-2.5,-39.0000,1.0332,0.006630261769,0.04911105197,0.7500,0.03,0.5192307692,NULL,NULL,NULL,0.7500,-0.06818181818,0.4423076923,"Providence, RI",39300,2025-08-01 14:37:32.7980000 +00:00,10324
2024-06-01,2024-08-31,90,neighborhood,1,760657,0,"Wichita, KS - Murdock",Wichita,Kansas,KS,Multi-Family (2-4 Unit),4,17000.0000,0,-0.7470238095,19000.0000,0,-0.5237975889,11.8056,0,-0.740988586,13.1944,0,-0.5237975889,1,0.0000,-0.5000,1,0.0000,NULL,1,0.0000,0.0000,NULL,NULL,NULL,NULL,NULL,NULL,34.0000,0,22.0000,0.8947,0,-0.02800993901,0.0000,0,0,NULL,NULL,NULL,1.0000,0,NULL,"Wichita, KS",48620,2025-08-01 14:37:32.7980000 +00:00,10325
2024-11-01,2025-01-31,90,neighborhood,1,551329,0,"Baton Rouge, LA - Southwest Baton Rouge",Baton Rouge,Louisiana,LA,Multi-Family (2-4 Unit),4,205000.0000,-0.08787541713,-0.01394901395,330000.0000,-0.2903225806,0.04761904762,75.1996,0.3702073419,-0.09032687409,79.1949,-0.0342079927,0.1062150992,5,-0.3750,0.0000,7,0.0000,0.4000,NULL,NULL,NULL,NULL,NULL,NULL,NULL,NULL,NULL,148.0000,113,66.0000,0.9166,-0.03441024218,-0.03393292219,0.0000,0,-0.2,NULL,NULL,NULL,0.0000,0,0,"Baton Rouge, LA",12940,2025-08-01 14:37:32.7980000 +00:00,10326
2019-07-01,2019-09-30,90,neighborhood,1,550207,0,"Tucson, AZ - Montrose",Tucson,Arizona,AZ,All Residential,-1,203750.0000,0.01875,0.3628762542,185000.0000,-0.03896103896,0.07029216083,106.2528,0.02095571144,-0.03644556535,140.4557,-0.03970414063,0.108495765,2,0.0000,0.0000,3,0.0000,0.5000,6,0.0000,0.5000,4,-0.3333333333,0.0000,NULL,NULL,NULL,202.5000,-94.5,162.0000,1.0174,0.10254329,0.05142280619,0.5000,0.5,0.5,NULL,NULL,NULL,0.3333,0,-0.6666666667,"Tucson, AZ",46060,2025-08-01 14:37:32.7980000 +00:00,10327
2021-04-01,2021-06-30,90,neighborhood,1,765994,0,"Minnetonka, MN - Groveland",Minnetonka,Minnesota,MN,Single Family Residential,6,520000.0000,0,0.4857142857,482500.0000,-0.07211449242,0.359537898,234.1689,-0.08944337325,0.3231065939,216.6779,-0.03371709191,0.1890757533,7,0.4000,-0.2222,4,-0.3333,-0.6000,6,0.5000,-0.2500,2,NULL,1.0000,NULL,NULL,NULL,15.0000,-2,-16.0000,1.0557,-0.011073875,0.05762979892,0.7143,0.1142857143,0.4920634921,NULL,NULL,NULL,0.7500,-0.08333333333,0.25,"Minneapolis, MN",33460,2025-08-01 14:37:32.7980000 +00:00,10328
2016-02-01,2016-04-30,90,neighborhood,1,555170,0,"Orland Park, IL - Orland Crossing",Orland Park,Illinois,IL,All Residential,-1,190000.0000,0,-0.1479820628,227900.0000,-0.004368719965,-0.02979991486,100.0000,0,-0.05829596413,113.9500,0.02002365754,-0.03756151554,1,0.0000,0.0000,1,0.0000,-0.6667,3,0.5000,2.0000,2,1,NULL,NULL,NULL,NULL,116.0000,0,-37.0000,0.8520,0,-0.1303609174,0.0000,0,0,NULL,NULL,NULL,1.0000,0,0.6666666667,"Chicago, IL",16984,2025-08-01 14:37:32.7980000 +00:00,10329
2022-12-01,2023-02-28,90,neighborhood,1,352024,0,"Memphis, TN - Medical District",Memphis,Tennessee,TN,All Residential,-1,449000.0000,NULL,8.452631579,449000.0000,NULL,7.980089801,118.1579,NULL,0.04476454294,118.1579,NULL,-0.007463758848,1,0.0000,-0.5000,1,NULL,-0.5000,1,NULL,-0.5000,NULL,NULL,NULL,NULL,NULL,NULL,32.0000,NULL,26.5000,1.0000,NULL,0.04999099982,0.0000,NULL,0,NULL,NULL,NULL,1.0000,NULL,0,"Memphis, TN",32820,2025-08-01 14:37:32.7980000 +00:00,10330
2012-04-01,2012-06-30,90,neighborhood,1,2520,0,"Pasadena, CA - Southeast Pasadena",Pasadena,California,CA,Condo/Co-op,3,331000.0000,-0.009723261032,0.08613617719,377250.0000,0.08717579251,0.08094710737,313.8374,0.0220235664,-0.01559739566,335.6884,0.01972428467,-0.009221988103,27,-0.1000,-0.1000,31,-0.1143,-0.0313,36,0.0000,-0.2340,29,-0.06451612903,-0.3409,NULL,NULL,NULL,48.0000,-28,-24.0000,0.9923,0.009376070744,0.02150675188,0.2593,0.05925925926,0.09259259259,NULL,NULL,NULL,0.0968,-0.01751152074,0.03427419355,"Los Angeles, CA",31084,2025-08-01 14:37:32.7980000 +00:00,10331
2018-11-01,2019-01-31,90,neighborhood,1,186241,0,"Salem, MA - Mack Park",Salem,Massachusetts,MA,Condo/Co-op,3,285500.0000,-0.04033613445,0.1558704453,418750.0000,0.3285215736,0.727202983,290.2031,-0.01687047134,0.1665772075,282.4859,0,0.1493419617,4,0.0000,0.0000,2,-0.5000,-0.6667,4,-0.3333,-0.3333,1,0,-0.5000,NULL,NULL,NULL,13.0000,-4.5,-27.0000,0.9991,0.01694383817,-0.004831522949,0.5000,0.25,0,NULL,NULL,NULL,1.0000,0,0.3333333333,"Boston, MA",14454,2025-08-01 14:37:32.7980000 +00:00,10332
2012-02-01,2012-04-30,90,neighborhood,1,366076,0,"Houston, TX - Stone Gate",Houston,Texas,TX,All Residential,-1,195000.0000,0.09243697479,-0.02743142145,199900.0000,0,-0.04559560754,69.0302,-0.0101835647,0.06912641625,70.8333,-0.009168084563,-0.0132183908,22,0.8333,0.0476,22,0.8333,0.0476,45,0.1250,0.0976,34,0.0303030303,-0.2093,NULL,NULL,NULL,57.0000,0,-18.0000,0.9856,-5.453796009E-05,0.02147300044,0.2273,-0.02272727273,0.132034632,NULL,NULL,NULL,0.0000,0,0,"Houston, TX",26420,2025-08-01 14:37:32.7980000 +00:00,10333
2014-07-01,2014-09-30,90,neighborhood,1,184370,0,"Lakewood, WA - Lakeview",Lakewood,Washington,WA,All Residential,-1,154475.0000,-0.003387096774,0.09946619217,188975.0000,0,0.4081594635,99.8425,-0.000650827014,-0.01100635288,122.4574,-0.06274073448,0.1370648527,22,-0.0435,0.2222,22,-0.0435,-0.2903,22,-0.0833,-0.1538,19,-0.1739130435,0.0556,NULL,NULL,NULL,63.0000,14,36.5000,0.9645,0.007411251491,-0.009397108313,0.0909,0.00395256917,-0.1868686869,NULL,NULL,NULL,0.1818,0.00790513834,-0.07624633431,"Tacoma, WA",45104,2025-08-01 14:37:32.7980000 +00:00,10334
2012-06-01,2012-08-31,90,neighborhood,1,35084,0,"Fort Worth, TX - Woodhaven",Fort Worth,Texas,TX,Single Family Residential,6,135000.0000,0.1489361702,0.06299212598,139900.0000,0.07332192753,-0.1029176018,49.6573,0.2638542264,-0.08740066595,51.6427,0.08091562462,-0.07341854483,6,0.0000,1.0000,10,0.1111,0.6667,11,0.3750,0.3750,12,0.09090909091,-0.2000,NULL,NULL,NULL,54.0000,-14,-6.0000,0.9385,0.04524336655,0.03086262253,0.1667,0.1666666667,0.1666666667,NULL,NULL,NULL,0.3000,0.07777777778,0.3,"Fort Worth, TX",23104,2025-08-01 14:37:32.7980000 +00:00,10335
2021-05-01,2021-07-31,90,neighborhood,1,528290,0,"Des Moines, IA - Accent",Des Moines,Iowa,IA,Multi-Family (2-4 Unit),4,187900.0000,0,NULL,220000.0000,0.009405827025,NULL,126.2769,0,NULL,130.0236,-0.008646182443,NULL,1,0.0000,NULL,1,0.0000,NULL,1,-0.5000,NULL,1,-0.5,NULL,NULL,NULL,NULL,4.0000,0,NULL,0.9947,0,NULL,0.0000,0,NULL,NULL,NULL,NULL,1.0000,0,NULL,"Des Moines, IA",19780,2025-08-01 14:37:32.7980000 +00:00,10336
2019-04-01,2019-06-30,90,neighborhood,1,477315,0,"St. Augustine, FL - Lincolnville",St. Augustine,Florida,FL,Condo/Co-op,3,284500.0000,0,NULL,NULL,NULL,NULL,287.6643,0,NULL,NULL,NULL,NULL,1,0.0000,NULL,NULL,NULL,NULL,NULL,NULL,NULL,NULL,NULL,NULL,NULL,NULL,NULL,62.0000,0,NULL,0.9515,0,NULL,0.0000,0,NULL,NULL,NULL,NULL,NULL,NULL,NULL,"Jacksonville, FL",27260,2025-08-01 14:37:32.7980000 +00:00,10337
2016-12-01,2017-02-28,90,neighborhood,1,480494,0,"Essex Junction, VT - Colchester Village",Essex Junction,Vermont,VT,Townhouse,13,272000.0000,0,0.183123097,267450.0000,0.07022809124,0.1633318834,124.6044,0,-0.08728203236,120.3183,-0.1092881597,-0.118677477,3,0.0000,2.0000,2,-0.3333,0.0000,2,1.0000,-0.3333,NULL,NULL,NULL,NULL,NULL,NULL,38.0000,-25,28.0000,0.9910,0.001228358806,-0.009030135352,0.0000,0,0,NULL,NULL,NULL,1.0000,0.6666666667,0,"Burlington, VT",15540,2025-08-01 14:37:32.7980000 +00:00,10338
2021-01-01,2021-03-31,90,neighborhood,1,762077,0,"Laredo, TX - Quail Creek",Laredo,Texas,TX,All Residential,-1,150950.0000,-0.01629195178,0.00700466978,160000.0000,0,0.134751773,105.9635,-0.04438809948,0.01927449717,100.3764,-0.04368655184,-0.0711779243,4,0.0000,0.3333,4,0.0000,0.3333,1,-0.6667,-0.7500,NULL,NULL,NULL,NULL,NULL,NULL,46.5000,-9.5,-37.5000,NULL,NULL,NULL,0.0000,0,0,NULL,NULL,NULL,0.0000,0,0,"Laredo, TX",29700,2025-08-01 14:37:32.7980000 +00:00,10339
2022-03-01,2022-05-31,90,neighborhood,1,498227,0,"Zephyrhills, FL - Hercules",Zephyrhills,Florida,FL,Multi-Family (2-4 Unit),4,250900.0000,0,NULL,225000.0000,0,NULL,209.7826,0,NULL,188.1271,0,NULL,1,0.0000,NULL,1,0.0000,NULL,1,0.0000,NULL,NULL,NULL,NULL,NULL,NULL,NULL,21.0000,0,NULL,1.1151,0,NULL,1.0000,0,NULL,NULL,NULL,NULL,1.0000,0,NULL,"Tampa, FL",45300,2025-08-01 14:37:32.7980000 +00:00,10340
2023-11-01,2024-01-31,90,neighborhood,1,153506,0,"Dayton, OH - Santa Clara",Dayton,Ohio,OH,Multi-Family (2-4 Unit),4,30000.0000,0.25,-0.8063266624,99500.0000,-0.1347826087,0.686440678,11.9332,0.1614956245,-0.8354469971,39.3566,0,0.8771099433,1,0.0000,0.0000,4,3.0000,0.3333,7,0.4000,1.3333,6,0.5,2.0000,NULL,NULL,NULL,13.0000,-75,NULL,1.0033,0.203317814,0.01922758199,1.0000,1,1,NULL,NULL,NULL,0.7500,0.75,0.4166666667,"Dayton, OH",19430,2025-08-01 14:37:32.7980000 +00:00,10341
2018-02-01,2018-04-30,90,neighborhood,1,208425,0,"Nashville, TN - Old Hickory Village",Nashville,Tennessee,TN,Single Family Residential,6,235250.0000,-0.001273614944,0.1689440994,215000.0000,-0.06297668337,-0.06490027053,171.1379,-0.003318594152,0.05938127565,172.4092,-0.009845131657,-0.009523105306,19,0.0556,0.3571,15,0.0000,0.0000,23,0.1500,0.2105,24,0.2631578947,1.1818,NULL,NULL,NULL,66.0000,-25.5,21.5000,1.0085,-0.04545394508,0.03181661452,0.4211,-0.02339181287,0.2781954887,NULL,NULL,NULL,0.6667,0.1333333333,-0.06666666667,"Nashville, TN",34980,2025-08-01 14:37:32.7980000 +00:00,10342
2015-03-01,2015-05-31,90,neighborhood,1,550176,0,"Casas Adobes, AZ - Gatewood",Casas Adobes,Arizona,AZ,All Residential,-1,135000.0000,0.1440677966,0.07784431138,154000.0000,0.01315789474,0.02735156771,106.3974,0.02001530521,0.05300935807,104.9761,-0.04824660786,-0.06438875633,8,0.0000,3.0000,8,-0.2000,0.0000,9,0.1250,0.8000,8,0.1428571429,0.1429,NULL,NULL,NULL,58.0000,-13.5,-14.0000,0.9884,0.002293577982,0.03610910373,0.2500,0,0.25,NULL,NULL,NULL,0.6250,0.225,0.25,"Tucson, AZ",46060,2025-08-01 14:37:32.7980000 +00:00,10343
2022-02-01,2022-04-30,90,neighborhood,1,551346,0,"Port Allen, LA - Cohn",Port Allen,Louisiana,LA,All Residential,-1,15750.0000,9.5,-0.925,1150.0000,0,-0.9933333333,12.4534,8.29025923,-0.867282011,1.1500,0,-0.9857007317,6,1.0000,1.0000,6,0.5000,0.5000,NULL,NULL,NULL,NULL,NULL,NULL,NULL,NULL,NULL,60.5000,19.5,-137.5000,0.8833,-0.06909902455,-0.1252262968,0.0000,0,-0.3333333333,NULL,NULL,NULL,0.1667,-0.08333333333,-0.3333333333,"Baton Rouge, LA",12940,2025-08-01 14:37:32.7980000 +00:00,10344
2016-04-01,2016-06-30,90,neighborhood,1,763492,0,"Indian Field, CT - Millbrook",Indian Field,Connecticut,CT,Single Family Residential,6,1125000.0000,-0.3635077793,-0.5982142857,2395000.0000,0,0.06681514477,515.7929,0.1344602406,-0.152810207,590.5161,-0.04681320449,0.1112567719,4,0.0000,3.0000,4,0.0000,3.0000,4,-0.3333,0.0000,6,-0.4,-0.2500,NULL,NULL,NULL,150.0000,33.5,74.0000,1.0612,0.07692208603,-0.005473073071,0.7500,0.5,-0.25,NULL,NULL,NULL,0.0000,0,0,"Bridgeport, CT",14860,2025-08-01 14:37:32.7980000 +00:00,10345
2015-12-01,2016-02-29,90,neighborhood,1,143447,0,"Plant City, FL - Improvement League of Plant City",Plant City,Florida,FL,Condo/Co-op,3,125000.0000,0.213592233,0.04166666667,151200.0000,0,-0.06925207756,96.4342,0.189878072,0.4337688815,101.5486,0,0.01146556795,6,0.5000,0.2000,7,-0.1250,-0.1250,4,0.0000,-0.5556,3,-0.4,-0.5714,NULL,NULL,NULL,111.0000,7.5,83.0000,0.9639,0.003386912945,-0.01672586022,0.0000,0,-0.4,NULL,NULL,NULL,0.1429,0.01785714286,-0.3571428571,"Tampa, FL",45300,2025-08-01 14:37:32.7980000 +00:00,10346
2017-01-01,2017-03-31,90,neighborhood,1,178890,0,"Covington, LA - West 20s",Covington,Louisiana,LA,Single Family Residential,6,307950.0000,0.6645945946,1.177864215,149000.0000,-0.311778291,-0.06289308176,153.0791,0.2614851433,0.6728362449,94.5475,-0.2576374349,-0.2626733833,2,-0.6000,-0.6667,3,0.5000,-0.5000,4,1.0000,-0.2000,7,0.4,0.1667,NULL,NULL,NULL,239.5000,126.5,-1513.5000,0.9921,0.02781385281,0.007260786333,0.0000,0,-0.3333333333,NULL,NULL,NULL,0.0000,0,-0.1666666667,"New Orleans, LA",35380,2025-08-01 14:37:32.7980000 +00:00,10347
2016-04-01,2016-06-30,90,neighborhood,1,170766,0,"Fort Worth, TX - Stop 6",Fort Worth,Texas,TX,Single Family Residential,6,79900.0000,0.4674012856,NULL,59650.0000,0.004208754209,NULL,56.7073,0.2245882237,NULL,61.2166,0.08211090044,NULL,5,0.2500,NULL,6,0.2000,NULL,6,0.2000,NULL,3,0.5,NULL,NULL,NULL,NULL,13.0000,-39,NULL,1.0263,-0.000316454122,NULL,0.6000,0.1,NULL,NULL,NULL,NULL,0.5000,0.1,NULL,"Fort Worth, TX",23104,2025-08-01 14:37:32.7980000 +00:00,10348
2016-04-01,2016-06-30,90,neighborhood,1,416914,0,"Englewood, FL - Englewood Gardens North",Englewood,Florida,FL,All Residential,-1,430000.0000,0.2303290415,0.4333333333,324450.0000,0,-0.3808206107,182.1836,0.01360318514,0.3208047176,177.8989,0.07381237548,0.01198913017,5,-0.1667,0.2500,6,-0.1429,0.0000,4,0.0000,-0.2000,10,0,0.0000,NULL,NULL,NULL,93.0000,5.5,-21.5000,0.9409,0.0008601795091,0.08367884683,0.0000,0,0,NULL,NULL,NULL,0.1667,0.02380952381,0,"North Port, FL",35840,2025-08-01 14:37:32.7980000 +00:00,10349
2017-11-01,2018-01-31,90,neighborhood,1,761029,0,"Laredo, TX - Las Lomas",Laredo,Texas,TX,All Residential,-1,284500.0000,0,0.9620689655,187000.0000,-0.32,0.4782608696,287.0816,0,2.452899085,124.2045,0.6041996182,0.5009251723,2,0.0000,-0.3333,2,0.0000,-0.3333,4,0.3333,1.0000,6,0.2,2.0000,NULL,NULL,NULL,68.5000,0,-10.5000,NULL,NULL,NULL,0.0000,0,0,NULL,NULL,NULL,0.0000,0,0,"Laredo, TX",29700,2025-08-01 14:37:32.7980000 +00:00,10350
2014-06-01,2014-08-31,90,neighborhood,1,766988,0,"Port Hueneme, CA - Ventura West",Port Hueneme,California,CA,All Residential,-1,415000.0000,0,-0.03488372093,367000.0000,0,-0.03166226913,233.2771,0,-0.001790919905,309.9824,-0.1264249221,0.3871455139,1,0.0000,-0.6667,5,4.0000,0.6667,4,0.0000,-0.2000,3,-0.5714285714,0.5000,NULL,NULL,NULL,NULL,NULL,NULL,0.9905,0,-0.08839350551,0.0000,0,-0.6666666667,NULL,NULL,NULL,0.0000,0,-0.6666666667,"Oxnard, CA",37100,2025-08-01 14:37:32.7980000 +00:00,10351
2019-07-01,2019-09-30,90,neighborhood,1,761982,0,"Winston-Salem, NC - Summerfield",Winston-Salem,North Carolina,NC,Single Family Residential,6,292000.0000,-0.05194805195,0.1123809524,334900.0000,0,0.1730297723,111.4929,0.007172224653,0.01596610847,126.8284,0.1387664172,0.1509002383,1,-0.5000,0.0000,2,1.0000,1.0000,3,0.0000,-0.2500,3,0.5,-0.2500,NULL,NULL,NULL,22.0000,9.5,-21.0000,1.0174,0.01024926293,0.02685556505,1.0000,0.5,1,NULL,NULL,NULL,0.0000,-1,0,"Winston-Salem, NC",49180,2025-08-01 14:37:32.7980000 +00:00,10352
2022-10-01,2022-12-31,90,neighborhood,1,39624,0,"Lodi, CA - North Lodi",Lodi,California,CA,Multi-Family (2-4 Unit),4,475000.0000,0,NULL,480000.0000,0,NULL,210.0840,0,NULL,307.6408,0,NULL,1,0.0000,NULL,2,0.0000,NULL,3,0.0000,NULL,1,0,NULL,NULL,NULL,NULL,5.0000,0,NULL,0.9896,0,NULL,0.0000,0,NULL,NULL,NULL,NULL,1.0000,0,NULL,"Stockton, CA",44700,2025-08-01 14:37:32.7980000 +00:00,10353
2012-03-01,2012-05-31,90,neighborhood,1,765912,0,"Denver, CO - Southeast Denver",Denver,Colorado,CO,Single Family Residential,6,319000.0000,-0.01085271318,0.7431693989,322000.0000,0.1298642058,0.07351225204,118.3507,-0.01386762367,0.1192935964,123.1481,-0.00296088912,0.02868678046,109,0.3457,0.8167,123,0.1827,0.8358,118,0.1919,0.1238,81,-0.1195652174,-0.3817,NULL,NULL,NULL,84.0000,-7.5,-33.5000,0.9724,-0.003127178796,0.003894690928,0.1743,-0.01087325858,0.07431192661,NULL,NULL,NULL,0.2520,0.02126328956,0.07292804271,"Denver, CO",19740,2025-08-01 14:37:32.7980000 +00:00,10354
2014-11-01,2015-01-31,90,neighborhood,1,63920,0,"Glenview, IL - Indian Ridge",Glenview,Illinois,IL,All Residential,-1,573750.0000,-0.1832740214,-0.09489877853,669000.0000,0.1168614357,-0.1471731787,222.1657,0.07525017489,-0.0781042211,242.2873,-0.009008658499,0.1180390082,2,-0.6000,-0.5000,2,0.0000,-0.6000,4,0.3333,0.0000,4,0,0.3333,NULL,NULL,NULL,5.5000,-46.5,-90.5000,0.9432,-0.02230837219,-0.0282351679,0.0000,0,-0.25,NULL,NULL,NULL,0.5000,0,0.1,"Chicago, IL",16984,2025-08-01 14:37:32.7980000 +00:00,10355
2019-01-01,2019-03-31,90,neighborhood,1,764346,0,"Colonial Heights, VA - Fort Clifton",Colonial Heights,Virginia,VA,All Residential,-1,220000.0000,0.02923976608,0.1458333333,192450.0000,-0.04939491232,-0.03533834586,104.6597,-0.01283883664,0.0504026654,119.2606,-0.02201610422,0.05892827565,21,0.1667,0.6154,22,0.1000,0.4667,16,0.0000,-0.1579,8,-0.2727272727,-0.4667,NULL,NULL,NULL,48.0000,-3.5,25.0000,0.9881,0.01017958191,0.0224353468,0.1905,0.07936507937,-0.1172161172,NULL,NULL,NULL,0.3182,0.06818181818,-0.1484848485,"Richmond, VA",40060,2025-08-01 14:37:32.7980000 +00:00,10356
2017-09-01,2017-11-30,90,neighborhood,1,56382,0,"Miramar, FL - Riviera Isles",Miramar,Florida,FL,Single Family Residential,6,450000.0000,-0.03017241379,0.07869176263,458900.0000,-0.006602446152,0.003061205531,185.2767,0.09058443053,0.1365461486,179.8411,0.02588892964,0.09229253463,16,0.1429,-0.2727,24,0.0000,0.0000,21,-0.1250,-0.1923,21,-0.08695652174,-0.3438,NULL,NULL,NULL,77.5000,-25.5,23.5000,0.9828,-0.001890083986,0.008575081567,0.2500,0.1785714286,0.2045454545,NULL,NULL,NULL,0.1667,0.08333333333,0.125,"Fort Lauderdale, FL",22744,2025-08-01 14:37:32.7980000 +00:00,10357
2016-02-01,2016-04-30,90,neighborhood,1,764633,0,"Tuscaloosa, AL - Downtown Tuscaloosa",Tuscaloosa,Alabama,AL,Townhouse,13,297000.0000,0,NULL,NULL,NULL,NULL,210.6383,0,NULL,NULL,NULL,NULL,1,0.0000,NULL,1,0.0000,NULL,NULL,NULL,NULL,NULL,NULL,NULL,NULL,NULL,NULL,203.0000,0,NULL,0.9950,0,NULL,0.0000,0,NULL,NULL,NULL,NULL,0.0000,0,NULL,"Tuscaloosa, AL",46220,2025-08-01 14:37:32.7980000 +00:00,10358
2022-02-01,2022-04-30,90,neighborhood,1,193196,0,"Manchester, NH - Northeast Bedford",Manchester,New Hampshire,NH,All Residential,-1,382500.0000,0.006578947368,0.0595567867,384900.0000,0.05452054795,0.1843076923,240.2863,0.04037208881,0.007545307101,240.4833,0.02257663811,0.0608464563,10,0.0000,1.0000,5,-0.5833,-0.5455,8,-0.3846,-0.3846,4,0,0.0000,NULL,NULL,NULL,15.0000,0,7.0000,1.0640,-0.01645577287,0.02851313178,0.9000,-0.1,0.5,NULL,NULL,NULL,1.0000,0,0,"Manchester, NH",31700,2025-08-01 14:37:32.7980000 +00:00,10359
2021-10-01,2021-12-31,90,neighborhood,1,124760,0,"New York, NY - Queensboro Hill",New York,New York,NY,Multi-Family (2-4 Unit),4,1230000.0000,-0.01006036217,0.1964980545,1539500.0000,0.1091498559,0.1155797101,NULL,NULL,NULL,736.1111,NULL,NULL,12,-0.1429,0.7143,9,0.2857,0.0000,12,0.0909,0.7143,10,-0.2307692308,-0.0909,NULL,NULL,NULL,51.5000,22.5,-47.5000,0.9448,0.003977733548,0.03397896407,0.1667,0.02380952381,0.1666666667,NULL,NULL,NULL,0.2222,-0.06349206349,0.1111111111,"New York, NY",35614,2025-08-01 14:37:32.7980000 +00:00,10360
2018-12-01,2019-02-28,90,neighborhood,1,766348,0,"Cupertino, CA - Jollyman",Cupertino,California,CA,All Residential,-1,1665000.0000,-0.1539634146,-0.2397260274,1998000.0000,0.2488374186,0.1174496644,1150.0261,0,-0.09721409409,1207.8652,-0.0400097704,0.1024679167,5,0.0000,0.0000,4,-0.2000,0.0000,5,0.0000,0.0000,4,1,NULL,NULL,NULL,NULL,82.0000,17,72.0000,0.9980,-0.0291136617,-0.198509291,0.4000,0,-0.6,NULL,NULL,NULL,0.2500,0.05,-0.5,"San Jose, CA",41940,2025-08-01 14:37:32.7980000 +00:00,10361
2020-02-01,2020-04-30,90,neighborhood,1,347298,0,"Baton Rouge, LA - Eden Park",Baton Rouge,Louisiana,LA,All Residential,-1,18500.0000,0.1212121212,-0.4861111111,40000.0000,0.95599022,0.1428571429,24.6667,0.4650505051,-0.2748952816,47.0588,0.977750309,-0.01960784314,3,0.0000,0.5000,3,-0.2500,2.0000,NULL,NULL,NULL,NULL,NULL,NULL,NULL,NULL,NULL,73.0000,0,13.5000,0.9180,0,0.2042159981,0.0000,0,0,NULL,NULL,NULL,0.0000,0,0,"Baton Rouge, LA",12940,2025-08-01 14:37:32.7980000 +00:00,10362
2020-01-01,2020-03-31,90,neighborhood,1,364898,0,"Pasadena, TX - Breezy Side",Pasadena,Texas,TX,All Residential,-1,61000.0000,NULL,NULL,NULL,NULL,NULL,43.9481,NULL,NULL,NULL,NULL,NULL,1,0.0000,NULL,1,NULL,NULL,NULL,NULL,NULL,NULL,NULL,NULL,NULL,NULL,NULL,113.0000,NULL,NULL,0.8243,NULL,NULL,0.0000,NULL,NULL,NULL,NULL,NULL,0.0000,NULL,NULL,"Houston, TX",26420,2025-08-01 14:37:32.7980000 +00:00,10363
2024-03-01,2024-05-31,90,neighborhood,1,414,0,"Fremont, CA - Centerville",Fremont,California,CA,Single Family Residential,6,1640000.0000,-0.006361708573,0.2862745098,1425000.0000,-0.0252704618,0.1876108437,842.8359,-0.07849942158,-0.005949429846,944.4845,-0.008856496555,0.02547838881,15,0.6667,0.6667,15,0.5000,0.5000,17,0.4167,0.8889,6,2,2.0000,NULL,NULL,NULL,10.0000,1,2.0000,1.0648,0.0076687484,0.02767727224,0.8667,0.08888888889,0.2,NULL,NULL,NULL,0.3333,-0.06666666667,0.1333333333,"Oakland, CA",36084,2025-08-01 14:37:32.7980000 +00:00,10364
2018-06-01,2018-08-31,90,neighborhood,1,763363,0,"Bullhead City, AZ - Riviera Estates",Bullhead City,Arizona,AZ,Single Family Residential,6,307500.0000,NULL,NULL,169000.0000,NULL,NULL,96.4252,NULL,NULL,83.7463,NULL,NULL,1,0.0000,NULL,1,NULL,NULL,1,NULL,NULL,1,NULL,NULL,NULL,NULL,NULL,357.0000,NULL,NULL,0.9321,NULL,NULL,0.0000,NULL,NULL,NULL,NULL,NULL,0.0000,NULL,NULL,"Lake Havasu City, AZ",29420,2025-08-01 14:37:32.7980000 +00:00,10365
2018-02-01,2018-04-30,90,neighborhood,1,116435,0,"Los Angeles, CA - Granada Hills South",Los Angeles,California,CA,All Residential,-1,580000.0000,0,0.06617647059,605000.0000,0.009175153607,0.1,377.0338,0.07610547018,0.1039471696,360.9160,-0.02110265161,0.01187194822,39,-0.0930,-0.4429,60,0.2766,-0.2000,70,0.2963,-0.1765,48,0.5,0.0435,NULL,NULL,NULL,29.5000,-10.5,-17.5000,0.9960,-0.004836372787,-0.01037463946,0.4872,-0.001192605844,0.04432234432,NULL,NULL,NULL,0.5500,-0.003191489362,0.01666666667,"Los Angeles, CA",31084,2025-08-01 14:37:32.7980000 +00:00,10366
2021-10-01,2021-12-31,90,neighborhood,1,496856,0,"Santa Clara, CA - Santa Clara Southeast",Santa Clara,California,CA,Townhouse,13,1195000.0000,0,0.05799026118,1255000.0000,0,0.1674418605,741.9669,0.09642820455,0.1620429262,731.3329,-0.01456480987,0.09794617533,6,2.0000,-0.2500,6,0.0000,-0.2500,9,0.2857,0.1250,1,0,-0.7500,NULL,NULL,NULL,11.0000,-5,-33.5000,1.0226,0.007932037726,0.02449333762,0.5000,0,0.25,NULL,NULL,NULL,0.6667,0,0.2916666667,"San Jose, CA",41940,2025-08-01 14:37:32.7980000 +00:00,10367
2021-04-01,2021-06-30,90,neighborhood,1,638833,0,"Ashland, OR - Skidmore Academy Historic District",Ashland,Oregon,OR,Condo/Co-op,3,397000.0000,NULL,NULL,329000.0000,NULL,NULL,312.2716,NULL,NULL,262.0798,NULL,NULL,2,0.0000,NULL,3,NULL,NULL,3,NULL,NULL,2,NULL,NULL,NULL,NULL,NULL,6.0000,NULL,NULL,1.0225,NULL,NULL,0.5000,NULL,NULL,NULL,NULL,NULL,1.0000,NULL,NULL,"Medford, OR",32780,2025-08-01 14:37:32.7980000 +00:00,10368
2024-07-01,2024-09-30,90,neighborhood,1,555817,0,"Bainbridge Island, WA - Manitou Beach",Bainbridge Island,Washington,WA,Single Family Residential,6,2800000.0000,0.2147505423,2.027027027,1700000.0000,0,0.5625,1393.0348,0.4480744578,1.343310475,449.1413,0,-0.02245706737,1,-0.5000,-0.6667,NULL,NULL,NULL,1,0.0000,-0.8000,3,0,2.0000,NULL,NULL,NULL,32.0000,12.5,26.0000,0.9183,-0.045011333,-0.1746759862,0.0000,-0.5,-1,NULL,NULL,NULL,NULL,NULL,NULL,"Bremerton, WA",14740,2025-08-01 14:37:32.7980000 +00:00,10369
2016-12-01,2017-02-28,90,neighborhood,1,109205,0,"El Sobrante, CA - El Sobrante Manor",El Sobrante,California,CA,All Residential,-1,475000.0000,-0.08653846154,0.1216056671,459925.0000,-0.06987208656,0.1643670886,354.8387,0.09330917562,0.0041616316,351.7703,0.1187234822,0.01167354241,3,-0.2500,-0.5000,2,-0.3333,-0.5000,2,0.0000,-0.6000,1,0,-0.5000,NULL,NULL,NULL,10.0000,-2.5,-6.5000,1.0637,0.02954413372,0.04380170772,1.0000,0,0.5,NULL,NULL,NULL,0.5000,-0.5,0.25,"Oakland, CA",36084,2025-08-01 14:37:32.7980000 +00:00,10370
2024-11-01,2025-01-31,90,neighborhood,1,115711,0,"Pasadena, CA - Sierra Madre Villa",Pasadena,California,CA,All Residential,-1,1310000.0000,-0.1850699844,-0.6202898551,NULL,NULL,NULL,889.3415,-0.1503837769,0.04539058154,NULL,NULL,NULL,1,-0.5000,-0.5000,1,NULL,-0.5000,NULL,NULL,NULL,1,-0.5,-0.5000,NULL,NULL,NULL,NULL,NULL,NULL,0.7751,-0.176035503,-0.28831989,0.0000,-0.5,-1,NULL,NULL,NULL,0.0000,NULL,-0.5,"Los Angeles, CA",31084,2025-08-01 14:37:32.7980000 +00:00,10371
2023-02-01,2023-04-30,90,neighborhood,1,161426,0,"Memphis, TN - Mallory Heights",Memphis,Tennessee,TN,Single Family Residential,6,75500.0000,0.3727272727,0.3752276867,59900.0000,-0.09516616314,-0.1059701493,62.3499,0.3948571429,0.2240784779,53.6239,0.05206777494,-0.2879209379,6,0.2000,0.2000,8,0.3333,0.0000,11,0.3750,0.0000,12,0.09090909091,-0.0769,NULL,NULL,NULL,67.0000,-77,57.0000,0.9033,0.002373469926,-0.04376090151,0.1667,0.1666666667,-0.03333333333,NULL,NULL,NULL,0.5000,0.1666666667,-0.125,"Memphis, TN",32820,2025-08-01 14:37:32.7980000 +00:00,10372
2017-05-01,2017-07-31,90,neighborhood,1,764015,0,"Wichita, KS - Woodlawn Village",Wichita,Kansas,KS,Single Family Residential,6,259900.0000,0.1399122807,0.4048648649,225000.0000,-0.09963985594,0.257334451,84.2441,-0.002681502453,-0.06785063752,88.1765,-0.08324045026,-0.05478622755,9,0.0000,0.0000,9,0.0000,0.0000,7,-0.3000,-0.4167,6,-0.1428571429,-0.3333,NULL,NULL,NULL,50.0000,-12,-17.0000,0.9755,0.001526251526,0.003518132845,0.1111,0,-0.1111111111,NULL,NULL,NULL,0.0000,0,0,"Wichita, KS",48620,2025-08-01 14:37:32.7980000 +00:00,10373
2022-09-01,2022-11-30,90,neighborhood,1,572813,0,"Fort Walton Beach, FL - Oakland",Fort Walton Beach,Florida,FL,Single Family Residential,6,265000.0000,0,-0.04676258993,300000.0000,-0.02104588195,0.1538905343,147.0588,-0.1590701283,-0.2449832711,200.8393,-0.04174957753,0.09486125385,7,0.4000,-0.7083,11,0.3750,-0.4211,13,0.3000,-0.2353,6,0.5,1.0000,NULL,NULL,NULL,38.0000,28,18.0000,0.9747,-0.03078206328,-0.03533542879,0.4286,-0.1714285714,0.05357142857,NULL,NULL,NULL,0.6364,0.01136363636,0.4784688995,"Crestview, FL",18880,2025-08-01 14:37:32.7980000 +00:00,10374
2022-03-01,2022-05-31,90,neighborhood,1,112296,0,"San Leandro, CA - Bonaire",San Leandro,California,CA,Single Family Residential,6,985000.0000,0.08241758242,0.005102040816,848444.0000,-0.001176652714,0.1322021685,823.2803,0.01383728965,0.2881073666,732.0566,0,0.1526683482,8,0.1429,-0.1111,9,-0.1000,-0.1000,8,0.0000,-0.2000,1,NULL,0.0000,NULL,NULL,NULL,6.0000,-1,-1.0000,1.1433,0.03034465813,0.003094165497,0.8750,0.1607142857,-0.01388888889,NULL,NULL,NULL,0.5556,-0.04444444444,-0.4444444444,"Oakland, CA",36084,2025-08-01 14:37:32.7980000 +00:00,10375
2022-11-01,2023-01-31,90,neighborhood,1,351344,0,"Cuyahoga Falls, OH - Heslop Morningview",Cuyahoga Falls,Ohio,OH,Single Family Residential,6,177500.0000,0.01428571429,0.173553719,199999.0000,-0.09050022738,0.3793034483,131.2500,0.02349759615,0.04433663311,137.4375,-0.03848945783,0.0615862069,8,-0.2727,-0.3333,7,-0.1250,-0.1250,7,-0.2222,0.4000,1,-0.6666666667,NULL,NULL,NULL,NULL,12.5000,5.5,-18.5000,0.9784,0.005992233589,-0.009241639364,0.3750,0.01136363636,0.04166666667,NULL,NULL,NULL,0.8571,0.1071428571,0.3571428571,"Akron, OH",10420,2025-08-01 14:37:32.7980000 +00:00,10376
2013-07-01,2013-09-30,90,neighborhood,1,547629,0,"Millville, MA - Millville Center",Millville,Massachusetts,MA,All Residential,-1,80000.0000,0.25,-0.1208791209,144900.0000,0.0171990172,0.3184713376,20.7900,-0.7212837838,-0.6964059012,74.7036,0.01521933751,-0.120612677,1,0.0000,-0.5000,2,0.0000,-0.5000,7,0.7500,0.1667,8,0.6,0.3333,NULL,NULL,NULL,111.0000,59,-310.0000,0.5718,-0.2814963069,-0.310804966,0.0000,0,0,NULL,NULL,NULL,0.0000,0,-0.25,"Worcester, MA",49340,2025-08-01 14:37:32.7980000 +00:00,10377
2015-12-01,2016-02-29,90,neighborhood,1,2952,0,"Arlington, VA - Waycroft-Woodlawn",Arlington,Virginia,VA,All Residential,-1,794500.0000,0.07364864865,-0.1047887324,925000.0000,-0.2093341311,0.1011904762,412.5250,-0.1169734839,-0.1818074292,420.4545,-0.05019461757,0.2358815427,6,-0.1429,0.0000,8,0.0000,0.1429,3,0.0000,-0.6667,2,-0.3333333333,-0.3333,NULL,NULL,NULL,36.0000,12.5,-42.0000,0.9888,0.00248437916,-0.02230886763,0.0000,-0.1428571429,-0.6666666667,NULL,NULL,NULL,0.1250,-0.125,-0.3035714286,"Washington, DC",47894,2025-08-01 14:37:32.7980000 +00:00,10378
2021-01-01,2021-03-31,90,neighborhood,1,760714,0,"Springfield, MO - West Central",Springfield,Missouri,MO,All Residential,-1,79900.0000,0.05131578947,0.06889632107,87900.0000,-0.03881902679,0.2132505176,76.5849,0.02200283367,0.1845126108,79.2659,0.01720239467,0.3160595502,21,-0.2222,-0.1600,21,-0.2222,-0.1600,13,0.0833,-0.5938,10,0,-0.8148,NULL,NULL,NULL,69.0000,19,-9.0000,NULL,NULL,NULL,0.0000,0,0,NULL,NULL,NULL,0.0000,0,0,"Springfield, MO",44180,2025-08-01 14:37:32.7980000 +00:00,10379
2024-09-01,2024-11-30,90,neighborhood,1,765940,0,"Lake Charles, LA - Cottage Shop District",Lake Charles,Louisiana,LA,Single Family Residential,6,125000.0000,0,NULL,125000.0000,0,NULL,122.6693,0,NULL,122.6693,0,NULL,3,0.0000,NULL,1,0.0000,NULL,1,0.0000,NULL,1,-0.5,NULL,NULL,NULL,NULL,34.5000,0,NULL,0.7519,0,NULL,0.0000,0,NULL,NULL,NULL,NULL,1.0000,0,NULL,"Lake Charles, LA",29340,2025-08-01 14:37:32.7980000 +00:00,10380
2019-01-01,2019-03-31,90,neighborhood,1,40922,0,"Los Gatos, CA - Almond Grove Historic District",Los Gatos,California,CA,Single Family Residential,6,2537500.0000,-0.1434599156,0.1340782123,3248999.0000,0,0.6261256256,1066.4245,-0.04228926084,-0.1803025339,1150.4954,0,-0.099140397,2,0.0000,0.0000,2,0.0000,-0.3333,1,0.0000,-0.6667,NULL,NULL,NULL,NULL,NULL,NULL,29.0000,NULL,-11.0000,0.9968,0.004016122272,0.01095779999,0.5000,0,0.5,NULL,NULL,NULL,0.0000,0,-0.6666666667,"San Jose, CA",41940,2025-08-01 14:37:32.7980000 +00:00,10381
2024-01-01,2024-03-31,90,neighborhood,1,208974,0,"New York, NY - Cypress Hills",New York,New York,NY,All Residential,-1,845000.0000,0.1009771987,0.1342281879,993500.0000,0.0810663765,0.184147795,338.7595,0,-0.1182971769,420.6099,0.03049421661,-0.06090204444,16,-0.1111,0.1429,14,-0.2222,-0.5484,30,-0.0323,-0.2683,43,0.02380952381,0.0750,NULL,NULL,NULL,117.0000,17,35.5000,0.9749,-0.005717881203,0.01295552493,0.1250,0.01388888889,0.05357142857,NULL,NULL,NULL,0.0714,0.01587301587,-0.02534562212,"New York, NY",35614,2025-08-01 14:37:32.7980000 +00:00,10382
2021-05-01,2021-07-31,90,neighborhood,1,182251,0,"Baltimore, MD - Allendale",Baltimore,Maryland,MD,Townhouse,13,119000.0000,0.03930131004,-0.02298850575,119500.0000,0.1961961962,0.731884058,88.8239,0.01568294263,-0.02000782559,85.9767,0.004177578586,0.7398474861,18,-0.1000,0.5000,11,-0.4211,-0.4762,12,-0.2000,0.0000,6,0,-0.1429,NULL,NULL,NULL,35.0000,1,17.5000,1.1017,0.002076734978,0.1258002591,0.4444,-0.005555555556,0.1944444444,NULL,NULL,NULL,0.2727,-0.3062200957,0.03463203463,"Baltimore, MD",12580,2025-08-01 14:37:32.7980000 +00:00,10383
2021-12-01,2022-02-28,90,neighborhood,1,168429,0,"San Antonio, TX - Vance Jackson",San Antonio,Texas,TX,Townhouse,13,192000.0000,0.4392803598,0.1925465839,199450.0000,0,0.2544025157,157.3113,0,0.6033623122,143.9358,0,0.2396099461,3,2.0000,0.5000,4,0.3333,0.0000,4,0.0000,0.3333,1,0,-0.5000,NULL,NULL,NULL,14.0000,0,-130.0000,1.0244,-0.02186908401,0.09064980864,0.6667,-0.3333333333,0.6666666667,NULL,NULL,NULL,1.0000,0,0.5,"San Antonio, TX",41700,2025-08-01 14:37:32.7980000 +00:00,10384
2018-06-01,2018-08-31,90,neighborhood,1,118363,0,"San Bernardino, CA - California Gardens",San Bernardino,California,CA,All Residential,-1,250000.0000,0.0101010101,0.03092783505,255000.0000,0.009900990099,0.05176325015,227.2727,-0.04507998061,-0.04288491521,225.0923,0.08060626622,-0.07335710626,5,-0.1667,1.5000,9,0.8000,2.0000,11,0.8333,0.3750,6,1,0.0000,NULL,NULL,NULL,14.0000,-1.5,3.5000,1.0535,0.009160406561,0.0714596286,0.6000,-0.06666666667,0.1,NULL,NULL,NULL,0.5556,-0.04444444444,-0.1111111111,"Riverside, CA",40140,2025-08-01 14:37:32.7980000 +00:00,10385
2019-07-01,2019-09-30,90,neighborhood,1,403010,0,"Norfolk, VA - Northside",Norfolk,Virginia,VA,All Residential,-1,232000.0000,0.06129917658,0.05454545455,250000.0000,0.0460251046,0.1496895838,143.7448,0.2030459372,0.09124570712,142.3043,-0.009497193207,0.1559701862,12,0.3333,-0.0769,11,-0.1538,-0.3529,11,0.2222,-0.0833,10,0.4285714286,-0.4118,NULL,NULL,NULL,33.5000,-21.5,-5.5000,0.9879,0.02498459649,0.006030040123,0.1667,0.05555555556,-0.141025641,NULL,NULL,NULL,0.1818,0.02797202797,0.1818181818,"Virginia Beach, VA",47260,2025-08-01 14:37:32.7980000 +00:00,10386
2013-09-01,2013-11-30,90,neighborhood,1,209961,0,"Pelican Bay, FL - North Naples",Pelican Bay,Florida,FL,Single Family Residential,6,340000.0000,-0.1225806452,NULL,459900.0000,0.04760820046,NULL,185.6463,-0.03814208632,NULL,217.5453,0.07924064871,NULL,223,-0.0176,NULL,212,-0.0140,NULL,267,0.2081,NULL,430,0.09137055838,NULL,NULL,NULL,NULL,152.0000,-14.5,NULL,0.9502,0.001436483231,NULL,0.0807,0.02785405267,NULL,NULL,NULL,NULL,0.0000,-0.004651162791,NULL,"Naples, FL",34940,2025-08-01 14:37:32.7980000 +00:00,10387
2023-06-01,2023-08-31,90,neighborhood,1,149208,0,"Smyrna, GA - Smyrna Heights",Smyrna,Georgia,GA,Single Family Residential,6,465000.0000,0.08139534884,0.3636363636,394450.0000,-0.07177314978,-0.05520958084,304.5211,-0.08643677727,0.0221515654,259.6929,-0.1155313582,-0.1612117798,8,-0.1111,0.0000,8,-0.1111,0.3333,14,0.0000,0.4000,6,-0.25,0.2000,NULL,NULL,NULL,20.0000,8,-10.5000,1.0186,-0.02455825898,0.03917148818,0.6250,-0.2638888889,0.25,NULL,NULL,NULL,0.3750,-0.5138888889,-0.125,"Atlanta, GA",12060,2025-08-01 14:37:32.7980000 +00:00,10388
2021-04-01,2021-06-30,90,neighborhood,1,554671,0,"St. Louis, MO - Ward 26",St. Louis,Missouri,MO,All Residential,-1,179500.0000,-0.01074676219,0.1966666667,142500.0000,-0.1612713361,0.1538461538,125.1599,-0.002423176959,0.04363117274,144.0948,0.07159333082,0.4153910813,36,0.0000,0.6364,NULL,NULL,NULL,38,0.0270,-0.0952,22,0.2222222222,-0.2143,NULL,NULL,NULL,31.0000,-4.5,-6.5000,1.0147,-0.001548452574,-0.01075121682,0.3056,-0.05555555556,-0.01262626263,NULL,NULL,NULL,0.6667,0.07142857143,0.2380952381,"St. Louis, MO",41180,2025-08-01 14:37:32.7980000 +00:00,10389
2020-09-01,2020-11-30,90,neighborhood,1,348281,0,"Wilkinsburg, PA - Whitney Park",Wilkinsburg,Pennsylvania,PA,All Residential,-1,175000.0000,0.09375,-0.4852941176,244900.0000,0.2558974359,0.6436241611,141.0167,0.07078690808,0.212648812,136.0542,-0.07256759995,0.5879071829,5,0.0000,-0.1667,7,0.0000,0.7500,2,-0.6667,1.0000,5,-0.2857142857,1.5000,NULL,NULL,NULL,62.0000,7,-95.0000,0.9706,0,0.01783008612,0.0000,0,0,NULL,NULL,NULL,0.2857,0,0.03571428571,"Pittsburgh, PA",38300,2025-08-01 14:37:32.7980000 +00:00,10390
2012-08-01,2012-10-31,90,neighborhood,1,535288,0,"Milltown, NJ - Maple Mead-Red Lion",Milltown,New Jersey,NJ,All Residential,-1,290000.0000,0.380952381,0.380952381,184900.0000,-0.1298823529,-0.2719039181,142.5081,-0.04994571118,-0.06916271839,154.8043,0.005335583872,-0.04245343809,24,-0.3143,0.8462,22,-0.2667,0.6923,14,0.0000,-0.2222,29,-0.09375,-0.3095,NULL,NULL,NULL,155.0000,12,8.0000,0.9504,0.01280570392,0.003024782901,0.0417,0.0130952381,0.04166666667,NULL,NULL,NULL,0.0000,0,0,"New Brunswick, NJ",35154,2025-08-01 14:37:32.7980000 +00:00,10391
2021-04-01,2021-06-30,90,neighborhood,1,306774,0,"Deer Park, IL - Barrington Trails",Deer Park,Illinois,IL,All Residential,-1,267500.0000,0.5285714286,NULL,350000.0000,0,NULL,144.8514,0.08762732919,NULL,152.1739,0,NULL,2,1.0000,NULL,1,-0.5000,NULL,1,0.0000,NULL,NULL,NULL,NULL,NULL,NULL,NULL,79.5000,-77.5,NULL,1.0143,0.01428571429,NULL,0.5000,0.5,NULL,NULL,NULL,NULL,1.0000,0.5,NULL,"Lake County, IL",29404,2025-08-01 14:37:32.7980000 +00:00,10392
2018-01-01,2018-03-31,90,neighborhood,1,166202,0,"Abram, TX - Abram-Perezville",Abram,Texas,TX,Single Family Residential,6,86500.0000,0.01169590643,-0.191588785,106500.0000,0.1932773109,-0.03181818182,66.6416,0.1270619093,0.001774141156,74.9732,0.01665181124,-0.1030475842,14,0.2727,1.8000,14,0.2727,1.8000,18,0.0000,-0.3793,32,-0.08571428571,-0.2195,NULL,NULL,NULL,160.5000,1.5,-131.5000,0.9315,0.01207257655,0.01385119126,0.0714,-0.01948051948,0.07142857143,NULL,NULL,NULL,0.0000,0,0,"McAllen, TX",32580,2025-08-01 14:37:32.7980000 +00:00,10393
2021-03-01,2021-05-31,90,neighborhood,1,547848,0,"Orland Park, IL - Heritage",Orland Park,Illinois,IL,All Residential,-1,197000.0000,0.09444444444,0.4432234432,204900.0000,0,0.08012651555,146.0714,0.0602335945,0.2836580087,144.8650,-0.01019507719,0.07946514795,3,0.0000,-0.5000,2,-0.5000,-0.5000,3,2.0000,-0.2500,NULL,NULL,NULL,NULL,NULL,NULL,38.0000,-12,7.0000,0.9899,0.02055935877,0.02239346942,0.6667,0.3333333333,0.5,NULL,NULL,NULL,1.0000,0.75,0.75,"Chicago, IL",16984,2025-08-01 14:37:32.7980000 +00:00,10394
2023-05-01,2023-07-31,90,neighborhood,1,349761,0,"Harbour Heights, FL - Deep Creek",Harbour Heights,Florida,FL,All Residential,-1,389900.0000,-0.0002564102564,-0.06610778443,401700.0000,0.004501125281,-0.08590283309,205.2284,0.02925914861,-0.06900654511,208.3412,0.003925491389,-0.06768700335,96,-0.0857,-0.3239,107,0.0190,-0.2357,150,-0.0741,-0.0385,153,-0.01923076923,1.4286,NULL,NULL,NULL,35.0000,2.5,26.5000,0.9785,-0.002211824164,-0.02503351834,0.0521,-0.01458333333,-0.3352406103,NULL,NULL,NULL,0.2336,-0.06159323543,-0.3306408545,"Punta Gorda, FL",39460,2025-08-01 14:37:32.7980000 +00:00,10395
2016-01-01,2016-03-31,90,neighborhood,1,760650,0,"Wichita, KS - La Placita Park",Wichita,Kansas,KS,Single Family Residential,6,61000.0000,-0.2823529412,-0.4134615385,99950.0000,0.1435926773,0.1772673734,57.0104,-0.1066803729,-0.2079190924,70.7877,0.2551538723,0.2001259954,2,-0.3333,-0.5000,2,-0.3333,-0.5000,2,-0.5000,-0.7143,7,0,-0.1250,NULL,NULL,NULL,74.0000,12,31.5000,1.0087,-0.01450138026,0.01269462254,1.0000,0,0.75,NULL,NULL,NULL,0.0000,0,0,"Wichita, KS",48620,2025-08-01 14:37:32.7980000 +00:00,10396
2019-07-01,2019-09-30,90,neighborhood,1,496052,0,"New Smyrna Beach, FL - Central Beach",New Smyrna Beach,Florida,FL,Single Family Residential,6,442500.0000,0,0.1238095238,403700.0000,-0.03478780634,-0.0611627907,290.1388,-0.02232272885,0.01116736273,336.9851,-0.02388528817,0.1400539433,20,0.1111,0.1111,19,0.1176,-0.0500,8,-0.3333,-0.6800,13,-0.4583333333,-0.6486,NULL,NULL,NULL,126.0000,2,30.0000,0.9572,0.008242246384,0.003805695571,0.0500,0.05,-0.005555555556,NULL,NULL,NULL,0.0526,-0.1238390093,-0.1473684211,"Deltona, FL",19660,2025-08-01 14:37:32.7980000 +00:00,10397
2023-01-01,2023-03-31,90,neighborhood,1,182000,0,"Columbia, MD - Stevens Forest",Columbia,Maryland,MD,Condo/Co-op,3,170000.0000,-0.1370558376,0.09677419355,164900.0000,-0.07046223224,0.1275213675,219.3460,0.06110043016,0.1422775122,217.9837,0.02840697749,0.1531531532,3,2.0000,0.0000,4,0.3333,-0.2000,3,0.5000,-0.5000,1,-0.5,-0.7500,NULL,NULL,NULL,18.0000,-24,15.0000,0.9956,-0.01460839618,-0.006034690155,0.6667,-0.3333333333,0,NULL,NULL,NULL,0.7500,0.08333333333,-0.05,"Baltimore, MD",12580,2025-08-01 14:37:32.7980000 +00:00,10398
2021-02-01,2021-04-30,90,neighborhood,1,2659,0,"Thousand Oaks, CA - Sunset Hills",Thousand Oaks,California,CA,Single Family Residential,6,932500.0000,0.08936915888,0.1894132653,840000.0000,-0.02890117278,0.1390602753,449.6166,0.09987990659,0.1296193886,433.9418,-0.01609160466,0.1162142721,16,0.2308,-0.1111,23,0.4375,0.2778,28,0.2727,0.4000,9,0.2857142857,-0.4000,NULL,NULL,NULL,16.0000,-20,-22.0000,1.0277,0.01689795294,0.03127045222,0.6875,0.1490384615,0.1875,NULL,NULL,NULL,0.8261,-0.1114130435,0.4371980676,"Oxnard, CA",37100,2025-08-01 14:37:32.7980000 +00:00,10399
2015-10-01,2015-12-31,90,neighborhood,1,765290,0,"Rochester, MN - Northern Heights",Rochester,Minnesota,MN,Multi-Family (2-4 Unit),4,155000.0000,0.08572309158,NULL,159900.0000,0.142550911,NULL,101.4398,0.08831429112,NULL,104.6466,0.1451078686,NULL,1,-0.5000,NULL,1,-0.5000,NULL,1,-0.5000,NULL,NULL,NULL,NULL,NULL,NULL,NULL,1.0000,-12,NULL,0.9694,-0.0591720763,NULL,0.0000,-0.5,NULL,NULL,NULL,NULL,1.0000,0.5,NULL,"Rochester, MN",40340,2025-08-01 14:37:32.7980000 +00:00,10400
2015-09-01,2015-11-30,90,neighborhood,1,116591,0,"Fresno, CA - Central Fresno",Fresno,California,CA,Condo/Co-op,3,48369.0000,-0.1321533341,-0.1731794872,55000.0000,-0.12,-0.197080292,69.4957,-0.02481417927,-0.1362678571,63.0063,-0.1127703164,-0.1653568064,1,-0.5000,-0.6667,3,0.5000,2.0000,3,0.5000,-0.2500,1,0,-0.8333,NULL,NULL,NULL,43.0000,0.5,-16.0000,0.9126,-0.04488010101,-0.05612115292,0.0000,-0.5,-0.3333333333,NULL,NULL,NULL,0.0000,0,0,"Fresno, CA",23420,2025-08-01 14:37:32.7980000 +00:00,10401
2017-10-01,2017-12-31,90,neighborhood,1,54485,0,"Charlotte, NC - Freedom Park",Charlotte,North Carolina,NC,Single Family Residential,6,603500.0000,-0.1439716312,-0.1221818182,625000.0000,0.1425959781,0.01642543503,284.0189,0.01189060642,0.1649156711,250.8705,-0.1735990892,-0.141129609,10,-0.2308,0.0000,NULL,NULL,NULL,9,-0.2500,-0.3571,14,0,-0.4400,NULL,NULL,NULL,44.0000,-10,-21.0000,0.9633,0.0005156689918,-0.01699848325,0.2000,0.04615384615,0.1,NULL,NULL,NULL,0.4000,0,0.1333333333,"Charlotte, NC",16740,2025-08-01 14:37:32.7980000 +00:00,10402
2019-05-01,2019-07-31,90,neighborhood,1,550043,0,"North Kingstown, RI - North Quidnessett",North Kingstown,Rhode Island,RI,All Residential,-1,787500.0000,0.9662921348,0.8442622951,560000.0000,-0.06651108518,-0.05882352941,187.8383,0.1664706175,-0.06632532419,175.8794,-0.1235898529,-0.1942063257,2,0.0000,-0.7143,8,0.3333,0.3333,7,-0.1250,0.0000,6,-0.1428571429,-0.4545,NULL,NULL,NULL,33.0000,-5,-16.0000,1.0069,0.02124072825,0.04172055528,0.5000,0,0.3571428571,NULL,NULL,NULL,0.3750,-0.125,0.2083333333,"Providence, RI",39300,2025-08-01 14:37:32.7980000 +00:00,10403
2024-03-01,2024-05-31,90,neighborhood,1,169,0,"Los Angeles, CA - Bel Air-Beverly Crest",Los Angeles,California,CA,Single Family Residential,6,3300000.0000,-0.02941176471,0,3985000.0000,0.004410838059,0.05006587615,1129.3070,-0.01074999488,0.01096509463,1192.2710,0.0165795301,-0.01464959427,115,0.0748,0.0952,114,-0.0087,-0.0256,245,0.1779,0.3764,314,0.1849056604,0.2560,NULL,NULL,NULL,84.0000,-13,22.0000,0.9547,-0.003835860816,-0.002333395116,0.2348,0.01048354328,-0.02236024845,NULL,NULL,NULL,0.0965,-0.05133485889,-0.1000899685,"Los Angeles, CA",31084,2025-08-01 14:37:32.7980000 +00:00,10404
2022-05-01,2022-07-31,90,neighborhood,1,362810,0,"Coopersburg, PA - Coopersburg Historic District",Coopersburg,Pennsylvania,PA,Townhouse,13,247500.0000,0,0.2375,245000.0000,0,0.1672224869,155.8564,0,-0.002518891688,152.1548,0,-0.07213856367,1,0.0000,0.0000,2,1.0000,1.0000,2,0.0000,1.0000,NULL,NULL,NULL,NULL,NULL,NULL,7.0000,0,-18.0000,0.9900,0,0.03716531682,0.0000,0,0,NULL,NULL,NULL,0.5000,-0.5,0.5,"Allentown, PA",10900,2025-08-01 14:37:32.7980000 +00:00,10405
2017-07-01,2017-09-30,90,neighborhood,1,395580,0,"Lantana, FL - Downtown Lantana",Lantana,Florida,FL,All Residential,-1,160000.0000,0,-0.7519379845,300000.0000,0,-0.5555555556,214.4772,0,-0.2933890309,333.7041,0,0.05054999382,1,0.0000,0.0000,NULL,NULL,NULL,1,0.0000,0.0000,4,0,-0.4286,NULL,NULL,NULL,43.0000,0,-249.0000,0.8040,0,-0.08075356205,0.0000,0,0,NULL,NULL,NULL,NULL,NULL,NULL,"West Palm Beach, FL",48424,2025-08-01 14:37:32.7980000 +00:00,10406
